Region,Country,State,City,Month,Day,Year,AvgTemperature
Middle East,Turkey,,Ankara,1,9,2014,25.0
Middle East,Turkey,,Ankara,1,10,2014,25.3
Middle East,Turkey,,Ankara,1,11,2014,27.5
Middle East,Turkey,,Ankara,1,12,2014,29.2
Middle East,Turkey,,Ankara,1,13,2014,33.0
Middle East,Turkey,,Ankara,1,14,2014,28.0
Middle East,Turkey,,Ankara,1,15,2014,32.7
Middle East,Turkey,,Ankara,1,16,2014,34.8
Middle East,Turkey,,Ankara,1,17,2014,38.5
Middle East,Turkey,,Ankara,1,18,2014,37.4
Middle East,Turkey,,Ankara,1,19,2014,38.4
Middle East,Turkey,,Ankara,1,20,2014,36.5
Middle East,Turkey,,Ankara,1,21,2014,39.7
Middle East,Turkey,,Ankara,1,22,2014,37.6
Middle East,Turkey,,Ankara,1,23,2014,37.4
Middle East,Turkey,,Ankara,1,24,2014,39.5
Middle East,Turkey,,Ankara,1,25,2014,36.7
Middle East,Turkey,,Ankara,1,26,2014,40.3
Middle East,Turkey,,Ankara,1,27,2014,44.6
Middle East,Turkey,,Ankara,1,28,2014,41.1
Middle East,Turkey,,Ankara,1,29,2014,41.0
Middle East,Turkey,,Ankara,1,30,2014,37.3
Middle East,Turkey,,Ankara,1,31,2014,32.5
Middle East,Turkey,,Ankara,2,1,2014,29.6
Middle East,Turkey,,Ankara,2,2,2014,30.4
Middle East,Turkey,,Ankara,2,3,2014,30.9
Middle East,Turkey,,Ankara,2,4,2014,28.5
Middle East,Turkey,,Ankara,2,5,2014,29.4
Middle East,Turkey,,Ankara,2,6,2014,-99
Middle East,Turkey,,Ankara,2,7,2014,31.6
Middle East,Turkey,,Ankara,2,8,2014,35.2
Middle East,Turkey,,Ankara,2,9,2014,38.0
Middle East,Turkey,,Ankara,2,10,2014,43.2
Middle East,Turkey,,Ankara,2,11,2014,41.2
Middle East,Turkey,,Ankara,2,12,2014,42.1
Middle East,Turkey,,Ankara,2,13,2014,43.6
Middle East,Turkey,,Ankara,2,14,2014,44.6
Middle East,Turkey,,Ankara,2,15,2014,42.8
Middle East,Turkey,,Ankara,2,16,2014,41.2
Middle East,Turkey,,Ankara,2,17,2014,39.2
Middle East,Turkey,,Ankara,2,18,2014,42.6
Middle East,Turkey,,Ankara,2,19,2014,44.9
Middle East,Turkey,,Ankara,2,20,2014,45.1
Middle East,Turkey,,Ankara,2,21,2014,45.4
Middle East,Turkey,,Ankara,2,22,2014,47.0
Middle East,Turkey,,Ankara,2,23,2014,46.1
Middle East,Turkey,,Ankara,2,24,2014,42.8
Middle East,Turkey,,Ankara,2,25,2014,41.2
Middle East,Turkey,,Ankara,2,26,2014,39.7
Middle East,Turkey,,Ankara,2,27,2014,38.4
Middle East,Turkey,,Ankara,2,28,2014,37.6
Middle East,Turkey,,Ankara,3,1,2014,41.6
Middle East,Turkey,,Ankara,3,2,2014,49.2
Middle East,Turkey,,Ankara,3,3,2014,47.3
Middle East,Turkey,,Ankara,3,4,2014,46.9
Middle East,Turkey,,Ankara,3,5,2014,45.6
Middle East,Turkey,,Ankara,3,6,2014,46.2
Middle East,Turkey,,Ankara,3,7,2014,44.8
Middle East,Turkey,,Ankara,3,8,2014,45.8
Middle East,Turkey,,Ankara,3,9,2014,47.5
Middle East,Turkey,,Ankara,3,10,2014,45.9
Middle East,Turkey,,Ankara,3,11,2014,39.1
Middle East,Turkey,,Ankara,3,12,2014,38.0
Middle East,Turkey,,Ankara,3,13,2014,34.9
Middle East,Turkey,,Ankara,3,14,2014,36.3
Middle East,Turkey,,Ankara,3,15,2014,40.3
Middle East,Turkey,,Ankara,3,16,2014,43.2
Middle East,Turkey,,Ankara,3,17,2014,44.4
Middle East,Turkey,,Ankara,3,18,2014,42.9
Middle East,Turkey,,Ankara,3,19,2014,45.3
Middle East,Turkey,,Ankara,3,20,2014,42.4
Middle East,Turkey,,Ankara,3,21,2014,42.4
Middle East,Turkey,,Ankara,3,22,2014,45.4
Middle East,Turkey,,Ankara,3,23,2014,49.2
Middle East,Turkey,,Ankara,3,24,2014,52.3
Middle East,Turkey,,Ankara,3,25,2014,52.2
Middle East,Turkey,,Ankara,3,26,2014,45.3
Middle East,Turkey,,Ankara,3,27,2014,47.6
Middle East,Turkey,,Ankara,3,28,2014,48.2
Middle East,Turkey,,Ankara,3,29,2014,40.3
Middle East,Turkey,,Ankara,3,30,2014,30.5
Middle East,Turkey,,Ankara,3,31,2014,38.5
Middle East,Turkey,,Ankara,4,1,2014,46.4
Middle East,Turkey,,Ankara,4,2,2014,46.6
Middle East,Turkey,,Ankara,4,3,2014,45.6
Middle East,Turkey,,Ankara,4,4,2014,48.4
Middle East,Turkey,,Ankara,4,5,2014,53.9
Middle East,Turkey,,Ankara,4,6,2014,58.1
Middle East,Turkey,,Ankara,4,7,2014,58.6
Middle East,Turkey,,Ankara,4,8,2014,46.7
Middle East,Turkey,,Ankara,4,9,2014,46.5
Middle East,Turkey,,Ankara,4,10,2014,50.0
Middle East,Turkey,,Ankara,4,11,2014,50.3
Middle East,Turkey,,Ankara,4,12,2014,47.0
Middle East,Turkey,,Ankara,4,13,2014,46.6
Middle East,Turkey,,Ankara,4,14,2014,47.6
Middle East,Turkey,,Ankara,4,15,2014,51.3
Middle East,Turkey,,Ankara,4,16,2014,54.3
Middle East,Turkey,,Ankara,4,17,2014,59.5
Middle East,Turkey,,Ankara,4,18,2014,57.5
Middle East,Turkey,,Ankara,4,19,2014,50.4
Middle East,Turkey,,Ankara,4,20,2014,50.1
Middle East,Turkey,,Ankara,4,21,2014,52.5
Middle East,Turkey,,Ankara,4,22,2014,55.6
Middle East,Turkey,,Ankara,4,23,2014,59.9
Middle East,Turkey,,Ankara,4,24,2014,60.9
Middle East,Turkey,,Ankara,4,25,2014,63.3
Middle East,Turkey,,Ankara,4,26,2014,59.9
Middle East,Turkey,,Ankara,4,27,2014,58.4
Middle East,Turkey,,Ankara,4,28,2014,53.1
Middle East,Turkey,,Ankara,4,29,2014,51.0
Middle East,Turkey,,Ankara,4,30,2014,52.6
Middle East,Turkey,,Ankara,5,1,2014,50.5
Middle East,Turkey,,Ankara,5,2,2014,51.7
Middle East,Turkey,,Ankara,5,3,2014,56.0
Middle East,Turkey,,Ankara,5,4,2014,60.3
Middle East,Turkey,,Ankara,5,5,2014,53.1
Middle East,Turkey,,Ankara,5,6,2014,54.8
Middle East,Turkey,,Ankara,5,7,2014,53.8
Middle East,Turkey,,Ankara,5,8,2014,56.6
Middle East,Turkey,,Ankara,5,9,2014,60.3
Middle East,Turkey,,Ankara,5,10,2014,56.9
Middle East,Turkey,,Ankara,5,11,2014,51.9
Middle East,Turkey,,Ankara,5,12,2014,55.1
Middle East,Turkey,,Ankara,5,13,2014,57.9
Middle East,Turkey,,Ankara,5,14,2014,61.3
Middle East,Turkey,,Ankara,5,15,2014,68.1
Middle East,Turkey,,Ankara,5,16,2014,63.7
Middle East,Turkey,,Ankara,5,17,2014,61.4
Middle East,Turkey,,Ankara,5,18,2014,56.1
Middle East,Turkey,,Ankara,5,19,2014,55.7
Middle East,Turkey,,Ankara,5,20,2014,58.9
Middle East,Turkey,,Ankara,5,21,2014,58.5
Middle East,Turkey,,Ankara,5,22,2014,59.2
Middle East,Turkey,,Ankara,5,23,2014,60.8
Middle East,Turkey,,Ankara,5,24,2014,58.3
Middle East,Turkey,,Ankara,5,25,2014,59.5
Middle East,Turkey,,Ankara,5,26,2014,62.1
Middle East,Turkey,,Ankara,5,27,2014,65.8
Middle East,Turkey,,Ankara,5,28,2014,66.9
Middle East,Turkey,,Ankara,5,29,2014,64.8
Middle East,Turkey,,Ankara,5,30,2014,58.8
Middle East,Turkey,,Ankara,5,31,2014,58.1
Middle East,Turkey,,Ankara,6,1,2014,54.7
Middle East,Turkey,,Ankara,6,2,2014,56.1
Middle East,Turkey,,Ankara,6,3,2014,58.4
Middle East,Turkey,,Ankara,6,4,2014,64.1
Middle East,Turkey,,Ankara,6,5,2014,61.0
Middle East,Turkey,,Ankara,6,6,2014,58.0
Middle East,Turkey,,Ankara,6,7,2014,59.6
Middle East,Turkey,,Ankara,6,8,2014,60.8
Middle East,Turkey,,Ankara,6,9,2014,64.2
Middle East,Turkey,,Ankara,6,10,2014,66.8
Middle East,Turkey,,Ankara,6,11,2014,65.7
Middle East,Turkey,,Ankara,6,12,2014,60.0
Middle East,Turkey,,Ankara,6,13,2014,61.1
Middle East,Turkey,,Ankara,6,14,2014,66.5
Middle East,Turkey,,Ankara,6,15,2014,69.5
Middle East,Turkey,,Ankara,6,16,2014,65.5
Middle East,Turkey,,Ankara,6,17,2014,67.8
Middle East,Turkey,,Ankara,6,18,2014,69.0
Middle East,Turkey,,Ankara,6,19,2014,69.9
Middle East,Turkey,,Ankara,6,20,2014,64.5
Middle East,Turkey,,Ankara,6,21,2014,62.6
Middle East,Turkey,,Ankara,6,22,2014,62.9
Middle East,Turkey,,Ankara,6,23,2014,63.4
Middle East,Turkey,,Ankara,6,24,2014,66.3
Middle East,Turkey,,Ankara,6,25,2014,68.3
Middle East,Turkey,,Ankara,6,26,2014,72.6
Middle East,Turkey,,Ankara,6,27,2014,74.4
Middle East,Turkey,,Ankara,6,28,2014,70.5
Middle East,Turkey,,Ankara,6,29,2014,67.4
Middle East,Turkey,,Ankara,6,30,2014,71.1
Middle East,Turkey,,Ankara,7,1,2014,74.7
Middle East,Turkey,,Ankara,7,2,2014,75.8
Middle East,Turkey,,Ankara,7,3,2014,75.3
Middle East,Turkey,,Ankara,7,4,2014,68.7
Middle East,Turkey,,Ankara,7,5,2014,66.3
Middle East,Turkey,,Ankara,7,6,2014,67.4
Middle East,Turkey,,Ankara,7,7,2014,73.0
Middle East,Turkey,,Ankara,7,8,2014,73.1
Middle East,Turkey,,Ankara,7,9,2014,73.6
Middle East,Turkey,,Ankara,7,10,2014,77.7
Middle East,Turkey,,Ankara,7,11,2014,79.9
Middle East,Turkey,,Ankara,7,12,2014,76.1
Middle East,Turkey,,Ankara,7,13,2014,68.6
Middle East,Turkey,,Ankara,7,14,2014,75.3
Middle East,Turkey,,Ankara,7,15,2014,77.5
Middle East,Turkey,,Ankara,7,16,2014,78.2
Middle East,Turkey,,Ankara,7,17,2014,74.5
Middle East,Turkey,,Ankara,7,18,2014,75.5
Middle East,Turkey,,Ankara,7,19,2014,72.0
Middle East,Turkey,,Ankara,7,20,2014,67.9
Middle East,Turkey,,Ankara,7,21,2014,69.7
Middle East,Turkey,,Ankara,7,22,2014,73.2
Middle East,Turkey,,Ankara,7,23,2014,78.9
Middle East,Turkey,,Ankara,7,24,2014,77.3
Middle East,Turkey,,Ankara,7,25,2014,74.4
Middle East,Turkey,,Ankara,7,26,2014,74.3
Middle East,Turkey,,Ankara,7,27,2014,74.1
Middle East,Turkey,,Ankara,7,28,2014,77.0
Middle East,Turkey,,Ankara,7,29,2014,79.0
Middle East,Turkey,,Ankara,7,30,2014,78.6
Middle East,Turkey,,Ankara,7,31,2014,77.1
Middle East,Turkey,,Ankara,8,1,2014,80.8
Middle East,Turkey,,Ankara,8,2,2014,81.6
Middle East,Turkey,,Ankara,8,3,2014,77.2
Middle East,Turkey,,Ankara,8,4,2014,71.9
Middle East,Turkey,,Ankara,8,5,2014,70.7
Middle East,Turkey,,Ankara,8,6,2014,76.0
Middle East,Turkey,,Ankara,8,7,2014,74.9
Middle East,Turkey,,Ankara,8,8,2014,71.8
Middle East,Turkey,,Ankara,8,9,2014,71.3
Middle East,Turkey,,Ankara,8,10,2014,73.8
Middle East,Turkey,,Ankara,8,11,2014,76.0
Middle East,Turkey,,Ankara,8,12,2014,77.1
Middle East,Turkey,,Ankara,8,13,2014,75.8
Middle East,Turkey,,Ankara,8,14,2014,75.9
Middle East,Turkey,,Ankara,8,15,2014,79.2
Middle East,Turkey,,Ankara,8,16,2014,78.1
Middle East,Turkey,,Ankara,8,17,2014,80.8
Middle East,Turkey,,Ankara,8,18,2014,74.9
Middle East,Turkey,,Ankara,8,19,2014,71.4
Middle East,Turkey,,Ankara,8,20,2014,73.7
Middle East,Turkey,,Ankara,8,21,2014,76.4
Middle East,Turkey,,Ankara,8,22,2014,75.4
Middle East,Turkey,,Ankara,8,23,2014,75.3
Middle East,Turkey,,Ankara,8,24,2014,75.4
Middle East,Turkey,,Ankara,8,25,2014,77.8
Middle East,Turkey,,Ankara,8,26,2014,77.9
Middle East,Turkey,,Ankara,8,27,2014,80.7
Middle East,Turkey,,Ankara,8,28,2014,80.3
Middle East,Turkey,,Ankara,8,29,2014,72.2
Middle East,Turkey,,Ankara,8,30,2014,70.6
Middle East,Turkey,,Ankara,8,31,2014,73.3
Middle East,Turkey,,Ankara,9,1,2014,78.2
Middle East,Turkey,,Ankara,9,2,2014,80.5
Middle East,Turkey,,Ankara,9,3,2014,78.6
Middle East,Turkey,,Ankara,9,4,2014,77.7
Middle East,Turkey,,Ankara,9,5,2014,78.8
Middle East,Turkey,,Ankara,9,6,2014,74.3
Middle East,Turkey,,Ankara,9,7,2014,70.8
Middle East,Turkey,,Ankara,9,8,2014,65.9
Middle East,Turkey,,Ankara,9,9,2014,64.6
Middle East,Turkey,,Ankara,9,10,2014,63.0
Middle East,Turkey,,Ankara,9,11,2014,66.1
Middle East,Turkey,,Ankara,9,12,2014,68.9
Middle East,Turkey,,Ankara,9,13,2014,69.6
Middle East,Turkey,,Ankara,9,14,2014,63.1
Middle East,Turkey,,Ankara,9,15,2014,64.1
Middle East,Turkey,,Ankara,9,16,2014,65.2
Middle East,Turkey,,Ankara,9,17,2014,61.6
Middle East,Turkey,,Ankara,9,18,2014,58.5
Middle East,Turkey,,Ankara,9,19,2014,59.4
Middle East,Turkey,,Ankara,9,20,2014,57.5
Middle East,Turkey,,Ankara,9,21,2014,57.0
Middle East,Turkey,,Ankara,9,22,2014,60.8
Middle East,Turkey,,Ankara,9,23,2014,64.3
Middle East,Turkey,,Ankara,9,24,2014,53.9
Middle East,Turkey,,Ankara,9,25,2014,53.1
Middle East,Turkey,,Ankara,9,26,2014,56.5
Middle East,Turkey,,Ankara,9,27,2014,60.2
Middle East,Turkey,,Ankara,9,28,2014,53.4
Middle East,Turkey,,Ankara,9,29,2014,54.5
Middle East,Turkey,,Ankara,9,30,2014,52.4
Middle East,Turkey,,Ankara,10,1,2014,54.8
Middle East,Turkey,,Ankara,10,2,2014,55.9
Middle East,Turkey,,Ankara,10,3,2014,53.5
Middle East,Turkey,,Ankara,10,4,2014,53.6
Middle East,Turkey,,Ankara,10,5,2014,57.1
Middle East,Turkey,,Ankara,10,6,2014,59.4
Middle East,Turkey,,Ankara,10,7,2014,57.9
Middle East,Turkey,,Ankara,10,8,2014,57.8
Middle East,Turkey,,Ankara,10,9,2014,57.9
Middle East,Turkey,,Ankara,10,10,2014,58.8
Middle East,Turkey,,Ankara,10,11,2014,61.7
Middle East,Turkey,,Ankara,10,12,2014,57.3
Middle East,Turkey,,Ankara,10,13,2014,55.2
Middle East,Turkey,,Ankara,10,14,2014,55.4
Middle East,Turkey,,Ankara,10,15,2014,54.0
Middle East,Turkey,,Ankara,10,16,2014,53.1
Middle East,Turkey,,Ankara,10,17,2014,55.7
Middle East,Turkey,,Ankara,10,18,2014,55.0
Middle East,Turkey,,Ankara,10,19,2014,44.9
Middle East,Turkey,,Ankara,10,20,2014,40.6
Middle East,Turkey,,Ankara,10,21,2014,44.8
Middle East,Turkey,,Ankara,10,22,2014,48.5
Middle East,Turkey,,Ankara,10,23,2014,52.6
Middle East,Turkey,,Ankara,10,24,2014,50.0
Middle East,Turkey,,Ankara,10,25,2014,52.8
Middle East,Turkey,,Ankara,10,26,2014,53.9
Middle East,Turkey,,Ankara,10,27,2014,52.2
Middle East,Turkey,,Ankara,10,28,2014,52.5
Middle East,Turkey,,Ankara,10,29,2014,51.1
Middle East,Turkey,,Ankara,10,30,2014,51.2
Middle East,Turkey,,Ankara,10,31,2014,48.5
Middle East,Turkey,,Ankara,11,1,2014,43.7
Middle East,Turkey,,Ankara,11,2,2014,40.8
Middle East,Turkey,,Ankara,11,3,2014,35.2
Middle East,Turkey,,Ankara,11,4,2014,36.7
Middle East,Turkey,,Ankara,11,5,2014,38.8
Middle East,Turkey,,Ankara,11,6,2014,39.6
Middle East,Turkey,,Ankara,11,7,2014,41.8
Middle East,Turkey,,Ankara,11,8,2014,42.1
Middle East,Turkey,,Ankara,11,9,2014,45.2
Middle East,Turkey,,Ankara,11,10,2014,50.4
Middle East,Turkey,,Ankara,11,11,2014,48.5
Middle East,Turkey,,Ankara,11,12,2014,45.9
Middle East,Turkey,,Ankara,11,13,2014,46.5
Middle East,Turkey,,Ankara,11,14,2014,50.4
Middle East,Turkey,,Ankara,11,15,2014,50.4
Middle East,Turkey,,Ankara,11,16,2014,48.6
Middle East,Turkey,,Ankara,11,17,2014,45.4
Middle East,Turkey,,Ankara,11,18,2014,46.1
Middle East,Turkey,,Ankara,11,19,2014,47.4
Middle East,Turkey,,Ankara,11,20,2014,44.0
Middle East,Turkey,,Ankara,11,21,2014,44.1
Middle East,Turkey,,Ankara,11,22,2014,39.8
Middle East,Turkey,,Ankara,11,23,2014,40.8
Middle East,Turkey,,Ankara,11,24,2014,38.1
Middle East,Turkey,,Ankara,11,25,2014,36.8
Middle East,Turkey,,Ankara,11,26,2014,39.4
Middle East,Turkey,,Ankara,11,27,2014,39.6
Middle East,Turkey,,Ankara,11,28,2014,37.1
Middle East,Turkey,,Ankara,11,29,2014,37.8
Middle East,Turkey,,Ankara,11,30,2014,41.7
Middle East,Turkey,,Ankara,12,1,2014,45.3
Middle East,Turkey,,Ankara,12,2,2014,44.6
Middle East,Turkey,,Ankara,12,3,2014,45.7
Middle East,Turkey,,Ankara,12,4,2014,41.7
Middle East,Turkey,,Ankara,12,5,2014,44.7
Middle East,Turkey,,Ankara,12,6,2014,44.5
Middle East,Turkey,,Ankara,12,7,2014,44.9
Middle East,Turkey,,Ankara,12,8,2014,43.9
Middle East,Turkey,,Ankara,12,9,2014,46.7
Middle East,Turkey,,Ankara,12,10,2014,46.6
Middle East,Turkey,,Ankara,12,11,2014,42.2
Middle East,Turkey,,Ankara,12,12,2014,43.9
Middle East,Turkey,,Ankara,12,13,2014,44.3
Middle East,Turkey,,Ankara,12,14,2014,40.0
Middle East,Turkey,,Ankara,12,15,2014,37.6
Middle East,Turkey,,Ankara,12,16,2014,32.6
Middle East,Turkey,,Ankara,12,17,2014,32.7
Middle East,Turkey,,Ankara,12,18,2014,34.4
Middle East,Turkey,,Ankara,12,19,2014,40.1
Middle East,Turkey,,Ankara,12,20,2014,36.9
Middle East,Turkey,,Ankara,12,21,2014,35.8
Middle East,Turkey,,Ankara,12,22,2014,32.7
Middle East,Turkey,,Ankara,12,23,2014,31.8
Middle East,Turkey,,Ankara,12,24,2014,34.2
Middle East,Turkey,,Ankara,12,25,2014,33.4
Middle East,Turkey,,Ankara,12,26,2014,34.2
Middle East,Turkey,,Ankara,12,27,2014,41.6
Middle East,Turkey,,Ankara,12,28,2014,37.8
Middle East,Turkey,,Ankara,12,29,2014,44.6
Middle East,Turkey,,Ankara,12,30,2014,41.1
Middle East,Turkey,,Ankara,12,31,2014,38.3
Middle East,Turkey,,Ankara,1,1,2015,38.4
Middle East,Turkey,,Ankara,1,2,2015,35.6
Middle East,Turkey,,Ankara,1,3,2015,34.7
Middle East,Turkey,,Ankara,1,4,2015,34.6
Middle East,Turkey,,Ankara,1,5,2015,31.5
Middle East,Turkey,,Ankara,1,6,2015,27.8
Middle East,Turkey,,Ankara,1,7,2015,23.5
Middle East,Turkey,,Ankara,1,8,2015,13.3
Middle East,Turkey,,Ankara,1,9,2015,8.5
Middle East,Turkey,,Ankara,1,10,2015,16.8
Middle East,Turkey,,Ankara,1,11,2015,23.8
Middle East,Turkey,,Ankara,1,12,2015,31.5
Middle East,Turkey,,Ankara,1,13,2015,32.9
Middle East,Turkey,,Ankara,1,14,2015,26.7
Middle East,Turkey,,Ankara,1,15,2015,28.1
Middle East,Turkey,,Ankara,1,16,2015,31.2
Middle East,Turkey,,Ankara,1,17,2015,31.1
Middle East,Turkey,,Ankara,1,18,2015,29.8
Middle East,Turkey,,Ankara,1,19,2015,27.4
Middle East,Turkey,,Ankara,1,20,2015,27.8
Middle East,Turkey,,Ankara,1,21,2015,32.1
Middle East,Turkey,,Ankara,1,22,2015,30.8
Middle East,Turkey,,Ankara,1,23,2015,32.3
Middle East,Turkey,,Ankara,1,24,2015,35.0
Middle East,Turkey,,Ankara,1,25,2015,32.9
Middle East,Turkey,,Ankara,1,26,2015,36.8
Middle East,Turkey,,Ankara,1,27,2015,35.7
Middle East,Turkey,,Ankara,1,28,2015,38.8
Middle East,Turkey,,Ankara,1,29,2015,39.6
Middle East,Turkey,,Ankara,1,30,2015,38.5
Middle East,Turkey,,Ankara,1,31,2015,45.2
Middle East,Turkey,,Ankara,2,1,2015,50.4
Middle East,Turkey,,Ankara,2,2,2015,48.5
Middle East,Turkey,,Ankara,2,3,2015,40.3
Middle East,Turkey,,Ankara,2,4,2015,35.5
Middle East,Turkey,,Ankara,2,5,2015,39.2
Middle East,Turkey,,Ankara,2,6,2015,39.8
Middle East,Turkey,,Ankara,2,7,2015,40.4
Middle East,Turkey,,Ankara,2,8,2015,35.0
Middle East,Turkey,,Ankara,2,9,2015,35.1
Middle East,Turkey,,Ankara,2,10,2015,31.6
Middle East,Turkey,,Ankara,2,11,2015,31.4
Middle East,Turkey,,Ankara,2,12,2015,34.3
Middle East,Turkey,,Ankara,2,13,2015,36.0
Middle East,Turkey,,Ankara,2,14,2015,36.1
Middle East,Turkey,,Ankara,2,15,2015,36.3
Middle East,Turkey,,Ankara,2,16,2015,34.1
Middle East,Turkey,,Ankara,2,17,2015,27.1
Middle East,Turkey,,Ankara,2,18,2015,22.0
Middle East,Turkey,,Ankara,2,19,2015,27.0
Middle East,Turkey,,Ankara,2,20,2015,27.5
Middle East,Turkey,,Ankara,2,21,2015,23.4
Middle East,Turkey,,Ankara,2,22,2015,26.4
Middle East,Turkey,,Ankara,2,23,2015,31.3
Middle East,Turkey,,Ankara,2,24,2015,36.2
Middle East,Turkey,,Ankara,2,25,2015,38.6
Middle East,Turkey,,Ankara,2,26,2015,39.2
Middle East,Turkey,,Ankara,2,27,2015,46.0
Middle East,Turkey,,Ankara,2,28,2015,46.3
Middle East,Turkey,,Ankara,3,1,2015,41.1
Middle East,Turkey,,Ankara,3,2,2015,38.3
Middle East,Turkey,,Ankara,3,3,2015,39.5
Middle East,Turkey,,Ankara,3,4,2015,35.0
Middle East,Turkey,,Ankara,3,5,2015,32.6
Middle East,Turkey,,Ankara,3,6,2015,39.4
Middle East,Turkey,,Ankara,3,7,2015,42.7
Middle East,Turkey,,Ankara,3,8,2015,47.2
Middle East,Turkey,,Ankara,3,9,2015,49.4
Middle East,Turkey,,Ankara,3,10,2015,53.1
Middle East,Turkey,,Ankara,3,11,2015,49.5
Middle East,Turkey,,Ankara,3,12,2015,40.2
Middle East,Turkey,,Ankara,3,13,2015,39.4
Middle East,Turkey,,Ankara,3,14,2015,42.5
Middle East,Turkey,,Ankara,3,15,2015,42.3
Middle East,Turkey,,Ankara,3,16,2015,41.4
Middle East,Turkey,,Ankara,3,17,2015,39.2
Middle East,Turkey,,Ankara,3,18,2015,38.9
Middle East,Turkey,,Ankara,3,19,2015,36.8
Middle East,Turkey,,Ankara,3,20,2015,33.7
Middle East,Turkey,,Ankara,3,21,2015,36.0
Middle East,Turkey,,Ankara,3,22,2015,40.5
Middle East,Turkey,,Ankara,3,23,2015,41.3
Middle East,Turkey,,Ankara,3,24,2015,41.4
Middle East,Turkey,,Ankara,3,25,2015,40.9
Middle East,Turkey,,Ankara,3,26,2015,46.6
Middle East,Turkey,,Ankara,3,27,2015,50.8
Middle East,Turkey,,Ankara,3,28,2015,47.7
Middle East,Turkey,,Ankara,3,29,2015,48.1
Middle East,Turkey,,Ankara,3,30,2015,49.1
Middle East,Turkey,,Ankara,3,31,2015,45.2
Middle East,Turkey,,Ankara,4,1,2015,47.8
Middle East,Turkey,,Ankara,4,2,2015,42.5
Middle East,Turkey,,Ankara,4,3,2015,37.9
Middle East,Turkey,,Ankara,4,4,2015,35.6
Middle East,Turkey,,Ankara,4,5,2015,39.5
Middle East,Turkey,,Ankara,4,6,2015,49.6
Middle East,Turkey,,Ankara,4,7,2015,46.5
Middle East,Turkey,,Ankara,4,8,2015,42.0
Middle East,Turkey,,Ankara,4,9,2015,38.3
Middle East,Turkey,,Ankara,4,10,2015,34.6
Middle East,Turkey,,Ankara,4,11,2015,36.6
Middle East,Turkey,,Ankara,4,12,2015,40.1
Middle East,Turkey,,Ankara,4,13,2015,45.3
Middle East,Turkey,,Ankara,4,14,2015,45.8
Middle East,Turkey,,Ankara,4,15,2015,48.0
Middle East,Turkey,,Ankara,4,16,2015,48.3
Middle East,Turkey,,Ankara,4,17,2015,53.1
Middle East,Turkey,,Ankara,4,18,2015,57.0
Middle East,Turkey,,Ankara,4,19,2015,55.1
Middle East,Turkey,,Ankara,4,20,2015,45.3
Middle East,Turkey,,Ankara,4,21,2015,38.3
Middle East,Turkey,,Ankara,4,22,2015,37.3
Middle East,Turkey,,Ankara,4,23,2015,38.7
Middle East,Turkey,,Ankara,4,24,2015,41.5
Middle East,Turkey,,Ankara,4,25,2015,48.5
Middle East,Turkey,,Ankara,4,26,2015,49.5
Middle East,Turkey,,Ankara,4,27,2015,52.9
Middle East,Turkey,,Ankara,4,28,2015,58.1
Middle East,Turkey,,Ankara,4,29,2015,60.4
Middle East,Turkey,,Ankara,4,30,2015,55.8
Middle East,Turkey,,Ankara,5,1,2015,53.6
Middle East,Turkey,,Ankara,5,2,2015,53.9
Middle East,Turkey,,Ankara,5,3,2015,53.5
Middle East,Turkey,,Ankara,5,4,2015,54.4
Middle East,Turkey,,Ankara,5,5,2015,56.2
Middle East,Turkey,,Ankara,5,6,2015,58.3
Middle East,Turkey,,Ankara,5,7,2015,60.3
Middle East,Turkey,,Ankara,5,8,2015,58.2
Middle East,Turkey,,Ankara,5,9,2015,55.5
Middle East,Turkey,,Ankara,5,10,2015,53.6
Middle East,Turkey,,Ankara,5,11,2015,54.8
Middle East,Turkey,,Ankara,5,12,2015,55.4
Middle East,Turkey,,Ankara,5,13,2015,53.8
Middle East,Turkey,,Ankara,5,14,2015,54.9
Middle East,Turkey,,Ankara,5,15,2015,59.5
Middle East,Turkey,,Ankara,5,16,2015,64.9
Middle East,Turkey,,Ankara,5,17,2015,67.4
Middle East,Turkey,,Ankara,5,18,2015,68.3
Middle East,Turkey,,Ankara,5,19,2015,69.6
Middle East,Turkey,,Ankara,5,20,2015,71.0
Middle East,Turkey,,Ankara,5,21,2015,63.8
Middle East,Turkey,,Ankara,5,22,2015,66.3
Middle East,Turkey,,Ankara,5,23,2015,63.3
Middle East,Turkey,,Ankara,5,24,2015,66.6
Middle East,Turkey,,Ankara,5,25,2015,63.3
Middle East,Turkey,,Ankara,5,26,2015,64.0
Middle East,Turkey,,Ankara,5,27,2015,57.0
Middle East,Turkey,,Ankara,5,28,2015,57.2
Middle East,Turkey,,Ankara,5,29,2015,54.4
Middle East,Turkey,,Ankara,5,30,2015,53.7
Middle East,Turkey,,Ankara,5,31,2015,57.3
Middle East,Turkey,,Ankara,6,1,2015,61.1
Middle East,Turkey,,Ankara,6,2,2015,64.9
Middle East,Turkey,,Ankara,6,3,2015,61.7
Middle East,Turkey,,Ankara,6,4,2015,57.7
Middle East,Turkey,,Ankara,6,5,2015,57.6
Middle East,Turkey,,Ankara,6,6,2015,58.0
Middle East,Turkey,,Ankara,6,7,2015,65.1
Middle East,Turkey,,Ankara,6,8,2015,65.6
Middle East,Turkey,,Ankara,6,9,2015,64.6
Middle East,Turkey,,Ankara,6,10,2015,62.4
Middle East,Turkey,,Ankara,6,11,2015,60.6
Middle East,Turkey,,Ankara,6,12,2015,60.9
Middle East,Turkey,,Ankara,6,13,2015,64.0
Middle East,Turkey,,Ankara,6,14,2015,63.4
Middle East,Turkey,,Ankara,6,15,2015,66.0
Middle East,Turkey,,Ankara,6,16,2015,63.0
Middle East,Turkey,,Ankara,6,17,2015,64.9
Middle East,Turkey,,Ankara,6,18,2015,66.0
Middle East,Turkey,,Ankara,6,19,2015,64.0
Middle East,Turkey,,Ankara,6,20,2015,62.1
Middle East,Turkey,,Ankara,6,21,2015,66.5
Middle East,Turkey,,Ankara,6,22,2015,66.9
Middle East,Turkey,,Ankara,6,23,2015,64.6
Middle East,Turkey,,Ankara,6,24,2015,61.2
Middle East,Turkey,,Ankara,6,25,2015,63.0
Middle East,Turkey,,Ankara,6,26,2015,62.9
Middle East,Turkey,,Ankara,6,27,2015,60.4
Middle East,Turkey,,Ankara,6,28,2015,61.9
Middle East,Turkey,,Ankara,6,29,2015,62.2
Middle East,Turkey,,Ankara,6,30,2015,63.0
Middle East,Turkey,,Ankara,7,1,2015,67.4
Middle East,Turkey,,Ankara,7,2,2015,67.9
Middle East,Turkey,,Ankara,7,3,2015,66.5
Middle East,Turkey,,Ankara,7,4,2015,68.6
Middle East,Turkey,,Ankara,7,5,2015,71.7
Middle East,Turkey,,Ankara,7,6,2015,70.5
Middle East,Turkey,,Ankara,7,7,2015,69.8
Middle East,Turkey,,Ankara,7,8,2015,71.0
Middle East,Turkey,,Ankara,7,9,2015,72.7
Middle East,Turkey,,Ankara,7,10,2015,75.4
Middle East,Turkey,,Ankara,7,11,2015,71.3
Middle East,Turkey,,Ankara,7,12,2015,69.7
Middle East,Turkey,,Ankara,7,13,2015,67.7
Middle East,Turkey,,Ankara,7,14,2015,69.5
Middle East,Turkey,,Ankara,7,15,2015,68.8
Middle East,Turkey,,Ankara,7,16,2015,70.4
Middle East,Turkey,,Ankara,7,17,2015,68.3
Middle East,Turkey,,Ankara,7,18,2015,69.4
Middle East,Turkey,,Ankara,7,19,2015,70.0
Middle East,Turkey,,Ankara,7,20,2015,72.0
Middle East,Turkey,,Ankara,7,21,2015,73.9
Middle East,Turkey,,Ankara,7,22,2015,72.6
Middle East,Turkey,,Ankara,7,23,2015,72.5
Middle East,Turkey,,Ankara,7,24,2015,78.5
Middle East,Turkey,,Ankara,7,25,2015,79.3
Middle East,Turkey,,Ankara,7,26,2015,78.4
Middle East,Turkey,,Ankara,7,27,2015,75.4
Middle East,Turkey,,Ankara,7,28,2015,77.1
Middle East,Turkey,,Ankara,7,29,2015,79.9
Middle East,Turkey,,Ankara,7,30,2015,81.7
Middle East,Turkey,,Ankara,7,31,2015,81.5
Middle East,Turkey,,Ankara,8,1,2015,76.8
Middle East,Turkey,,Ankara,8,2,2015,75.8
Middle East,Turkey,,Ankara,8,3,2015,71.9
Middle East,Turkey,,Ankara,8,4,2015,75.0
Middle East,Turkey,,Ankara,8,5,2015,74.8
Middle East,Turkey,,Ankara,8,6,2015,75.6
Middle East,Turkey,,Ankara,8,7,2015,73.4
Middle East,Turkey,,Ankara,8,8,2015,76.4
Middle East,Turkey,,Ankara,8,9,2015,77.3
Middle East,Turkey,,Ankara,8,10,2015,77.5
Middle East,Turkey,,Ankara,8,11,2015,74.8
Middle East,Turkey,,Ankara,8,12,2015,73.9
Middle East,Turkey,,Ankara,8,13,2015,75.5
Middle East,Turkey,,Ankara,8,14,2015,77.6
Middle East,Turkey,,Ankara,8,15,2015,73.4
Middle East,Turkey,,Ankara,8,16,2015,75.9
Middle East,Turkey,,Ankara,8,17,2015,74.9
Middle East,Turkey,,Ankara,8,18,2015,76.1
Middle East,Turkey,,Ankara,8,19,2015,77.1
Middle East,Turkey,,Ankara,8,20,2015,77.8
Middle East,Turkey,,Ankara,8,21,2015,72.8
Middle East,Turkey,,Ankara,8,22,2015,74.5
Middle East,Turkey,,Ankara,8,23,2015,72.2
Middle East,Turkey,,Ankara,8,24,2015,67.1
Middle East,Turkey,,Ankara,8,25,2015,64.5
Middle East,Turkey,,Ankara,8,26,2015,64.2
Middle East,Turkey,,Ankara,8,27,2015,67.2
Middle East,Turkey,,Ankara,8,28,2015,66.7
Middle East,Turkey,,Ankara,8,29,2015,68.0
Middle East,Turkey,,Ankara,8,30,2015,69.3
Middle East,Turkey,,Ankara,8,31,2015,69.9
Middle East,Turkey,,Ankara,9,1,2015,69.3
Middle East,Turkey,,Ankara,9,2,2015,71.8
Middle East,Turkey,,Ankara,9,3,2015,74.0
Middle East,Turkey,,Ankara,9,4,2015,75.6
Middle East,Turkey,,Ankara,9,5,2015,72.7
Middle East,Turkey,,Ankara,9,6,2015,72.4
Middle East,Turkey,,Ankara,9,7,2015,74.1
Middle East,Turkey,,Ankara,9,8,2015,73.0
Middle East,Turkey,,Ankara,9,9,2015,70.0
Middle East,Turkey,,Ankara,9,10,2015,73.3
Middle East,Turkey,,Ankara,9,11,2015,76.9
Middle East,Turkey,,Ankara,9,12,2015,72.0
Middle East,Turkey,,Ankara,9,13,2015,67.7
Middle East,Turkey,,Ankara,9,14,2015,70.4
Middle East,Turkey,,Ankara,9,15,2015,72.8
Middle East,Turkey,,Ankara,9,16,2015,73.3
Middle East,Turkey,,Ankara,9,17,2015,72.5
Middle East,Turkey,,Ankara,9,18,2015,70.8
Middle East,Turkey,,Ankara,9,19,2015,69.4
Middle East,Turkey,,Ankara,9,20,2015,70.9
Middle East,Turkey,,Ankara,9,21,2015,66.1
Middle East,Turkey,,Ankara,9,22,2015,68.2
Middle East,Turkey,,Ankara,9,23,2015,68.0
Middle East,Turkey,,Ankara,9,24,2015,66.9
Middle East,Turkey,,Ankara,9,25,2015,68.4
Middle East,Turkey,,Ankara,9,26,2015,69.0
Middle East,Turkey,,Ankara,9,27,2015,68.7
Middle East,Turkey,,Ankara,9,28,2015,70.4
Middle East,Turkey,,Ankara,9,29,2015,70.4
Middle East,Turkey,,Ankara,9,30,2015,59.2
Middle East,Turkey,,Ankara,10,1,2015,60.1
Middle East,Turkey,,Ankara,10,2,2015,61.7
Middle East,Turkey,,Ankara,10,3,2015,62.1
Middle East,Turkey,,Ankara,10,4,2015,62.2
Middle East,Turkey,,Ankara,10,5,2015,62.1
Middle East,Turkey,,Ankara,10,6,2015,55.7
Middle East,Turkey,,Ankara,10,7,2015,56.1
Middle East,Turkey,,Ankara,10,8,2015,55.4
Middle East,Turkey,,Ankara,10,9,2015,55.4
Middle East,Turkey,,Ankara,10,10,2015,54.2
Middle East,Turkey,,Ankara,10,11,2015,59.9
Middle East,Turkey,,Ankara,10,12,2015,61.7
Middle East,Turkey,,Ankara,10,13,2015,60.2
Middle East,Turkey,,Ankara,10,14,2015,57.6
Middle East,Turkey,,Ankara,10,15,2015,56.9
Middle East,Turkey,,Ankara,10,16,2015,56.8
Middle East,Turkey,,Ankara,10,17,2015,58.9
Middle East,Turkey,,Ankara,10,18,2015,59.9
Middle East,Turkey,,Ankara,10,19,2015,59.4
Middle East,Turkey,,Ankara,10,20,2015,57.0
Middle East,Turkey,,Ankara,10,21,2015,56.4
Middle East,Turkey,,Ankara,10,22,2015,59.0
Middle East,Turkey,,Ankara,10,23,2015,58.2
Middle East,Turkey,,Ankara,10,24,2015,57.3
Middle East,Turkey,,Ankara,10,25,2015,50.4
Middle East,Turkey,,Ankara,10,26,2015,47.1
Middle East,Turkey,,Ankara,10,27,2015,45.4
Middle East,Turkey,,Ankara,10,28,2015,45.6
Middle East,Turkey,,Ankara,10,29,2015,44.1
Middle East,Turkey,,Ankara,10,30,2015,43.9
Middle East,Turkey,,Ankara,10,31,2015,46.4
Middle East,Turkey,,Ankara,11,1,2015,43.8
Middle East,Turkey,,Ankara,11,2,2015,42.3
Middle East,Turkey,,Ankara,11,3,2015,43.1
Middle East,Turkey,,Ankara,11,4,2015,45.2
Middle East,Turkey,,Ankara,11,5,2015,47.2
Middle East,Turkey,,Ankara,11,6,2015,47.1
Middle East,Turkey,,Ankara,11,7,2015,47.2
Middle East,Turkey,,Ankara,11,8,2015,42.7
Middle East,Turkey,,Ankara,11,9,2015,41.7
Middle East,Turkey,,Ankara,11,10,2015,44.6
Middle East,Turkey,,Ankara,11,11,2015,48.4
Middle East,Turkey,,Ankara,11,12,2015,50.5
Middle East,Turkey,,Ankara,11,13,2015,45.8
Middle East,Turkey,,Ankara,11,14,2015,42.4
Middle East,Turkey,,Ankara,11,15,2015,42.7
Middle East,Turkey,,Ankara,11,16,2015,41.5
Middle East,Turkey,,Ankara,11,17,2015,39.8
Middle East,Turkey,,Ankara,11,18,2015,35.9
Middle East,Turkey,,Ankara,11,19,2015,40.4
Middle East,Turkey,,Ankara,11,20,2015,39.6
Middle East,Turkey,,Ankara,11,21,2015,43.2
Middle East,Turkey,,Ankara,11,22,2015,46.3
Middle East,Turkey,,Ankara,11,23,2015,44.5
Middle East,Turkey,,Ankara,11,24,2015,43.8
Middle East,Turkey,,Ankara,11,25,2015,42.9
Middle East,Turkey,,Ankara,11,26,2015,42.6
Middle East,Turkey,,Ankara,11,27,2015,49.1
Middle East,Turkey,,Ankara,11,28,2015,47.9
Middle East,Turkey,,Ankara,11,29,2015,45.5
Middle East,Turkey,,Ankara,11,30,2015,40.2
Middle East,Turkey,,Ankara,12,1,2015,37.1
Middle East,Turkey,,Ankara,12,2,2015,34.4
Middle East,Turkey,,Ankara,12,3,2015,31.3
Middle East,Turkey,,Ankara,12,4,2015,32.5
Middle East,Turkey,,Ankara,12,5,2015,28.2
Middle East,Turkey,,Ankara,12,6,2015,28.5
Middle East,Turkey,,Ankara,12,7,2015,32.5
Middle East,Turkey,,Ankara,12,8,2015,34.1
Middle East,Turkey,,Ankara,12,9,2015,35.0
Middle East,Turkey,,Ankara,12,10,2015,33.1
Middle East,Turkey,,Ankara,12,11,2015,33.0
Middle East,Turkey,,Ankara,12,12,2015,34.0
Middle East,Turkey,,Ankara,12,13,2015,30.2
Middle East,Turkey,,Ankara,12,14,2015,30.7
Middle East,Turkey,,Ankara,12,15,2015,28.4
Middle East,Turkey,,Ankara,12,16,2015,29.4
Middle East,Turkey,,Ankara,12,17,2015,34.4
Middle East,Turkey,,Ankara,12,18,2015,30.3
Middle East,Turkey,,Ankara,12,19,2015,26.3
Middle East,Turkey,,Ankara,12,20,2015,24.8
Middle East,Turkey,,Ankara,12,21,2015,25.6
Middle East,Turkey,,Ankara,12,22,2015,25.8
Middle East,Turkey,,Ankara,12,23,2015,26.4
Middle East,Turkey,,Ankara,12,24,2015,27.4
Middle East,Turkey,,Ankara,12,25,2015,27.6
Middle East,Turkey,,Ankara,12,26,2015,28.3
Middle East,Turkey,,Ankara,12,27,2015,28.8
Middle East,Turkey,,Ankara,12,28,2015,29.6
Middle East,Turkey,,Ankara,12,29,2015,26.0
Middle East,Turkey,,Ankara,12,30,2015,26.1
Middle East,Turkey,,Ankara,12,30,2015,-99
Middle East,Turkey,,Ankara,12,31,2015,-99
Middle East,Turkey,,Ankara,1,1,2016,15.9
Middle East,Turkey,,Ankara,1,2,2016,16.7
Middle East,Turkey,,Ankara,1,3,2016,23.4
Middle East,Turkey,,Ankara,1,4,2016,32.6
Middle East,Turkey,,Ankara,1,5,2016,37.4
Middle East,Turkey,,Ankara,1,6,2016,36.5
Middle East,Turkey,,Ankara,1,7,2016,42.7
Middle East,Turkey,,Ankara,1,8,2016,36.7
Middle East,Turkey,,Ankara,1,9,2016,34.3
Middle East,Turkey,,Ankara,1,10,2016,34.8
Middle East,Turkey,,Ankara,1,11,2016,43.2
Middle East,Turkey,,Ankara,1,12,2016,45.9
Middle East,Turkey,,Ankara,1,13,2016,40.6
Middle East,Turkey,,Ankara,1,14,2016,35.1
Middle East,Turkey,,Ankara,1,15,2016,28.9
Middle East,Turkey,,Ankara,1,16,2016,35.3
Middle East,Turkey,,Ankara,1,17,2016,43.1
Middle East,Turkey,,Ankara,1,18,2016,39.4
Middle East,Turkey,,Ankara,1,19,2016,27.1
Middle East,Turkey,,Ankara,1,20,2016,24.2
Middle East,Turkey,,Ankara,1,21,2016,28.1
Middle East,Turkey,,Ankara,1,22,2016,28.7
Middle East,Turkey,,Ankara,1,23,2016,16.5
Middle East,Turkey,,Ankara,1,24,2016,12.8
Middle East,Turkey,,Ankara,1,25,2016,7.6
Middle East,Turkey,,Ankara,1,26,2016,10.0
Middle East,Turkey,,Ankara,1,27,2016,13.0
Middle East,Turkey,,Ankara,1,28,2016,24.7
Middle East,Turkey,,Ankara,1,29,2016,31.7
Middle East,Turkey,,Ankara,1,30,2016,33.1
Middle East,Turkey,,Ankara,1,31,2016,35.2
Middle East,Turkey,,Ankara,2,1,2016,37.0
Middle East,Turkey,,Ankara,2,2,2016,38.6
Middle East,Turkey,,Ankara,2,3,2016,37.0
Middle East,Turkey,,Ankara,2,4,2016,39.7
Middle East,Turkey,,Ankara,2,5,2016,43.9
Middle East,Turkey,,Ankara,2,6,2016,33.5
Middle East,Turkey,,Ankara,2,7,2016,28.5
Middle East,Turkey,,Ankara,2,8,2016,27.0
Middle East,Turkey,,Ankara,2,9,2016,31.2
Middle East,Turkey,,Ankara,2,10,2016,33.6
Middle East,Turkey,,Ankara,2,11,2016,38.0
Middle East,Turkey,,Ankara,2,12,2016,46.0
Middle East,Turkey,,Ankara,2,13,2016,46.2
Middle East,Turkey,,Ankara,2,14,2016,48.3
Middle East,Turkey,,Ankara,2,15,2016,47.0
Middle East,Turkey,,Ankara,2,16,2016,49.2
Middle East,Turkey,,Ankara,2,17,2016,51.8
Middle East,Turkey,,Ankara,2,18,2016,56.3
Middle East,Turkey,,Ankara,2,19,2016,51.0
Middle East,Turkey,,Ankara,2,20,2016,44.1
Middle East,Turkey,,Ankara,2,21,2016,39.3
Middle East,Turkey,,Ankara,2,22,2016,35.2
Middle East,Turkey,,Ankara,2,23,2016,39.4
Middle East,Turkey,,Ankara,2,24,2016,44.2
Middle East,Turkey,,Ankara,2,25,2016,46.4
Middle East,Turkey,,Ankara,2,26,2016,48.4
Middle East,Turkey,,Ankara,2,27,2016,47.7
Middle East,Turkey,,Ankara,2,28,2016,44.6
Middle East,Turkey,,Ankara,2,29,2016,48.4
Middle East,Turkey,,Ankara,3,1,2016,51.4
Middle East,Turkey,,Ankara,3,2,2016,51.8
Middle East,Turkey,,Ankara,3,3,2016,46.7
Middle East,Turkey,,Ankara,3,4,2016,42.5
Middle East,Turkey,,Ankara,3,5,2016,36.5
Middle East,Turkey,,Ankara,3,6,2016,40.0
Middle East,Turkey,,Ankara,3,7,2016,43.4
Middle East,Turkey,,Ankara,3,8,2016,46.6
Middle East,Turkey,,Ankara,3,9,2016,49.1
Middle East,Turkey,,Ankara,3,10,2016,-99
Middle East,Turkey,,Ankara,3,11,2016,45.0
Middle East,Turkey,,Ankara,3,12,2016,44.8
Middle East,Turkey,,Ankara,3,13,2016,50.1
Middle East,Turkey,,Ankara,3,14,2016,44.7
Middle East,Turkey,,Ankara,3,15,2016,37.7
Middle East,Turkey,,Ankara,3,16,2016,36.4
Middle East,Turkey,,Ankara,3,17,2016,34.4
Middle East,Turkey,,Ankara,3,18,2016,36.3
Middle East,Turkey,,Ankara,3,19,2016,39.3
Middle East,Turkey,,Ankara,3,20,2016,40.0
Middle East,Turkey,,Ankara,3,21,2016,40.0
Middle East,Turkey,,Ankara,3,22,2016,46.5
Middle East,Turkey,,Ankara,3,23,2016,59.6
Middle East,Turkey,,Ankara,3,24,2016,54.0
Middle East,Turkey,,Ankara,3,25,2016,47.3
Middle East,Turkey,,Ankara,3,26,2016,40.0
Middle East,Turkey,,Ankara,3,27,2016,38.0
Middle East,Turkey,,Ankara,3,28,2016,37.2
Middle East,Turkey,,Ankara,3,29,2016,38.9
Middle East,Turkey,,Ankara,3,30,2016,44.8
Middle East,Turkey,,Ankara,3,31,2016,47.9
Middle East,Turkey,,Ankara,4,1,2016,51.3
Middle East,Turkey,,Ankara,4,2,2016,53.4
Middle East,Turkey,,Ankara,4,3,2016,48.7
Middle East,Turkey,,Ankara,4,4,2016,49.3
Middle East,Turkey,,Ankara,4,5,2016,52.5
Middle East,Turkey,,Ankara,4,6,2016,55.9
Middle East,Turkey,,Ankara,4,7,2016,55.9
Middle East,Turkey,,Ankara,4,8,2016,57.8
Middle East,Turkey,,Ankara,4,9,2016,60.1
Middle East,Turkey,,Ankara,4,10,2016,55.7
Middle East,Turkey,,Ankara,4,11,2016,54.0
Middle East,Turkey,,Ankara,4,12,2016,50.9
Middle East,Turkey,,Ankara,4,13,2016,54.2
Middle East,Turkey,,Ankara,4,14,2016,55.6
Middle East,Turkey,,Ankara,4,15,2016,55.1
Middle East,Turkey,,Ankara,4,16,2016,53.5
Middle East,Turkey,,Ankara,4,17,2016,57.5
Middle East,Turkey,,Ankara,4,18,2016,59.6
Middle East,Turkey,,Ankara,4,19,2016,61.4
Middle East,Turkey,,Ankara,4,20,2016,62.1
Middle East,Turkey,,Ankara,4,21,2016,47.3
Middle East,Turkey,,Ankara,4,22,2016,46.2
Middle East,Turkey,,Ankara,4,23,2016,54.3
Middle East,Turkey,,Ankara,4,24,2016,61.1
Middle East,Turkey,,Ankara,4,25,2016,53.0
Middle East,Turkey,,Ankara,4,26,2016,49.9
Middle East,Turkey,,Ankara,4,27,2016,48.3
Middle East,Turkey,,Ankara,4,28,2016,51.1
Middle East,Turkey,,Ankara,4,29,2016,56.2
Middle East,Turkey,,Ankara,4,30,2016,57.1
Middle East,Turkey,,Ankara,5,1,2016,56.3
Middle East,Turkey,,Ankara,5,2,2016,58.8
Middle East,Turkey,,Ankara,5,3,2016,59.0
Middle East,Turkey,,Ankara,5,4,2016,51.4
Middle East,Turkey,,Ankara,5,5,2016,-99
Middle East,Turkey,,Ankara,5,6,2016,50.1
Middle East,Turkey,,Ankara,5,7,2016,50.9
Middle East,Turkey,,Ankara,5,8,2016,53.3
Middle East,Turkey,,Ankara,5,9,2016,56.9
Middle East,Turkey,,Ankara,5,10,2016,53.8
Middle East,Turkey,,Ankara,5,11,2016,52.8
Middle East,Turkey,,Ankara,5,12,2016,57.0
Middle East,Turkey,,Ankara,5,13,2016,62.6
Middle East,Turkey,,Ankara,5,14,2016,63.0
Middle East,Turkey,,Ankara,5,15,2016,63.4
Middle East,Turkey,,Ankara,5,16,2016,59.6
Middle East,Turkey,,Ankara,5,17,2016,60.2
Middle East,Turkey,,Ankara,5,18,2016,53.6
Middle East,Turkey,,Ankara,5,19,2016,53.2
Middle East,Turkey,,Ankara,5,20,2016,55.1
Middle East,Turkey,,Ankara,5,21,2016,60.2
Middle East,Turkey,,Ankara,5,22,2016,58.6
Middle East,Turkey,,Ankara,5,23,2016,52.6
Middle East,Turkey,,Ankara,5,24,2016,55.6
Middle East,Turkey,,Ankara,5,25,2016,54.0
Middle East,Turkey,,Ankara,5,26,2016,53.6
Middle East,Turkey,,Ankara,5,27,2016,55.3
Middle East,Turkey,,Ankara,5,28,2016,55.6
Middle East,Turkey,,Ankara,5,29,2016,56.2
Middle East,Turkey,,Ankara,5,30,2016,60.2
Middle East,Turkey,,Ankara,5,31,2016,64.5
Middle East,Turkey,,Ankara,6,1,2016,66.5
Middle East,Turkey,,Ankara,6,2,2016,67.7
Middle East,Turkey,,Ankara,6,3,2016,66.7
Middle East,Turkey,,Ankara,6,4,2016,61.9
Middle East,Turkey,,Ankara,6,5,2016,60.5
Middle East,Turkey,,Ankara,6,6,2016,62.2
Middle East,Turkey,,Ankara,6,7,2016,61.5
Middle East,Turkey,,Ankara,6,8,2016,54.5
Middle East,Turkey,,Ankara,6,9,2016,55.4
Middle East,Turkey,,Ankara,6,10,2016,59.2
Middle East,Turkey,,Ankara,6,11,2016,63.4
Middle East,Turkey,,Ankara,6,12,2016,65.2
Middle East,Turkey,,Ankara,6,13,2016,68.9
Middle East,Turkey,,Ankara,6,14,2016,63.4
Middle East,Turkey,,Ankara,6,15,2016,64.6
Middle East,Turkey,,Ankara,6,16,2016,65.7
Middle East,Turkey,,Ankara,6,17,2016,67.7
Middle East,Turkey,,Ankara,6,18,2016,70.0
Middle East,Turkey,,Ankara,6,19,2016,73.0
Middle East,Turkey,,Ankara,6,20,2016,76.0
Middle East,Turkey,,Ankara,6,21,2016,75.4
Middle East,Turkey,,Ankara,6,22,2016,76.0
Middle East,Turkey,,Ankara,6,23,2016,76.6
Middle East,Turkey,,Ankara,6,24,2016,75.7
Middle East,Turkey,,Ankara,6,25,2016,75.3
Middle East,Turkey,,Ankara,6,26,2016,77.9
Middle East,Turkey,,Ankara,6,27,2016,73.8
Middle East,Turkey,,Ankara,6,28,2016,71.1
Middle East,Turkey,,Ankara,6,29,2016,67.8
Middle East,Turkey,,Ankara,6,30,2016,68.5
Middle East,Turkey,,Ankara,7,1,2016,69.6
Middle East,Turkey,,Ankara,7,2,2016,70.2
Middle East,Turkey,,Ankara,7,3,2016,72.8
Middle East,Turkey,,Ankara,7,4,2016,71.5
Middle East,Turkey,,Ankara,7,5,2016,70.9
Middle East,Turkey,,Ankara,7,6,2016,72.2
Middle East,Turkey,,Ankara,7,7,2016,72.6
Middle East,Turkey,,Ankara,7,8,2016,67.5
Middle East,Turkey,,Ankara,7,9,2016,66.9
Middle East,Turkey,,Ankara,7,10,2016,68.8
Middle East,Turkey,,Ankara,7,11,2016,68.2
Middle East,Turkey,,Ankara,7,12,2016,71.2
Middle East,Turkey,,Ankara,7,13,2016,75.3
Middle East,Turkey,,Ankara,7,14,2016,78.2
Middle East,Turkey,,Ankara,7,15,2016,78.6
Middle East,Turkey,,Ankara,7,16,2016,81.2
Middle East,Turkey,,Ankara,7,17,2016,83.3
Middle East,Turkey,,Ankara,7,18,2016,81.6
Middle East,Turkey,,Ankara,7,19,2016,72.8
Middle East,Turkey,,Ankara,7,20,2016,73.2
Middle East,Turkey,,Ankara,7,21,2016,72.0
Middle East,Turkey,,Ankara,7,22,2016,72.9
Middle East,Turkey,,Ankara,7,23,2016,73.0
Middle East,Turkey,,Ankara,7,24,2016,70.3
Middle East,Turkey,,Ankara,7,25,2016,70.6
Middle East,Turkey,,Ankara,7,26,2016,74.1
Middle East,Turkey,,Ankara,7,27,2016,75.1
Middle East,Turkey,,Ankara,7,28,2016,75.8
Middle East,Turkey,,Ankara,7,29,2016,76.6
Middle East,Turkey,,Ankara,7,30,2016,75.4
Middle East,Turkey,,Ankara,7,31,2016,75.8
Middle East,Turkey,,Ankara,8,1,2016,77.2
Middle East,Turkey,,Ankara,8,2,2016,81.1
Middle East,Turkey,,Ankara,8,3,2016,78.1
Middle East,Turkey,,Ankara,8,4,2016,76.7
Middle East,Turkey,,Ankara,8,5,2016,77.0
Middle East,Turkey,,Ankara,8,6,2016,77.6
Middle East,Turkey,,Ankara,8,7,2016,75.4
Middle East,Turkey,,Ankara,8,8,2016,77.6
Middle East,Turkey,,Ankara,8,9,2016,78.1
Middle East,Turkey,,Ankara,8,10,2016,75.4
Middle East,Turkey,,Ankara,8,11,2016,77.8
Middle East,Turkey,,Ankara,8,12,2016,79.3
Middle East,Turkey,,Ankara,8,13,2016,73.6
Middle East,Turkey,,Ankara,8,14,2016,66.1
Middle East,Turkey,,Ankara,8,15,2016,65.9
Middle East,Turkey,,Ankara,8,16,2016,67.3
Middle East,Turkey,,Ankara,8,17,2016,70.8
Middle East,Turkey,,Ankara,8,18,2016,74.1
Middle East,Turkey,,Ankara,8,19,2016,77.5
Middle East,Turkey,,Ankara,8,20,2016,80.0
Middle East,Turkey,,Ankara,8,21,2016,79.1
Middle East,Turkey,,Ankara,8,22,2016,76.9
Middle East,Turkey,,Ankara,8,23,2016,77.2
Middle East,Turkey,,Ankara,8,24,2016,75.4
Middle East,Turkey,,Ankara,8,25,2016,73.4
Middle East,Turkey,,Ankara,8,26,2016,71.0
Middle East,Turkey,,Ankara,8,27,2016,68.3
Middle East,Turkey,,Ankara,8,28,2016,70.3
Middle East,Turkey,,Ankara,8,29,2016,71.0
Middle East,Turkey,,Ankara,8,30,2016,73.2
Middle East,Turkey,,Ankara,8,31,2016,69.6
Middle East,Turkey,,Ankara,9,1,2016,68.2
Middle East,Turkey,,Ankara,9,2,2016,67.2
Middle East,Turkey,,Ankara,9,3,2016,66.3
Middle East,Turkey,,Ankara,9,4,2016,65.5
Middle East,Turkey,,Ankara,9,5,2016,68.2
Middle East,Turkey,,Ankara,9,6,2016,71.6
Middle East,Turkey,,Ankara,9,7,2016,74.1
Middle East,Turkey,,Ankara,9,8,2016,69.0
Middle East,Turkey,,Ankara,9,9,2016,70.6
Middle East,Turkey,,Ankara,9,10,2016,72.7
Middle East,Turkey,,Ankara,9,11,2016,72.8
Middle East,Turkey,,Ankara,9,12,2016,74.0
Middle East,Turkey,,Ankara,9,13,2016,67.9
Middle East,Turkey,,Ankara,9,14,2016,65.3
Middle East,Turkey,,Ankara,9,15,2016,64.7
Middle East,Turkey,,Ankara,9,16,2016,61.4
Middle East,Turkey,,Ankara,9,17,2016,61.9
Middle East,Turkey,,Ankara,9,18,2016,63.4
Middle East,Turkey,,Ankara,9,19,2016,69.5
Middle East,Turkey,,Ankara,9,20,2016,63.7
Middle East,Turkey,,Ankara,9,21,2016,-99
Middle East,Turkey,,Ankara,9,22,2016,58.9
Middle East,Turkey,,Ankara,9,23,2016,51.9
Middle East,Turkey,,Ankara,9,24,2016,49.8
Middle East,Turkey,,Ankara,9,25,2016,51.5
Middle East,Turkey,,Ankara,9,26,2016,52.8
Middle East,Turkey,,Ankara,9,27,2016,55.5
Middle East,Turkey,,Ankara,9,28,2016,54.9
Middle East,Turkey,,Ankara,9,29,2016,54.4
Middle East,Turkey,,Ankara,9,30,2016,56.3
Middle East,Turkey,,Ankara,10,1,2016,57.9
Middle East,Turkey,,Ankara,10,2,2016,59.3
Middle East,Turkey,,Ankara,10,3,2016,62.5
Middle East,Turkey,,Ankara,10,4,2016,60.9
Middle East,Turkey,,Ankara,10,5,2016,62.5
Middle East,Turkey,,Ankara,10,6,2016,63.2
Middle East,Turkey,,Ankara,10,7,2016,62.3
Middle East,Turkey,,Ankara,10,8,2016,59.3
Middle East,Turkey,,Ankara,10,9,2016,56.4
Middle East,Turkey,,Ankara,10,10,2016,55.7
Middle East,Turkey,,Ankara,10,11,2016,59.3
Middle East,Turkey,,Ankara,10,12,2016,62.9
Middle East,Turkey,,Ankara,10,13,2016,59.7
Middle East,Turkey,,Ankara,10,14,2016,50.2
Middle East,Turkey,,Ankara,10,15,2016,47.2
Middle East,Turkey,,Ankara,10,16,2016,50.5
Middle East,Turkey,,Ankara,10,17,2016,49.9
Middle East,Turkey,,Ankara,10,18,2016,45.8
Middle East,Turkey,,Ankara,10,19,2016,44.4
Middle East,Turkey,,Ankara,10,20,2016,47.8
Middle East,Turkey,,Ankara,10,21,2016,49.7
Middle East,Turkey,,Ankara,10,22,2016,50.5
Middle East,Turkey,,Ankara,10,23,2016,51.9
Middle East,Turkey,,Ankara,10,24,2016,51.7
Middle East,Turkey,,Ankara,10,25,2016,46.8
Middle East,Turkey,,Ankara,10,26,2016,42.6
Middle East,Turkey,,Ankara,10,27,2016,48.3
Middle East,Turkey,,Ankara,10,28,2016,52.3
Middle East,Turkey,,Ankara,10,29,2016,51.1
Middle East,Turkey,,Ankara,10,30,2016,48.6
Middle East,Turkey,,Ankara,10,31,2016,39.2
Middle East,Turkey,,Ankara,11,1,2016,31.7
Middle East,Turkey,,Ankara,11,2,2016,32.0
Middle East,Turkey,,Ankara,11,3,2016,38.4
Middle East,Turkey,,Ankara,11,4,2016,44.4
Middle East,Turkey,,Ankara,11,5,2016,45.2
Middle East,Turkey,,Ankara,11,6,2016,47.0
Middle East,Turkey,,Ankara,11,7,2016,48.4
Middle East,Turkey,,Ankara,11,8,2016,49.5
Middle East,Turkey,,Ankara,11,9,2016,54.7
Middle East,Turkey,,Ankara,11,10,2016,56.0
Middle East,Turkey,,Ankara,11,11,2016,-99
Middle East,Turkey,,Ankara,11,12,2016,45.4
Middle East,Turkey,,Ankara,11,13,2016,46.6
Middle East,Turkey,,Ankara,11,14,2016,44.7
Middle East,Turkey,,Ankara,11,15,2016,41.2
Middle East,Turkey,,Ankara,11,16,2016,34.1
Middle East,Turkey,,Ankara,11,17,2016,29.4
Middle East,Turkey,,Ankara,11,18,2016,29.6
Middle East,Turkey,,Ankara,11,19,2016,33.4
Middle East,Turkey,,Ankara,11,20,2016,36.8
Middle East,Turkey,,Ankara,11,21,2016,36.1
Middle East,Turkey,,Ankara,11,22,2016,34.9
Middle East,Turkey,,Ankara,11,23,2016,32.7
Middle East,Turkey,,Ankara,11,24,2016,31.1
Middle East,Turkey,,Ankara,11,25,2016,32.0
Middle East,Turkey,,Ankara,11,26,2016,32.1
Middle East,Turkey,,Ankara,11,27,2016,34.9
Middle East,Turkey,,Ankara,11,28,2016,41.7
Middle East,Turkey,,Ankara,11,29,2016,44.4
Middle East,Turkey,,Ankara,11,30,2016,35.8
Middle East,Turkey,,Ankara,12,1,2016,32.9
Middle East,Turkey,,Ankara,12,2,2016,31.5
Middle East,Turkey,,Ankara,12,3,2016,32.1
Middle East,Turkey,,Ankara,12,4,2016,29.6
Middle East,Turkey,,Ankara,12,5,2016,26.1
Middle East,Turkey,,Ankara,12,6,2016,24.8
Middle East,Turkey,,Ankara,12,7,2016,28.7
Middle East,Turkey,,Ankara,12,8,2016,25.0
Middle East,Turkey,,Ankara,12,9,2016,25.7
Middle East,Turkey,,Ankara,12,10,2016,31.5
Middle East,Turkey,,Ankara,12,11,2016,33.5
Middle East,Turkey,,Ankara,12,12,2016,34.7
Middle East,Turkey,,Ankara,12,13,2016,35.3
Middle East,Turkey,,Ankara,12,14,2016,23.1
Middle East,Turkey,,Ankara,12,15,2016,21.5
Middle East,Turkey,,Ankara,12,16,2016,25.4
Middle East,Turkey,,Ankara,12,17,2016,25.4
Middle East,Turkey,,Ankara,12,18,2016,20.1
Middle East,Turkey,,Ankara,12,19,2016,19.0
Middle East,Turkey,,Ankara,12,20,2016,19.7
Middle East,Turkey,,Ankara,12,21,2016,23.3
Middle East,Turkey,,Ankara,12,22,2016,30.1
Middle East,Turkey,,Ankara,12,23,2016,32.0
Middle East,Turkey,,Ankara,12,24,2016,33.7
Middle East,Turkey,,Ankara,12,25,2016,33.8
Middle East,Turkey,,Ankara,12,26,2016,31.6
Middle East,Turkey,,Ankara,12,27,2016,33.8
Middle East,Turkey,,Ankara,12,28,2016,29.8
Middle East,Turkey,,Ankara,12,29,2016,32.6
Middle East,Turkey,,Ankara,12,30,2016,30.1
Middle East,Turkey,,Ankara,12,31,2016,27.4
Middle East,Turkey,,Ankara,1,1,2017,25.2
Middle East,Turkey,,Ankara,1,2,2017,14.5
Middle East,Turkey,,Ankara,1,3,2017,14.0
Middle East,Turkey,,Ankara,1,4,2017,20.6
Middle East,Turkey,,Ankara,1,5,2017,29.6
Middle East,Turkey,,Ankara,1,6,2017,40.9
Middle East,Turkey,,Ankara,1,7,2017,36.0
Middle East,Turkey,,Ankara,1,8,2017,24.3
Middle East,Turkey,,Ankara,1,9,2017,19.7
Middle East,Turkey,,Ankara,1,10,2017,19.7
Middle East,Turkey,,Ankara,1,11,2017,28.5
Middle East,Turkey,,Ankara,1,12,2017,22.7
Middle East,Turkey,,Ankara,1,13,2017,19.7
Middle East,Turkey,,Ankara,1,14,2017,16.2
Middle East,Turkey,,Ankara,1,15,2017,26.9
Middle East,Turkey,,Ankara,1,16,2017,31.4
Middle East,Turkey,,Ankara,1,17,2017,34.0
Middle East,Turkey,,Ankara,1,18,2017,33.0
Middle East,Turkey,,Ankara,1,19,2017,31.6
Middle East,Turkey,,Ankara,1,20,2017,33.8
Middle East,Turkey,,Ankara,1,21,2017,27.2
Middle East,Turkey,,Ankara,1,22,2017,24.4
Middle East,Turkey,,Ankara,1,23,2017,24.6
Middle East,Turkey,,Ankara,1,24,2017,22.7
Middle East,Turkey,,Ankara,1,25,2017,31.4
Middle East,Turkey,,Ankara,1,26,2017,26.3
Middle East,Turkey,,Ankara,1,27,2017,21.5
Middle East,Turkey,,Ankara,1,28,2017,23.3
Middle East,Turkey,,Ankara,1,29,2017,24.6
Middle East,Turkey,,Ankara,1,30,2017,18.1
Middle East,Turkey,,Ankara,1,31,2017,15.5
Middle East,Turkey,,Ankara,2,1,2017,14.1
Middle East,Turkey,,Ankara,2,2,2017,15.8
Middle East,Turkey,,Ankara,2,3,2017,22.3
Middle East,Turkey,,Ankara,2,4,2017,32.6
Middle East,Turkey,,Ankara,2,5,2017,37.4
Middle East,Turkey,,Ankara,2,6,2017,39.4
Middle East,Turkey,,Ankara,2,7,2017,35.6
Middle East,Turkey,,Ankara,2,8,2017,36.6
Middle East,Turkey,,Ankara,2,9,2017,37.4
Middle East,Turkey,,Ankara,2,10,2017,32.5
Middle East,Turkey,,Ankara,2,11,2017,34.8
Middle East,Turkey,,Ankara,2,12,2017,26.5
Middle East,Turkey,,Ankara,2,13,2017,25.3
Middle East,Turkey,,Ankara,2,14,2017,24.2
Middle East,Turkey,,Ankara,2,15,2017,24.9
Middle East,Turkey,,Ankara,2,16,2017,26.1
Middle East,Turkey,,Ankara,2,17,2017,24.8
Middle East,Turkey,,Ankara,2,18,2017,30.6
Middle East,Turkey,,Ankara,2,19,2017,35.3
Middle East,Turkey,,Ankara,2,20,2017,38.9
Middle East,Turkey,,Ankara,2,21,2017,41.0
Middle East,Turkey,,Ankara,2,22,2017,39.9
Middle East,Turkey,,Ankara,2,23,2017,39.9
Middle East,Turkey,,Ankara,2,24,2017,43.1
Middle East,Turkey,,Ankara,2,25,2017,44.8
Middle East,Turkey,,Ankara,2,26,2017,44.0
Middle East,Turkey,,Ankara,2,27,2017,43.1
Middle East,Turkey,,Ankara,2,28,2017,46.9
Middle East,Turkey,,Ankara,3,1,2017,50.3
Middle East,Turkey,,Ankara,3,2,2017,46.7
Middle East,Turkey,,Ankara,3,3,2017,45.0
Middle East,Turkey,,Ankara,3,4,2017,40.8
Middle East,Turkey,,Ankara,3,5,2017,39.6
Middle East,Turkey,,Ankara,3,6,2017,43.0
Middle East,Turkey,,Ankara,3,7,2017,46.0
Middle East,Turkey,,Ankara,3,8,2017,45.0
Middle East,Turkey,,Ankara,3,9,2017,49.7
Middle East,Turkey,,Ankara,3,10,2017,44.8
Middle East,Turkey,,Ankara,3,11,2017,45.1
Middle East,Turkey,,Ankara,3,12,2017,42.8
Middle East,Turkey,,Ankara,3,13,2017,41.7
Middle East,Turkey,,Ankara,3,14,2017,35.2
Middle East,Turkey,,Ankara,3,15,2017,35.3
Middle East,Turkey,,Ankara,3,16,2017,37.7
Middle East,Turkey,,Ankara,3,17,2017,34.2
Middle East,Turkey,,Ankara,3,18,2017,36.3
Middle East,Turkey,,Ankara,3,19,2017,38.7
Middle East,Turkey,,Ankara,3,20,2017,43.7
Middle East,Turkey,,Ankara,3,21,2017,47.7
Middle East,Turkey,,Ankara,3,22,2017,43.4
Middle East,Turkey,,Ankara,3,23,2017,45.8
Middle East,Turkey,,Ankara,3,24,2017,46.9
Middle East,Turkey,,Ankara,3,25,2017,50.0
Middle East,Turkey,,Ankara,3,26,2017,50.2
Middle East,Turkey,,Ankara,3,27,2017,41.2
Middle East,Turkey,,Ankara,3,28,2017,40.3
Middle East,Turkey,,Ankara,3,29,2017,45.7
Middle East,Turkey,,Ankara,3,30,2017,51.4
Middle East,Turkey,,Ankara,3,31,2017,51.1
Middle East,Turkey,,Ankara,4,1,2017,49.7
Middle East,Turkey,,Ankara,4,2,2017,48.0
Middle East,Turkey,,Ankara,4,3,2017,50.5
Middle East,Turkey,,Ankara,4,4,2017,53.6
Middle East,Turkey,,Ankara,4,5,2017,57.1
Middle East,Turkey,,Ankara,4,6,2017,53.6
Middle East,Turkey,,Ankara,4,7,2017,49.6
Middle East,Turkey,,Ankara,4,8,2017,40.4
Middle East,Turkey,,Ankara,4,9,2017,38.9
Middle East,Turkey,,Ankara,4,10,2017,39.2
Middle East,Turkey,,Ankara,4,11,2017,43.6
Middle East,Turkey,,Ankara,4,12,2017,46.4
Middle East,Turkey,,Ankara,4,13,2017,46.4
Middle East,Turkey,,Ankara,4,14,2017,51.3
Middle East,Turkey,,Ankara,4,15,2017,49.4
Middle East,Turkey,,Ankara,4,16,2017,51.9
Middle East,Turkey,,Ankara,4,17,2017,53.4
Middle East,Turkey,,Ankara,4,18,2017,48.1
Middle East,Turkey,,Ankara,4,19,2017,47.9
Middle East,Turkey,,Ankara,4,20,2017,56.9
Middle East,Turkey,,Ankara,4,21,2017,44.3
Middle East,Turkey,,Ankara,4,22,2017,43.6
Middle East,Turkey,,Ankara,4,23,2017,39.0
Middle East,Turkey,,Ankara,4,24,2017,39.3
Middle East,Turkey,,Ankara,4,25,2017,42.2
Middle East,Turkey,,Ankara,4,26,2017,49.0
Middle East,Turkey,,Ankara,4,27,2017,53.8
Middle East,Turkey,,Ankara,4,28,2017,57.7
Middle East,Turkey,,Ankara,4,29,2017,59.3
Middle East,Turkey,,Ankara,4,30,2017,62.9
Middle East,Turkey,,Ankara,5,1,2017,62.5
Middle East,Turkey,,Ankara,5,2,2017,58.1
Middle East,Turkey,,Ankara,5,3,2017,58.0
Middle East,Turkey,,Ankara,5,4,2017,58.8
Middle East,Turkey,,Ankara,5,5,2017,60.8
Middle East,Turkey,,Ankara,5,6,2017,54.2
Middle East,Turkey,,Ankara,5,7,2017,52.6
Middle East,Turkey,,Ankara,5,8,2017,59.5
Middle East,Turkey,,Ankara,5,9,2017,63.7
Middle East,Turkey,,Ankara,5,10,2017,59.6
Middle East,Turkey,,Ankara,5,11,2017,56.8
Middle East,Turkey,,Ankara,5,12,2017,60.5
Middle East,Turkey,,Ankara,5,13,2017,67.0
Middle East,Turkey,,Ankara,5,14,2017,65.9
Middle East,Turkey,,Ankara,5,15,2017,57.6
Middle East,Turkey,,Ankara,5,16,2017,57.2
Middle East,Turkey,,Ankara,5,17,2017,56.5
Middle East,Turkey,,Ankara,5,18,2017,60.5
Middle East,Turkey,,Ankara,5,19,2017,52.3
Middle East,Turkey,,Ankara,5,20,2017,54.1
Middle East,Turkey,,Ankara,5,21,2017,49.5
Middle East,Turkey,,Ankara,5,22,2017,50.9
Middle East,Turkey,,Ankara,5,23,2017,52.3
Middle East,Turkey,,Ankara,5,24,2017,54.0
Middle East,Turkey,,Ankara,5,25,2017,60.1
Middle East,Turkey,,Ankara,5,26,2017,53.6
Middle East,Turkey,,Ankara,5,27,2017,54.5
Middle East,Turkey,,Ankara,5,28,2017,54.3
Middle East,Turkey,,Ankara,5,29,2017,57.9
Middle East,Turkey,,Ankara,5,30,2017,57.2
Middle East,Turkey,,Ankara,5,31,2017,53.4
Middle East,Turkey,,Ankara,6,1,2017,57.6
Middle East,Turkey,,Ankara,6,2,2017,61.2
Middle East,Turkey,,Ankara,6,3,2017,65.1
Middle East,Turkey,,Ankara,6,4,2017,63.6
Middle East,Turkey,,Ankara,6,5,2017,63.5
Middle East,Turkey,,Ankara,6,6,2017,59.9
Middle East,Turkey,,Ankara,6,7,2017,66.5
Middle East,Turkey,,Ankara,6,8,2017,68.3
Middle East,Turkey,,Ankara,6,9,2017,64.9
Middle East,Turkey,,Ankara,6,10,2017,62.3
Middle East,Turkey,,Ankara,6,11,2017,62.8
Middle East,Turkey,,Ankara,6,12,2017,65.1
Middle East,Turkey,,Ankara,6,13,2017,68.6
Middle East,Turkey,,Ankara,6,14,2017,67.9
Middle East,Turkey,,Ankara,6,15,2017,64.4
Middle East,Turkey,,Ankara,6,16,2017,62.9
Middle East,Turkey,,Ankara,6,17,2017,65.2
Middle East,Turkey,,Ankara,6,18,2017,61.2
Middle East,Turkey,,Ankara,6,19,2017,57.5
Middle East,Turkey,,Ankara,6,20,2017,57.9
Middle East,Turkey,,Ankara,6,21,2017,56.1
Middle East,Turkey,,Ankara,6,22,2017,60.8
Middle East,Turkey,,Ankara,6,23,2017,66.8
Middle East,Turkey,,Ankara,6,24,2017,69.5
Middle East,Turkey,,Ankara,6,25,2017,69.3
Middle East,Turkey,,Ankara,6,26,2017,71.2
Middle East,Turkey,,Ankara,6,27,2017,74.8
Middle East,Turkey,,Ankara,6,28,2017,74.8
Middle East,Turkey,,Ankara,6,29,2017,74.2
Middle East,Turkey,,Ankara,6,30,2017,76.0
Middle East,Turkey,,Ankara,7,1,2017,77.7
Middle East,Turkey,,Ankara,7,2,2017,78.8
Middle East,Turkey,,Ankara,7,3,2017,80.7
Middle East,Turkey,,Ankara,7,4,2017,73.4
Middle East,Turkey,,Ankara,7,5,2017,69.7
Middle East,Turkey,,Ankara,7,6,2017,68.2
Middle East,Turkey,,Ankara,7,7,2017,67.3
Middle East,Turkey,,Ankara,7,8,2017,67.4
Middle East,Turkey,,Ankara,7,9,2017,70.8
Middle East,Turkey,,Ankara,7,10,2017,74.1
Middle East,Turkey,,Ankara,7,11,2017,76.0
Middle East,Turkey,,Ankara,7,12,2017,77.3
Middle East,Turkey,,Ankara,7,13,2017,77.3
Middle East,Turkey,,Ankara,7,14,2017,74.6
Middle East,Turkey,,Ankara,7,15,2017,76.9
Middle East,Turkey,,Ankara,7,16,2017,72.4
Middle East,Turkey,,Ankara,7,17,2017,77.2
Middle East,Turkey,,Ankara,7,18,2017,77.0
Middle East,Turkey,,Ankara,7,19,2017,73.2
Middle East,Turkey,,Ankara,7,20,2017,73.6
Middle East,Turkey,,Ankara,7,21,2017,76.2
Middle East,Turkey,,Ankara,7,22,2017,74.3
Middle East,Turkey,,Ankara,7,23,2017,73.8
Middle East,Turkey,,Ankara,7,24,2017,74.4
Middle East,Turkey,,Ankara,7,25,2017,76.1
Middle East,Turkey,,Ankara,7,26,2017,78.6
Middle East,Turkey,,Ankara,7,27,2017,81.8
Middle East,Turkey,,Ankara,7,28,2017,71.6
Middle East,Turkey,,Ankara,7,29,2017,69.3
Middle East,Turkey,,Ankara,7,30,2017,72.0
Middle East,Turkey,,Ankara,7,31,2017,72.2
Middle East,Turkey,,Ankara,8,1,2017,74.5
Middle East,Turkey,,Ankara,8,2,2017,78.9
Middle East,Turkey,,Ankara,8,3,2017,79.5
Middle East,Turkey,,Ankara,8,4,2017,70.4
Middle East,Turkey,,Ankara,8,5,2017,70.7
Middle East,Turkey,,Ankara,8,6,2017,75.4
Middle East,Turkey,,Ankara,8,7,2017,78.4
Middle East,Turkey,,Ankara,8,8,2017,82.8
Middle East,Turkey,,Ankara,8,9,2017,82.0
Middle East,Turkey,,Ankara,8,10,2017,79.8
Middle East,Turkey,,Ankara,8,11,2017,78.1
Middle East,Turkey,,Ankara,8,12,2017,78.6
Middle East,Turkey,,Ankara,8,13,2017,78.6
Middle East,Turkey,,Ankara,8,14,2017,77.7
Middle East,Turkey,,Ankara,8,15,2017,73.4
Middle East,Turkey,,Ankara,8,16,2017,73.1
Middle East,Turkey,,Ankara,8,17,2017,70.5
Middle East,Turkey,,Ankara,8,18,2017,72.3
Middle East,Turkey,,Ankara,8,19,2017,73.7
Middle East,Turkey,,Ankara,8,20,2017,76.6
Middle East,Turkey,,Ankara,8,21,2017,72.4
Middle East,Turkey,,Ankara,8,22,2017,70.3
Middle East,Turkey,,Ankara,8,23,2017,68.1
Middle East,Turkey,,Ankara,8,24,2017,68.8
Middle East,Turkey,,Ankara,8,25,2017,68.1
Middle East,Turkey,,Ankara,8,26,2017,67.3
Middle East,Turkey,,Ankara,8,27,2017,68.3
Middle East,Turkey,,Ankara,8,28,2017,70.8
Middle East,Turkey,,Ankara,8,29,2017,72.5
Middle East,Turkey,,Ankara,8,30,2017,67.8
Middle East,Turkey,,Ankara,8,31,2017,63.3
Middle East,Turkey,,Ankara,9,1,2017,64.4
Middle East,Turkey,,Ankara,9,2,2017,67.8
Middle East,Turkey,,Ankara,9,3,2017,70.8
Middle East,Turkey,,Ankara,9,4,2017,73.6
Middle East,Turkey,,Ankara,9,5,2017,72.3
Middle East,Turkey,,Ankara,9,6,2017,59.6
Middle East,Turkey,,Ankara,9,7,2017,59.0
Middle East,Turkey,,Ankara,9,8,2017,65.3
Middle East,Turkey,,Ankara,9,9,2017,69.0
Middle East,Turkey,,Ankara,9,10,2017,72.5
Middle East,Turkey,,Ankara,9,11,2017,74.1
Middle East,Turkey,,Ankara,9,12,2017,74.5
Middle East,Turkey,,Ankara,9,13,2017,73.1
Middle East,Turkey,,Ankara,9,14,2017,73.5
Middle East,Turkey,,Ankara,9,15,2017,77.5
Middle East,Turkey,,Ankara,9,16,2017,81.4
Middle East,Turkey,,Ankara,9,17,2017,80.9
Middle East,Turkey,,Ankara,9,18,2017,79.2
Middle East,Turkey,,Ankara,9,19,2017,80.4
Middle East,Turkey,,Ankara,9,20,2017,75.1
Middle East,Turkey,,Ankara,9,21,2017,74.3
Middle East,Turkey,,Ankara,9,22,2017,65.1
Middle East,Turkey,,Ankara,9,23,2017,60.6
Middle East,Turkey,,Ankara,9,24,2017,61.1
Middle East,Turkey,,Ankara,9,25,2017,64.8
Middle East,Turkey,,Ankara,9,26,2017,64.2
Middle East,Turkey,,Ankara,9,27,2017,61.3
Middle East,Turkey,,Ankara,9,28,2017,61.7
Middle East,Turkey,,Ankara,9,29,2017,59.5
Middle East,Turkey,,Ankara,9,30,2017,59.7
Middle East,Turkey,,Ankara,10,1,2017,57.8
Middle East,Turkey,,Ankara,10,2,2017,53.4
Middle East,Turkey,,Ankara,10,3,2017,50.7
Middle East,Turkey,,Ankara,10,4,2017,48.8
Middle East,Turkey,,Ankara,10,5,2017,49.6
Middle East,Turkey,,Ankara,10,6,2017,52.6
Middle East,Turkey,,Ankara,10,7,2017,57.5
Middle East,Turkey,,Ankara,10,8,2017,61.0
Middle East,Turkey,,Ankara,10,9,2017,51.3
Middle East,Turkey,,Ankara,10,10,2017,52.6
Middle East,Turkey,,Ankara,10,11,2017,51.1
Middle East,Turkey,,Ankara,10,12,2017,50.4
Middle East,Turkey,,Ankara,10,13,2017,50.4
Middle East,Turkey,,Ankara,10,14,2017,49.4
Middle East,Turkey,,Ankara,10,15,2017,47.8
Middle East,Turkey,,Ankara,10,16,2017,51.7
Middle East,Turkey,,Ankara,10,17,2017,51.1
Middle East,Turkey,,Ankara,10,18,2017,51.8
Middle East,Turkey,,Ankara,10,19,2017,52.0
Middle East,Turkey,,Ankara,10,20,2017,51.6
Middle East,Turkey,,Ankara,10,21,2017,52.5
Middle East,Turkey,,Ankara,10,22,2017,51.7
Middle East,Turkey,,Ankara,10,23,2017,52.6
Middle East,Turkey,,Ankara,10,24,2017,54.9
Middle East,Turkey,,Ankara,10,25,2017,53.1
Middle East,Turkey,,Ankara,10,26,2017,51.4
Middle East,Turkey,,Ankara,10,27,2017,47.6
Middle East,Turkey,,Ankara,10,28,2017,49.7
Middle East,Turkey,,Ankara,10,29,2017,49.4
Middle East,Turkey,,Ankara,10,30,2017,43.2
Middle East,Turkey,,Ankara,10,31,2017,37.4
Middle East,Turkey,,Ankara,11,1,2017,33.1
Middle East,Turkey,,Ankara,11,2,2017,35.0
Middle East,Turkey,,Ankara,11,3,2017,37.1
Middle East,Turkey,,Ankara,11,4,2017,41.2
Middle East,Turkey,,Ankara,11,5,2017,44.2
Middle East,Turkey,,Ankara,11,6,2017,43.9
Middle East,Turkey,,Ankara,11,7,2017,43.3
Middle East,Turkey,,Ankara,11,8,2017,39.9
Middle East,Turkey,,Ankara,11,9,2017,42.1
Middle East,Turkey,,Ankara,11,10,2017,42.4
Middle East,Turkey,,Ankara,11,11,2017,40.5
Middle East,Turkey,,Ankara,11,12,2017,42.5
Middle East,Turkey,,Ankara,11,13,2017,44.8
Middle East,Turkey,,Ankara,11,14,2017,46.2
Middle East,Turkey,,Ankara,11,15,2017,48.3
Middle East,Turkey,,Ankara,11,16,2017,45.8
Middle East,Turkey,,Ankara,11,17,2017,44.2
Middle East,Turkey,,Ankara,11,18,2017,42.3
Middle East,Turkey,,Ankara,11,19,2017,42.4
Middle East,Turkey,,Ankara,11,20,2017,47.4
Middle East,Turkey,,Ankara,11,21,2017,36.8
Middle East,Turkey,,Ankara,11,22,2017,32.5
Middle East,Turkey,,Ankara,11,23,2017,38.3
Middle East,Turkey,,Ankara,11,24,2017,41.8
Middle East,Turkey,,Ankara,11,25,2017,37.7
Middle East,Turkey,,Ankara,11,26,2017,36.6
Middle East,Turkey,,Ankara,11,27,2017,40.0
Middle East,Turkey,,Ankara,11,28,2017,44.2
Middle East,Turkey,,Ankara,11,29,2017,39.0
Middle East,Turkey,,Ankara,11,30,2017,37.0
Middle East,Turkey,,Ankara,12,1,2017,38.9
Middle East,Turkey,,Ankara,12,2,2017,41.6
Middle East,Turkey,,Ankara,12,3,2017,42.7
Middle East,Turkey,,Ankara,12,4,2017,45.6
Middle East,Turkey,,Ankara,12,5,2017,37.8
Middle East,Turkey,,Ankara,12,6,2017,31.6
Middle East,Turkey,,Ankara,12,7,2017,32.3
Middle East,Turkey,,Ankara,12,8,2017,33.3
Middle East,Turkey,,Ankara,12,9,2017,32.1
Middle East,Turkey,,Ankara,12,10,2017,41.9
Middle East,Turkey,,Ankara,12,11,2017,41.7
Middle East,Turkey,,Ankara,12,12,2017,38.1
Middle East,Turkey,,Ankara,12,13,2017,37.3
Middle East,Turkey,,Ankara,12,14,2017,32.8
Middle East,Turkey,,Ankara,12,15,2017,31.3
Middle East,Turkey,,Ankara,12,16,2017,34.7
Middle East,Turkey,,Ankara,12,17,2017,44.2
Middle East,Turkey,,Ankara,12,18,2017,45.6
Middle East,Turkey,,Ankara,12,19,2017,40.9
Middle East,Turkey,,Ankara,12,20,2017,40.2
Middle East,Turkey,,Ankara,12,21,2017,39.2
Middle East,Turkey,,Ankara,12,22,2017,38.7
Middle East,Turkey,,Ankara,12,23,2017,35.2
Middle East,Turkey,,Ankara,12,24,2017,29.1
Middle East,Turkey,,Ankara,12,25,2017,27.1
Middle East,Turkey,,Ankara,12,26,2017,28.2
Middle East,Turkey,,Ankara,12,27,2017,28.5
Middle East,Turkey,,Ankara,12,28,2017,32.0
Middle East,Turkey,,Ankara,12,29,2017,39.3
Middle East,Turkey,,Ankara,12,30,2017,43.8
Middle East,Turkey,,Ankara,12,31,2017,40.7
Middle East,Turkey,,Ankara,1,1,2018,35.8
Middle East,Turkey,,Ankara,1,2,2018,36.1
Middle East,Turkey,,Ankara,1,3,2018,39.4
Middle East,Turkey,,Ankara,1,4,2018,-99
Middle East,Turkey,,Ankara,1,5,2018,41.0
Middle East,Turkey,,Ankara,1,6,2018,37.2
Middle East,Turkey,,Ankara,1,7,2018,33.5
Middle East,Turkey,,Ankara,1,8,2018,32.6
Middle East,Turkey,,Ankara,1,9,2018,35.4
Middle East,Turkey,,Ankara,1,10,2018,36.2
Middle East,Turkey,,Ankara,1,11,2018,37.5
Middle East,Turkey,,Ankara,1,12,2018,42.2
Middle East,Turkey,,Ankara,1,13,2018,42.6
Middle East,Turkey,,Ankara,1,14,2018,36.8
Middle East,Turkey,,Ankara,1,15,2018,31.0
Middle East,Turkey,,Ankara,1,16,2018,32.0
Middle East,Turkey,,Ankara,1,17,2018,39.2
Middle East,Turkey,,Ankara,1,18,2018,37.7
Middle East,Turkey,,Ankara,1,19,2018,31.3
Middle East,Turkey,,Ankara,1,20,2018,31.5
Middle East,Turkey,,Ankara,1,21,2018,40.6
Middle East,Turkey,,Ankara,1,22,2018,41.0
Middle East,Turkey,,Ankara,1,23,2018,35.6
Middle East,Turkey,,Ankara,1,24,2018,29.1
Middle East,Turkey,,Ankara,1,25,2018,26.2
Middle East,Turkey,,Ankara,1,26,2018,28.0
Middle East,Turkey,,Ankara,1,27,2018,30.5
Middle East,Turkey,,Ankara,1,28,2018,32.1
Middle East,Turkey,,Ankara,1,29,2018,33.7
Middle East,Turkey,,Ankara,1,30,2018,33.3
Middle East,Turkey,,Ankara,1,31,2018,34.0
Middle East,Turkey,,Ankara,2,1,2018,34.9
Middle East,Turkey,,Ankara,2,2,2018,36.1
Middle East,Turkey,,Ankara,2,3,2018,41.9
Middle East,Turkey,,Ankara,2,4,2018,44.4
Middle East,Turkey,,Ankara,2,5,2018,43.0
Middle East,Turkey,,Ankara,2,6,2018,40.7
Middle East,Turkey,,Ankara,2,7,2018,43.0
Middle East,Turkey,,Ankara,2,8,2018,42.7
Middle East,Turkey,,Ankara,2,9,2018,42.4
Middle East,Turkey,,Ankara,2,10,2018,40.9
Middle East,Turkey,,Ankara,2,11,2018,45.3
Middle East,Turkey,,Ankara,2,12,2018,40.9
Middle East,Turkey,,Ankara,2,13,2018,35.8
Middle East,Turkey,,Ankara,2,14,2018,36.1
Middle East,Turkey,,Ankara,2,15,2018,36.1
Middle East,Turkey,,Ankara,2,16,2018,43.2
Middle East,Turkey,,Ankara,2,17,2018,39.8
Middle East,Turkey,,Ankara,2,18,2018,36.5
Middle East,Turkey,,Ankara,2,19,2018,37.2
Middle East,Turkey,,Ankara,2,20,2018,41.0
Middle East,Turkey,,Ankara,2,21,2018,42.5
Middle East,Turkey,,Ankara,2,22,2018,42.1
Middle East,Turkey,,Ankara,2,23,2018,43.7
Middle East,Turkey,,Ankara,2,24,2018,43.4
Middle East,Turkey,,Ankara,2,25,2018,38.7
Middle East,Turkey,,Ankara,2,26,2018,39.2
Middle East,Turkey,,Ankara,2,27,2018,42.8
Middle East,Turkey,,Ankara,2,28,2018,41.5
Middle East,Turkey,,Ankara,3,1,2018,29.5
Middle East,Turkey,,Ankara,3,2,2018,35.6
Middle East,Turkey,,Ankara,3,3,2018,47.2
Middle East,Turkey,,Ankara,3,4,2018,44.3
Middle East,Turkey,,Ankara,3,5,2018,46.7
Middle East,Turkey,,Ankara,3,6,2018,46.0
Middle East,Turkey,,Ankara,3,7,2018,50.6
Middle East,Turkey,,Ankara,3,8,2018,48.7
Middle East,Turkey,,Ankara,3,9,2018,46.0
Middle East,Turkey,,Ankara,3,10,2018,43.5
Middle East,Turkey,,Ankara,3,11,2018,44.7
Middle East,Turkey,,Ankara,3,12,2018,46.7
Middle East,Turkey,,Ankara,3,13,2018,48.4
Middle East,Turkey,,Ankara,3,14,2018,46.1
Middle East,Turkey,,Ankara,3,15,2018,45.0
Middle East,Turkey,,Ankara,3,16,2018,44.0
Middle East,Turkey,,Ankara,3,17,2018,51.1
Middle East,Turkey,,Ankara,3,18,2018,53.5
Middle East,Turkey,,Ankara,3,19,2018,55.5
Middle East,Turkey,,Ankara,3,20,2018,51.5
Middle East,Turkey,,Ankara,3,21,2018,46.9
Middle East,Turkey,,Ankara,3,22,2018,49.9
Middle East,Turkey,,Ankara,3,23,2018,58.4
Middle East,Turkey,,Ankara,3,24,2018,46.5
Middle East,Turkey,,Ankara,3,25,2018,46.4
Middle East,Turkey,,Ankara,3,26,2018,49.1
Middle East,Turkey,,Ankara,3,27,2018,52.3
Middle East,Turkey,,Ankara,3,28,2018,53.6
Middle East,Turkey,,Ankara,3,29,2018,44.0
Middle East,Turkey,,Ankara,3,30,2018,45.3
Middle East,Turkey,,Ankara,3,31,2018,47.8
Middle East,Turkey,,Ankara,4,1,2018,54.0
Middle East,Turkey,,Ankara,4,2,2018,45.4
Middle East,Turkey,,Ankara,4,3,2018,42.1
Middle East,Turkey,,Ankara,4,4,2018,46.9
Middle East,Turkey,,Ankara,4,5,2018,52.7
Middle East,Turkey,,Ankara,4,6,2018,56.4
Middle East,Turkey,,Ankara,4,7,2018,58.4
Middle East,Turkey,,Ankara,4,8,2018,57.1
Middle East,Turkey,,Ankara,4,9,2018,55.8
Middle East,Turkey,,Ankara,4,10,2018,56.3
Middle East,Turkey,,Ankara,4,11,2018,55.0
Middle East,Turkey,,Ankara,4,12,2018,58.3
Middle East,Turkey,,Ankara,4,13,2018,58.7
Middle East,Turkey,,Ankara,4,14,2018,59.6
Middle East,Turkey,,Ankara,4,15,2018,54.6
Middle East,Turkey,,Ankara,4,16,2018,51.2
Middle East,Turkey,,Ankara,4,17,2018,55.0
Middle East,Turkey,,Ankara,4,18,2018,59.8
Middle East,Turkey,,Ankara,4,19,2018,57.9
Middle East,Turkey,,Ankara,4,20,2018,45.5
Middle East,Turkey,,Ankara,4,21,2018,45.2
Middle East,Turkey,,Ankara,4,22,2018,49.6
Middle East,Turkey,,Ankara,4,23,2018,56.4
Middle East,Turkey,,Ankara,4,24,2018,56.9
Middle East,Turkey,,Ankara,4,25,2018,59.9
Middle East,Turkey,,Ankara,4,26,2018,61.8
Middle East,Turkey,,Ankara,4,27,2018,62.9
Middle East,Turkey,,Ankara,4,28,2018,62.2
Middle East,Turkey,,Ankara,4,29,2018,61.4
Middle East,Turkey,,Ankara,4,30,2018,62.1
Middle East,Turkey,,Ankara,5,1,2018,64.5
Middle East,Turkey,,Ankara,5,2,2018,62.3
Middle East,Turkey,,Ankara,5,3,2018,62.6
Middle East,Turkey,,Ankara,5,4,2018,66.3
Middle East,Turkey,,Ankara,5,5,2018,63.5
Middle East,Turkey,,Ankara,5,6,2018,57.2
Middle East,Turkey,,Ankara,5,7,2018,59.9
Middle East,Turkey,,Ankara,5,8,2018,57.4
Middle East,Turkey,,Ankara,5,9,2018,55.1
Middle East,Turkey,,Ankara,5,10,2018,56.3
Middle East,Turkey,,Ankara,5,11,2018,56.0
Middle East,Turkey,,Ankara,5,12,2018,53.5
Middle East,Turkey,,Ankara,5,13,2018,54.5
Middle East,Turkey,,Ankara,5,14,2018,58.6
Middle East,Turkey,,Ankara,5,15,2018,61.6
Middle East,Turkey,,Ankara,5,16,2018,64.9
Middle East,Turkey,,Ankara,5,17,2018,67.7
Middle East,Turkey,,Ankara,5,18,2018,64.6
Middle East,Turkey,,Ankara,5,19,2018,67.0
Middle East,Turkey,,Ankara,5,20,2018,61.4
Middle East,Turkey,,Ankara,5,21,2018,59.8
Middle East,Turkey,,Ankara,5,22,2018,62.5
Middle East,Turkey,,Ankara,5,23,2018,64.6
Middle East,Turkey,,Ankara,5,24,2018,63.0
Middle East,Turkey,,Ankara,5,25,2018,62.6
Middle East,Turkey,,Ankara,5,26,2018,56.4
Middle East,Turkey,,Ankara,5,27,2018,65.7
Middle East,Turkey,,Ankara,5,28,2018,66.9
Middle East,Turkey,,Ankara,5,29,2018,63.1
Middle East,Turkey,,Ankara,5,30,2018,62.1
Middle East,Turkey,,Ankara,5,31,2018,60.5
Middle East,Turkey,,Ankara,6,1,2018,62.8
Middle East,Turkey,,Ankara,6,2,2018,64.0
Middle East,Turkey,,Ankara,6,3,2018,64.0
Middle East,Turkey,,Ankara,6,4,2018,66.6
Middle East,Turkey,,Ankara,6,5,2018,62.9
Middle East,Turkey,,Ankara,6,6,2018,64.4
Middle East,Turkey,,Ankara,6,7,2018,64.6
Middle East,Turkey,,Ankara,6,8,2018,67.0
Middle East,Turkey,,Ankara,6,9,2018,70.8
Middle East,Turkey,,Ankara,6,10,2018,71.5
Middle East,Turkey,,Ankara,6,11,2018,71.3
Middle East,Turkey,,Ankara,6,12,2018,68.0
Middle East,Turkey,,Ankara,6,13,2018,69.2
Middle East,Turkey,,Ankara,6,14,2018,73.6
Middle East,Turkey,,Ankara,6,15,2018,68.3
Middle East,Turkey,,Ankara,6,16,2018,63.6
Middle East,Turkey,,Ankara,6,17,2018,63.1
Middle East,Turkey,,Ankara,6,18,2018,65.2
Middle East,Turkey,,Ankara,6,19,2018,66.9
Middle East,Turkey,,Ankara,6,20,2018,66.1
Middle East,Turkey,,Ankara,6,21,2018,67.7
Middle East,Turkey,,Ankara,6,22,2018,65.7
Middle East,Turkey,,Ankara,6,23,2018,66.2
Middle East,Turkey,,Ankara,6,24,2018,67.0
Middle East,Turkey,,Ankara,6,25,2018,70.4
Middle East,Turkey,,Ankara,6,26,2018,70.7
Middle East,Turkey,,Ankara,6,27,2018,72.5
Middle East,Turkey,,Ankara,6,28,2018,75.4
Middle East,Turkey,,Ankara,6,29,2018,70.4
Middle East,Turkey,,Ankara,6,30,2018,68.1
Middle East,Turkey,,Ankara,7,1,2018,70.9
Middle East,Turkey,,Ankara,7,2,2018,73.4
Middle East,Turkey,,Ankara,7,3,2018,73.4
Middle East,Turkey,,Ankara,7,4,2018,71.6
Middle East,Turkey,,Ankara,7,5,2018,69.0
Middle East,Turkey,,Ankara,7,6,2018,71.4
Middle East,Turkey,,Ankara,7,7,2018,73.6
Middle East,Turkey,,Ankara,7,8,2018,75.1
Middle East,Turkey,,Ankara,7,9,2018,73.7
Middle East,Turkey,,Ankara,7,10,2018,77.2
Middle East,Turkey,,Ankara,7,11,2018,79.9
Middle East,Turkey,,Ankara,7,12,2018,78.0
Middle East,Turkey,,Ankara,7,13,2018,76.4
Middle East,Turkey,,Ankara,7,14,2018,71.0
Middle East,Turkey,,Ankara,7,15,2018,69.7
Middle East,Turkey,,Ankara,7,16,2018,70.3
Middle East,Turkey,,Ankara,7,17,2018,69.7
Middle East,Turkey,,Ankara,7,18,2018,69.3
Middle East,Turkey,,Ankara,7,19,2018,67.2
Middle East,Turkey,,Ankara,7,20,2018,70.1
Middle East,Turkey,,Ankara,7,21,2018,73.6
Middle East,Turkey,,Ankara,7,22,2018,72.9
Middle East,Turkey,,Ankara,7,23,2018,74.3
Middle East,Turkey,,Ankara,7,24,2018,72.8
Middle East,Turkey,,Ankara,7,25,2018,72.7
Middle East,Turkey,,Ankara,7,26,2018,71.4
Middle East,Turkey,,Ankara,7,27,2018,73.2
Middle East,Turkey,,Ankara,7,28,2018,70.8
Middle East,Turkey,,Ankara,7,29,2018,74.3
Middle East,Turkey,,Ankara,7,30,2018,78.4
Middle East,Turkey,,Ankara,7,31,2018,76.4
Middle East,Turkey,,Ankara,8,1,2018,73.7
Middle East,Turkey,,Ankara,8,2,2018,72.7
Middle East,Turkey,,Ankara,8,3,2018,73.8
Middle East,Turkey,,Ankara,8,4,2018,72.2
Middle East,Turkey,,Ankara,8,5,2018,73.1
Middle East,Turkey,,Ankara,8,6,2018,74.4
Middle East,Turkey,,Ankara,8,7,2018,72.8
Middle East,Turkey,,Ankara,8,8,2018,72.1
Middle East,Turkey,,Ankara,8,9,2018,70.9
Middle East,Turkey,,Ankara,8,10,2018,70.2
Middle East,Turkey,,Ankara,8,11,2018,68.3
Middle East,Turkey,,Ankara,8,12,2018,69.0
Middle East,Turkey,,Ankara,8,13,2018,68.4
Middle East,Turkey,,Ankara,8,14,2018,69.4
Middle East,Turkey,,Ankara,8,15,2018,72.7
Middle East,Turkey,,Ankara,8,16,2018,76.2
Middle East,Turkey,,Ankara,8,17,2018,79.4
Middle East,Turkey,,Ankara,8,18,2018,76.3
Middle East,Turkey,,Ankara,8,19,2018,73.2
Middle East,Turkey,,Ankara,8,20,2018,71.1
Middle East,Turkey,,Ankara,8,21,2018,75.4
Middle East,Turkey,,Ankara,8,22,2018,75.5
Middle East,Turkey,,Ankara,8,23,2018,73.6
Middle East,Turkey,,Ankara,8,24,2018,75.8
Middle East,Turkey,,Ankara,8,25,2018,78.7
Middle East,Turkey,,Ankara,8,26,2018,81.5
Middle East,Turkey,,Ankara,8,27,2018,82.2
Middle East,Turkey,,Ankara,8,28,2018,80.5
Middle East,Turkey,,Ankara,8,29,2018,78.9
Middle East,Turkey,,Ankara,8,30,2018,72.7
Middle East,Turkey,,Ankara,8,31,2018,76.0
Middle East,Turkey,,Ankara,9,1,2018,77.5
Middle East,Turkey,,Ankara,9,2,2018,76.4
Middle East,Turkey,,Ankara,9,3,2018,74.4
Middle East,Turkey,,Ankara,9,4,2018,75.8
Middle East,Turkey,,Ankara,9,5,2018,76.0
Middle East,Turkey,,Ankara,9,6,2018,67.1
Middle East,Turkey,,Ankara,9,7,2018,62.6
Middle East,Turkey,,Ankara,9,8,2018,64.6
Middle East,Turkey,,Ankara,9,9,2018,64.9
Middle East,Turkey,,Ankara,9,10,2018,63.7
Middle East,Turkey,,Ankara,9,11,2018,61.4
Middle East,Turkey,,Ankara,9,12,2018,64.6
Middle East,Turkey,,Ankara,9,13,2018,67.8
Middle East,Turkey,,Ankara,9,14,2018,64.3
Middle East,Turkey,,Ankara,9,15,2018,62.7
Middle East,Turkey,,Ankara,9,16,2018,62.3
Middle East,Turkey,,Ankara,9,17,2018,57.7
Middle East,Turkey,,Ankara,9,18,2018,64.0
Middle East,Turkey,,Ankara,9,19,2018,62.1
Middle East,Turkey,,Ankara,9,20,2018,64.2
Middle East,Turkey,,Ankara,9,21,2018,64.1
Middle East,Turkey,,Ankara,9,22,2018,66.1
Middle East,Turkey,,Ankara,9,23,2018,66.5
Middle East,Turkey,,Ankara,9,24,2018,60.5
Middle East,Turkey,,Ankara,9,25,2018,62.5
Middle East,Turkey,,Ankara,9,26,2018,50.9
Middle East,Turkey,,Ankara,9,27,2018,54.5
Middle East,Turkey,,Ankara,9,28,2018,58.2
Middle East,Turkey,,Ankara,9,29,2018,65.3
Middle East,Turkey,,Ankara,9,30,2018,64.1
Middle East,Turkey,,Ankara,10,1,2018,64.1
Middle East,Turkey,,Ankara,10,2,2018,58.1
Middle East,Turkey,,Ankara,10,3,2018,60.5
Middle East,Turkey,,Ankara,10,4,2018,58.5
Middle East,Turkey,,Ankara,10,5,2018,54.0
Middle East,Turkey,,Ankara,10,6,2018,52.6
Middle East,Turkey,,Ankara,10,7,2018,52.9
Middle East,Turkey,,Ankara,10,8,2018,56.7
Middle East,Turkey,,Ankara,10,9,2018,60.4
Middle East,Turkey,,Ankara,10,10,2018,57.2
Middle East,Turkey,,Ankara,10,11,2018,57.9
Middle East,Turkey,,Ankara,10,12,2018,61.2
Middle East,Turkey,,Ankara,10,13,2018,61.1
Middle East,Turkey,,Ankara,10,14,2018,61.5
Middle East,Turkey,,Ankara,10,15,2018,60.6
Middle East,Turkey,,Ankara,10,16,2018,63.2
Middle East,Turkey,,Ankara,10,17,2018,62.3
Middle East,Turkey,,Ankara,10,18,2018,60.0
Middle East,Turkey,,Ankara,10,19,2018,59.8
Middle East,Turkey,,Ankara,10,20,2018,60.2
Middle East,Turkey,,Ankara,10,21,2018,52.2
Middle East,Turkey,,Ankara,10,22,2018,46.1
Middle East,Turkey,,Ankara,10,23,2018,55.5
Middle East,Turkey,,Ankara,10,24,2018,54.0
Middle East,Turkey,,Ankara,10,25,2018,42.6
Middle East,Turkey,,Ankara,10,26,2018,41.5
Middle East,Turkey,,Ankara,10,27,2018,42.2
Middle East,Turkey,,Ankara,10,28,2018,45.6
Middle East,Turkey,,Ankara,10,29,2018,48.9
Middle East,Turkey,,Ankara,10,30,2018,50.6
Middle East,Turkey,,Ankara,10,31,2018,50.1
Middle East,Turkey,,Ankara,11,1,2018,51.4
Middle East,Turkey,,Ankara,11,2,2018,52.2
Middle East,Turkey,,Ankara,11,3,2018,49.2
Middle East,Turkey,,Ankara,11,4,2018,52.3
Middle East,Turkey,,Ankara,11,5,2018,51.5
Middle East,Turkey,,Ankara,11,6,2018,47.4
Middle East,Turkey,,Ankara,11,7,2018,43.8
Middle East,Turkey,,Ankara,11,8,2018,44.5
Middle East,Turkey,,Ankara,11,9,2018,47.5
Middle East,Turkey,,Ankara,11,10,2018,48.3
Middle East,Turkey,,Ankara,11,11,2018,44.0
Middle East,Turkey,,Ankara,11,12,2018,44.7
Middle East,Turkey,,Ankara,11,13,2018,43.8
Middle East,Turkey,,Ankara,11,14,2018,-99
Middle East,Turkey,,Ankara,11,15,2018,-99
Middle East,Turkey,,Ankara,11,16,2018,38.8
Middle East,Turkey,,Ankara,11,17,2018,-99
Middle East,Turkey,,Ankara,11,18,2018,43.6
Middle East,Turkey,,Ankara,11,19,2018,48.2
Middle East,Turkey,,Ankara,11,20,2018,50.5
Middle East,Turkey,,Ankara,11,21,2018,49.5
Middle East,Turkey,,Ankara,11,22,2018,45.6
Middle East,Turkey,,Ankara,11,23,2018,43.9
Middle East,Turkey,,Ankara,11,24,2018,35.4
Middle East,Turkey,,Ankara,11,25,2018,31.3
Middle East,Turkey,,Ankara,11,26,2018,37.7
Middle East,Turkey,,Ankara,11,27,2018,50.5
Middle East,Turkey,,Ankara,11,28,2018,50.1
Middle East,Turkey,,Ankara,11,29,2018,46.2
Middle East,Turkey,,Ankara,11,30,2018,42.4
Middle East,Turkey,,Ankara,12,1,2018,41.1
Middle East,Turkey,,Ankara,12,2,2018,40.3
Middle East,Turkey,,Ankara,12,3,2018,37.6
Middle East,Turkey,,Ankara,12,4,2018,40.9
Middle East,Turkey,,Ankara,12,5,2018,45.7
Middle East,Turkey,,Ankara,12,6,2018,40.6
Middle East,Turkey,,Ankara,12,7,2018,35.5
Middle East,Turkey,,Ankara,12,8,2018,29.9
Middle East,Turkey,,Ankara,12,9,2018,32.5
Middle East,Turkey,,Ankara,12,10,2018,42.4
Middle East,Turkey,,Ankara,12,11,2018,37.5
Middle East,Turkey,,Ankara,12,12,2018,33.4
Middle East,Turkey,,Ankara,12,13,2018,26.9
Middle East,Turkey,,Ankara,12,14,2018,31.1
Middle East,Turkey,,Ankara,12,15,2018,36.4
Middle East,Turkey,,Ankara,12,16,2018,38.0
Middle East,Turkey,,Ankara,12,17,2018,40.2
Middle East,Turkey,,Ankara,12,18,2018,42.5
Middle East,Turkey,,Ankara,12,19,2018,43.7
Middle East,Turkey,,Ankara,12,20,2018,39.7
Middle East,Turkey,,Ankara,12,21,2018,40.6
Middle East,Turkey,,Ankara,12,22,2018,39.3
Middle East,Turkey,,Ankara,12,23,2018,34.7
Middle East,Turkey,,Ankara,12,24,2018,37.5
Middle East,Turkey,,Ankara,12,25,2018,35.2
Middle East,Turkey,,Ankara,12,26,2018,23.5
Middle East,Turkey,,Ankara,12,27,2018,17.1
Middle East,Turkey,,Ankara,12,28,2018,22.0
Middle East,Turkey,,Ankara,12,29,2018,16.5
Middle East,Turkey,,Ankara,12,30,2018,23.7
Middle East,Turkey,,Ankara,12,31,2018,27.9
Middle East,Turkey,,Ankara,1,1,2019,26.7
Middle East,Turkey,,Ankara,1,2,2019,31.1
Middle East,Turkey,,Ankara,1,3,2019,38.0
Middle East,Turkey,,Ankara,1,4,2019,35.6
Middle East,Turkey,,Ankara,1,5,2019,29.3
Middle East,Turkey,,Ankara,1,6,2019,26.8
Middle East,Turkey,,Ankara,1,7,2019,22.4
Middle East,Turkey,,Ankara,1,8,2019,24.5
Middle East,Turkey,,Ankara,1,9,2019,13.0
Middle East,Turkey,,Ankara,1,10,2019,16.7
Middle East,Turkey,,Ankara,1,11,2019,31.7
Middle East,Turkey,,Ankara,1,12,2019,34.8
Middle East,Turkey,,Ankara,1,13,2019,33.6
Middle East,Turkey,,Ankara,1,14,2019,36.0
Middle East,Turkey,,Ankara,1,15,2019,36.5
Middle East,Turkey,,Ankara,1,16,2019,27.9
Middle East,Turkey,,Ankara,1,17,2019,27.8
Middle East,Turkey,,Ankara,1,18,2019,29.5
Middle East,Turkey,,Ankara,1,19,2019,31.5
Middle East,Turkey,,Ankara,1,20,2019,31.6
Middle East,Turkey,,Ankara,1,21,2019,31.5
Middle East,Turkey,,Ankara,1,22,2019,32.6
Middle East,Turkey,,Ankara,1,23,2019,-99
Middle East,Turkey,,Ankara,1,24,2019,39.4
Middle East,Turkey,,Ankara,1,25,2019,42.9
Middle East,Turkey,,Ankara,1,26,2019,42.3
Middle East,Turkey,,Ankara,1,27,2019,37.5
Middle East,Turkey,,Ankara,1,28,2019,35.3
Middle East,Turkey,,Ankara,1,29,2019,39.8
Middle East,Turkey,,Ankara,1,30,2019,41.9
Middle East,Turkey,,Ankara,1,31,2019,42.5
Middle East,Turkey,,Ankara,2,1,2019,37.6
Middle East,Turkey,,Ankara,2,2,2019,35.0
Middle East,Turkey,,Ankara,2,3,2019,36.9
Middle East,Turkey,,Ankara,2,4,2019,38.5
Middle East,Turkey,,Ankara,2,5,2019,39.5
Middle East,Turkey,,Ankara,2,6,2019,38.7
Middle East,Turkey,,Ankara,2,7,2019,40.6
Middle East,Turkey,,Ankara,2,8,2019,40.5
Middle East,Turkey,,Ankara,2,9,2019,39.9
Middle East,Turkey,,Ankara,2,10,2019,39.1
Middle East,Turkey,,Ankara,2,11,2019,38.4
Middle East,Turkey,,Ankara,2,12,2019,38.7
Middle East,Turkey,,Ankara,2,13,2019,41.3
Middle East,Turkey,,Ankara,2,14,2019,38.8
Middle East,Turkey,,Ankara,2,15,2019,36.5
Middle East,Turkey,,Ankara,2,16,2019,37.5
Middle East,Turkey,,Ankara,2,17,2019,35.6
Middle East,Turkey,,Ankara,2,18,2019,39.1
Middle East,Turkey,,Ankara,2,19,2019,38.2
Middle East,Turkey,,Ankara,2,20,2019,38.0
Middle East,Turkey,,Ankara,2,21,2019,38.1
Middle East,Turkey,,Ankara,2,22,2019,37.2
Middle East,Turkey,,Ankara,2,23,2019,37.7
Middle East,Turkey,,Ankara,2,24,2019,38.7
Middle East,Turkey,,Ankara,2,25,2019,35.6
Middle East,Turkey,,Ankara,2,26,2019,38.2
Middle East,Turkey,,Ankara,2,27,2019,31.4
Middle East,Turkey,,Ankara,2,28,2019,29.5
Middle East,Turkey,,Ankara,3,1,2019,35.3
Middle East,Turkey,,Ankara,3,2,2019,37.4
Middle East,Turkey,,Ankara,3,3,2019,36.9
Middle East,Turkey,,Ankara,3,4,2019,38.1
Middle East,Turkey,,Ankara,3,5,2019,40.5
Middle East,Turkey,,Ankara,3,6,2019,42.5
Middle East,Turkey,,Ankara,3,7,2019,39.5
Middle East,Turkey,,Ankara,3,8,2019,39.3
Middle East,Turkey,,Ankara,3,9,2019,43.2
Middle East,Turkey,,Ankara,3,10,2019,46.9
Middle East,Turkey,,Ankara,3,11,2019,46.4
Middle East,Turkey,,Ankara,3,12,2019,49.1
Middle East,Turkey,,Ankara,3,13,2019,43.2
Middle East,Turkey,,Ankara,3,14,2019,44.6
Middle East,Turkey,,Ankara,3,15,2019,41.9
Middle East,Turkey,,Ankara,3,16,2019,37.8
Middle East,Turkey,,Ankara,3,17,2019,40.8
Middle East,Turkey,,Ankara,3,18,2019,44.6
Middle East,Turkey,,Ankara,3,19,2019,48.6
Middle East,Turkey,,Ankara,3,20,2019,49.4
Middle East,Turkey,,Ankara,3,21,2019,45.6
Middle East,Turkey,,Ankara,3,22,2019,42.9
Middle East,Turkey,,Ankara,3,23,2019,40.4
Middle East,Turkey,,Ankara,3,24,2019,33.2
Middle East,Turkey,,Ankara,3,25,2019,38.9
Middle East,Turkey,,Ankara,3,26,2019,44.1
Middle East,Turkey,,Ankara,3,27,2019,45.2
Middle East,Turkey,,Ankara,3,28,2019,40.9
Middle East,Turkey,,Ankara,3,29,2019,35.6
Middle East,Turkey,,Ankara,3,30,2019,35.7
Middle East,Turkey,,Ankara,3,31,2019,39.0
Middle East,Turkey,,Ankara,4,1,2019,44.9
Middle East,Turkey,,Ankara,4,2,2019,46.0
Middle East,Turkey,,Ankara,4,3,2019,45.5
Middle East,Turkey,,Ankara,4,4,2019,47.0
Middle East,Turkey,,Ankara,4,5,2019,47.3
Middle East,Turkey,,Ankara,4,6,2019,51.0
Middle East,Turkey,,Ankara,4,7,2019,52.6
Middle East,Turkey,,Ankara,4,8,2019,52.0
Middle East,Turkey,,Ankara,4,9,2019,46.4
Middle East,Turkey,,Ankara,4,10,2019,48.0
Middle East,Turkey,,Ankara,4,11,2019,46.8
Middle East,Turkey,,Ankara,4,12,2019,49.0
Middle East,Turkey,,Ankara,4,13,2019,51.0
Middle East,Turkey,,Ankara,4,14,2019,49.8
Middle East,Turkey,,Ankara,4,15,2019,46.8
Middle East,Turkey,,Ankara,4,16,2019,45.0
Middle East,Turkey,,Ankara,4,17,2019,42.4
Middle East,Turkey,,Ankara,4,18,2019,41.6
Middle East,Turkey,,Ankara,4,19,2019,41.3
Middle East,Turkey,,Ankara,4,20,2019,35.9
Middle East,Turkey,,Ankara,4,21,2019,39.8
Middle East,Turkey,,Ankara,4,22,2019,40.3
Middle East,Turkey,,Ankara,4,23,2019,45.7
Middle East,Turkey,,Ankara,4,24,2019,-99
Middle East,Turkey,,Ankara,4,25,2019,54.2
Middle East,Turkey,,Ankara,4,26,2019,56.2
Middle East,Turkey,,Ankara,4,27,2019,55.2
Middle East,Turkey,,Ankara,4,28,2019,54.1
Middle East,Turkey,,Ankara,4,29,2019,58.7
Middle East,Turkey,,Ankara,4,30,2019,61.9
Middle East,Turkey,,Ankara,5,1,2019,59.4
Middle East,Turkey,,Ankara,5,2,2019,51.4
Middle East,Turkey,,Ankara,5,3,2019,51.4
Middle East,Turkey,,Ankara,5,4,2019,55.0
Middle East,Turkey,,Ankara,5,5,2019,61.0
Middle East,Turkey,,Ankara,5,6,2019,62.1
Middle East,Turkey,,Ankara,5,7,2019,56.8
Middle East,Turkey,,Ankara,5,8,2019,45.2
Middle East,Turkey,,Ankara,5,9,2019,48.1
Middle East,Turkey,,Ankara,5,10,2019,49.5
Middle East,Turkey,,Ankara,5,11,2019,52.1
Middle East,Turkey,,Ankara,5,12,2019,54.4
Middle East,Turkey,,Ankara,5,13,2019,58.0
Middle East,Turkey,,Ankara,5,14,2019,61.6
Middle East,Turkey,,Ankara,5,15,2019,67.9
Middle East,Turkey,,Ankara,5,16,2019,-99
Middle East,Turkey,,Ankara,5,17,2019,-99
Middle East,Turkey,,Ankara,5,18,2019,-99
Middle East,Turkey,,Ankara,5,19,2019,-99
Middle East,Turkey,,Ankara,5,20,2019,64.6
Middle East,Turkey,,Ankara,5,21,2019,66.6
Middle East,Turkey,,Ankara,5,22,2019,65.6
Middle East,Turkey,,Ankara,5,23,2019,59.0
Middle East,Turkey,,Ankara,5,24,2019,62.8
Middle East,Turkey,,Ankara,5,25,2019,60.5
Middle East,Turkey,,Ankara,5,26,2019,60.7
Middle East,Turkey,,Ankara,5,27,2019,65.1
Middle East,Turkey,,Ankara,5,28,2019,69.1
Middle East,Turkey,,Ankara,5,29,2019,74.6
Middle East,Turkey,,Ankara,5,30,2019,70.6
Middle East,Turkey,,Ankara,5,31,2019,70.8
Middle East,Turkey,,Ankara,6,1,2019,68.1
Middle East,Turkey,,Ankara,6,2,2019,68.9
Middle East,Turkey,,Ankara,6,3,2019,70.7
Middle East,Turkey,,Ankara,6,4,2019,70.4
Middle East,Turkey,,Ankara,6,5,2019,69.1
Middle East,Turkey,,Ankara,6,6,2019,68.3
Middle East,Turkey,,Ankara,6,7,2019,69.2
Middle East,Turkey,,Ankara,6,8,2019,70.9
Middle East,Turkey,,Ankara,6,9,2019,68.2
Middle East,Turkey,,Ankara,6,10,2019,67.6
Middle East,Turkey,,Ankara,6,11,2019,65.1
Middle East,Turkey,,Ankara,6,12,2019,63.7
Middle East,Turkey,,Ankara,6,13,2019,65.6
Middle East,Turkey,,Ankara,6,14,2019,65.5
Middle East,Turkey,,Ankara,6,15,2019,66.4
Middle East,Turkey,,Ankara,6,16,2019,67.4
Middle East,Turkey,,Ankara,6,17,2019,69.2
Middle East,Turkey,,Ankara,6,18,2019,65.7
Middle East,Turkey,,Ankara,6,19,2019,68.7
Middle East,Turkey,,Ankara,6,20,2019,66.1
Middle East,Turkey,,Ankara,6,21,2019,66.5
Middle East,Turkey,,Ankara,6,22,2019,69.1
Middle East,Turkey,,Ankara,6,23,2019,69.2
Middle East,Turkey,,Ankara,6,24,2019,70.7
Middle East,Turkey,,Ankara,6,25,2019,75.3
Middle East,Turkey,,Ankara,6,26,2019,75.9
Middle East,Turkey,,Ankara,6,27,2019,74.0
Middle East,Turkey,,Ankara,6,28,2019,73.0
Middle East,Turkey,,Ankara,6,29,2019,64.7
Middle East,Turkey,,Ankara,6,30,2019,59.7
Middle East,Turkey,,Ankara,7,1,2019,63.4
Middle East,Turkey,,Ankara,7,2,2019,68.7
Middle East,Turkey,,Ankara,7,3,2019,73.0
Middle East,Turkey,,Ankara,7,4,2019,72.1
Middle East,Turkey,,Ankara,7,5,2019,70.2
Middle East,Turkey,,Ankara,7,6,2019,70.3
Middle East,Turkey,,Ankara,7,7,2019,71.3
Middle East,Turkey,,Ankara,7,8,2019,73.3
Middle East,Turkey,,Ankara,7,9,2019,73.6
Middle East,Turkey,,Ankara,7,10,2019,73.0
Middle East,Turkey,,Ankara,7,11,2019,65.2
Middle East,Turkey,,Ankara,7,12,2019,64.3
Middle East,Turkey,,Ankara,7,13,2019,61.9
Middle East,Turkey,,Ankara,7,14,2019,64.8
Middle East,Turkey,,Ankara,7,15,2019,62.3
Middle East,Turkey,,Ankara,7,16,2019,66.6
Middle East,Turkey,,Ankara,7,17,2019,67.5
Middle East,Turkey,,Ankara,7,18,2019,64.9
Middle East,Turkey,,Ankara,7,19,2019,67.0
Middle East,Turkey,,Ankara,7,20,2019,69.8
Middle East,Turkey,,Ankara,7,21,2019,70.0
Middle East,Turkey,,Ankara,7,22,2019,70.9
Middle East,Turkey,,Ankara,7,23,2019,70.5
Middle East,Turkey,,Ankara,7,24,2019,70.1
Middle East,Turkey,,Ankara,7,25,2019,69.0
Middle East,Turkey,,Ankara,7,26,2019,70.3
Middle East,Turkey,,Ankara,7,27,2019,73.8
Middle East,Turkey,,Ankara,7,28,2019,75.1
Middle East,Turkey,,Ankara,7,29,2019,78.4
Middle East,Turkey,,Ankara,7,30,2019,77.0
Middle East,Turkey,,Ankara,7,31,2019,76.1
Middle East,Turkey,,Ankara,8,1,2019,77.9
Middle East,Turkey,,Ankara,8,2,2019,75.9
Middle East,Turkey,,Ankara,8,3,2019,75.3
Middle East,Turkey,,Ankara,8,4,2019,69.9
Middle East,Turkey,,Ankara,8,5,2019,67.4
Middle East,Turkey,,Ankara,8,6,2019,67.6
Middle East,Turkey,,Ankara,8,7,2019,68.5
Middle East,Turkey,,Ankara,8,8,2019,71.7
Middle East,Turkey,,Ankara,8,9,2019,74.2
Middle East,Turkey,,Ankara,8,10,2019,73.9
Middle East,Turkey,,Ankara,8,11,2019,73.0
Middle East,Turkey,,Ankara,8,12,2019,73.5
Middle East,Turkey,,Ankara,8,13,2019,75.4
Middle East,Turkey,,Ankara,8,14,2019,83.1
Middle East,Turkey,,Ankara,8,15,2019,83.7
Middle East,Turkey,,Ankara,8,16,2019,73.6
Middle East,Turkey,,Ankara,8,17,2019,69.1
Middle East,Turkey,,Ankara,8,18,2019,63.0
Middle East,Turkey,,Ankara,8,19,2019,63.6
Middle East,Turkey,,Ankara,8,20,2019,67.9
Middle East,Turkey,,Ankara,8,21,2019,67.5
Middle East,Turkey,,Ankara,8,22,2019,69.2
Middle East,Turkey,,Ankara,8,23,2019,71.8
Middle East,Turkey,,Ankara,8,24,2019,75.3
Middle East,Turkey,,Ankara,8,25,2019,75.3
Middle East,Turkey,,Ankara,8,26,2019,74.4
Middle East,Turkey,,Ankara,8,27,2019,71.1
Middle East,Turkey,,Ankara,8,28,2019,72.4
Middle East,Turkey,,Ankara,8,29,2019,72.0
Middle East,Turkey,,Ankara,8,30,2019,71.4
Middle East,Turkey,,Ankara,8,31,2019,71.9
Middle East,Turkey,,Ankara,9,1,2019,72.3
Middle East,Turkey,,Ankara,9,2,2019,73.4
Middle East,Turkey,,Ankara,9,3,2019,72.1
Middle East,Turkey,,Ankara,9,4,2019,72.0
Middle East,Turkey,,Ankara,9,5,2019,68.7
Middle East,Turkey,,Ankara,9,6,2019,68.3
Middle East,Turkey,,Ankara,9,7,2019,67.0
Middle East,Turkey,,Ankara,9,8,2019,66.7
Middle East,Turkey,,Ankara,9,9,2019,67.8
Middle East,Turkey,,Ankara,9,10,2019,68.5
Middle East,Turkey,,Ankara,9,11,2019,69.2
Middle East,Turkey,,Ankara,9,12,2019,68.8
Middle East,Turkey,,Ankara,9,13,2019,67.1
Middle East,Turkey,,Ankara,9,14,2019,65.5
Middle East,Turkey,,Ankara,9,15,2019,62.5
Middle East,Turkey,,Ankara,9,16,2019,61.7
Middle East,Turkey,,Ankara,9,17,2019,64.6
Middle East,Turkey,,Ankara,9,18,2019,63.1
Middle East,Turkey,,Ankara,9,19,2019,67.0
Middle East,Turkey,,Ankara,9,20,2019,65.5
Middle East,Turkey,,Ankara,9,21,2019,51.2
Middle East,Turkey,,Ankara,9,22,2019,51.6
Middle East,Turkey,,Ankara,9,23,2019,55.5
Middle East,Turkey,,Ankara,9,24,2019,61.4
Middle East,Turkey,,Ankara,9,25,2019,61.5
Middle East,Turkey,,Ankara,9,26,2019,62.3
Middle East,Turkey,,Ankara,9,27,2019,63.2
Middle East,Turkey,,Ankara,9,28,2019,58.9
Middle East,Turkey,,Ankara,9,29,2019,60.2
Middle East,Turkey,,Ankara,9,30,2019,61.9
Middle East,Turkey,,Ankara,10,1,2019,63.6
Middle East,Turkey,,Ankara,10,2,2019,64.9
Middle East,Turkey,,Ankara,10,3,2019,63.2
Middle East,Turkey,,Ankara,10,4,2019,61.8
Middle East,Turkey,,Ankara,10,5,2019,60.0
Middle East,Turkey,,Ankara,10,6,2019,53.3
Middle East,Turkey,,Ankara,10,7,2019,51.8
Middle East,Turkey,,Ankara,10,8,2019,58.2
Middle East,Turkey,,Ankara,10,9,2019,56.6
Middle East,Turkey,,Ankara,10,10,2019,59.6
Middle East,Turkey,,Ankara,10,11,2019,60.8
Middle East,Turkey,,Ankara,10,12,2019,59.3
Middle East,Turkey,,Ankara,10,13,2019,57.0
Middle East,Turkey,,Ankara,10,14,2019,57.9
Middle East,Turkey,,Ankara,10,15,2019,61.7
Middle East,Turkey,,Ankara,10,16,2019,60.8
Middle East,Turkey,,Ankara,10,17,2019,60.0
Middle East,Turkey,,Ankara,10,18,2019,60.4
Middle East,Turkey,,Ankara,10,19,2019,58.1
Middle East,Turkey,,Ankara,10,20,2019,55.1
Middle East,Turkey,,Ankara,10,21,2019,56.1
Middle East,Turkey,,Ankara,10,22,2019,57.7
Middle East,Turkey,,Ankara,10,23,2019,56.3
Middle East,Turkey,,Ankara,10,24,2019,55.6
Middle East,Turkey,,Ankara,10,25,2019,53.9
Middle East,Turkey,,Ankara,10,26,2019,51.2
Middle East,Turkey,,Ankara,10,27,2019,53.7
Middle East,Turkey,,Ankara,10,28,2019,52.4
Middle East,Turkey,,Ankara,10,29,2019,50.8
Middle East,Turkey,,Ankara,10,30,2019,49.4
Middle East,Turkey,,Ankara,10,31,2019,51.8
Middle East,Turkey,,Ankara,11,1,2019,46.9
Middle East,Turkey,,Ankara,11,2,2019,38.8
Middle East,Turkey,,Ankara,11,3,2019,39.7
Middle East,Turkey,,Ankara,11,4,2019,45.6
Middle East,Turkey,,Ankara,11,5,2019,51.1
Middle East,Turkey,,Ankara,11,6,2019,50.6
Middle East,Turkey,,Ankara,11,7,2019,48.4
Middle East,Turkey,,Ankara,11,8,2019,49.9
Middle East,Turkey,,Ankara,11,9,2019,49.7
Middle East,Turkey,,Ankara,11,10,2019,48.5
Middle East,Turkey,,Ankara,11,11,2019,48.5
Middle East,Turkey,,Ankara,11,12,2019,48.9
Middle East,Turkey,,Ankara,11,13,2019,46.5
Middle East,Turkey,,Ankara,11,14,2019,50.4
Middle East,Turkey,,Ankara,11,15,2019,49.6
Middle East,Turkey,,Ankara,11,16,2019,49.7
Middle East,Turkey,,Ankara,11,17,2019,45.5
Middle East,Turkey,,Ankara,11,18,2019,42.9
Middle East,Turkey,,Ankara,11,19,2019,40.2
Middle East,Turkey,,Ankara,11,20,2019,38.3
Middle East,Turkey,,Ankara,11,21,2019,36.6
Middle East,Turkey,,Ankara,11,22,2019,38.2
Middle East,Turkey,,Ankara,11,23,2019,38.3
Middle East,Turkey,,Ankara,11,24,2019,42.6
Middle East,Turkey,,Ankara,11,25,2019,42.3
Middle East,Turkey,,Ankara,11,26,2019,43.6
Middle East,Turkey,,Ankara,11,27,2019,45.8
Middle East,Turkey,,Ankara,11,28,2019,44.4
Middle East,Turkey,,Ankara,11,29,2019,42.5
Middle East,Turkey,,Ankara,11,30,2019,47.8
Middle East,Turkey,,Ankara,12,1,2019,41.2
Middle East,Turkey,,Ankara,12,2,2019,34.1
Middle East,Turkey,,Ankara,12,3,2019,34.4
Middle East,Turkey,,Ankara,12,4,2019,34.4
Middle East,Turkey,,Ankara,12,5,2019,33.0
Middle East,Turkey,,Ankara,12,6,2019,28.0
Middle East,Turkey,,Ankara,12,7,2019,26.6
Middle East,Turkey,,Ankara,12,8,2019,31.5
Middle East,Turkey,,Ankara,12,9,2019,33.2
Middle East,Turkey,,Ankara,12,10,2019,34.4
Middle East,Turkey,,Ankara,12,11,2019,33.6
Middle East,Turkey,,Ankara,12,12,2019,39.2
Middle East,Turkey,,Ankara,12,13,2019,42.9
Middle East,Turkey,,Ankara,12,14,2019,44.4
Middle East,Turkey,,Ankara,12,15,2019,41.0
Middle East,Turkey,,Ankara,12,16,2019,34.4
Middle East,Turkey,,Ankara,12,17,2019,30.2
Middle East,Turkey,,Ankara,12,18,2019,29.0
Middle East,Turkey,,Ankara,12,19,2019,33.5
Middle East,Turkey,,Ankara,12,20,2019,35.4
Middle East,Turkey,,Ankara,12,21,2019,36.3
Middle East,Turkey,,Ankara,12,22,2019,36.7
Middle East,Turkey,,Ankara,12,23,2019,45.3
Middle East,Turkey,,Ankara,12,24,2019,43.4
Middle East,Turkey,,Ankara,12,25,2019,37.7
Middle East,Turkey,,Ankara,12,26,2019,35.5
Middle East,Turkey,,Ankara,12,27,2019,38.0
Middle East,Turkey,,Ankara,12,28,2019,34.1
Middle East,Turkey,,Ankara,12,29,2019,33.5
Middle East,Turkey,,Ankara,12,30,2019,35.3
Middle East,Turkey,,Ankara,12,31,2019,38.6
Middle East,Turkey,,Ankara,1,1,2020,36.1
Middle East,Turkey,,Ankara,1,2,2020,33.3
Middle East,Turkey,,Ankara,1,3,2020,31.9
Middle East,Turkey,,Ankara,1,4,2020,30.7
Middle East,Turkey,,Ankara,1,5,2020,32.3
Middle East,Turkey,,Ankara,1,6,2020,31.8
Middle East,Turkey,,Ankara,1,7,2020,37.5
Middle East,Turkey,,Ankara,1,8,2020,36.4
Middle East,Turkey,,Ankara,1,9,2020,29.2
Middle East,Turkey,,Ankara,1,10,2020,24.5
Middle East,Turkey,,Ankara,1,11,2020,20.9
Middle East,Turkey,,Ankara,1,12,2020,34.1
Middle East,Turkey,,Ankara,1,13,2020,30.8
Middle East,Turkey,,Ankara,1,14,2020,30.2
Middle East,Turkey,,Ankara,1,15,2020,31.4
Middle East,Turkey,,Ankara,1,16,2020,30.1
Middle East,Turkey,,Ankara,1,17,2020,31.1
Middle East,Turkey,,Ankara,1,18,2020,30.6
Middle East,Turkey,,Ankara,1,19,2020,29.2
Middle East,Turkey,,Ankara,1,20,2020,28.1
Middle East,Turkey,,Ankara,1,21,2020,28.3
Middle East,Turkey,,Ankara,1,22,2020,26.4
Middle East,Turkey,,Ankara,1,23,2020,26.9
Middle East,Turkey,,Ankara,1,24,2020,26.3
Middle East,Turkey,,Ankara,1,25,2020,26.4
Middle East,Turkey,,Ankara,1,26,2020,28.4
Middle East,Turkey,,Ankara,1,27,2020,32.5
Middle East,Turkey,,Ankara,1,28,2020,33.0
Middle East,Turkey,,Ankara,1,29,2020,41.0
Middle East,Turkey,,Ankara,1,30,2020,39.1
Middle East,Turkey,,Ankara,1,31,2020,32.0
Middle East,Turkey,,Ankara,2,1,2020,35.1
Middle East,Turkey,,Ankara,2,2,2020,41.4
Middle East,Turkey,,Ankara,2,3,2020,44.0
Middle East,Turkey,,Ankara,2,4,2020,43.8
Middle East,Turkey,,Ankara,2,5,2020,49.0
Middle East,Turkey,,Ankara,2,6,2020,36.5
Middle East,Turkey,,Ankara,2,7,2020,31.4
Middle East,Turkey,,Ankara,2,8,2020,21.9
Middle East,Turkey,,Ankara,2,9,2020,21.3
Middle East,Turkey,,Ankara,2,10,2020,24.9
Middle East,Turkey,,Ankara,2,11,2020,27.0
Middle East,Turkey,,Ankara,2,12,2020,34.6
Middle East,Turkey,,Ankara,2,13,2020,33.9
Middle East,Turkey,,Ankara,2,14,2020,31.2
Middle East,Turkey,,Ankara,2,15,2020,37.4
Middle East,Turkey,,Ankara,2,16,2020,38.6
Middle East,Turkey,,Ankara,2,17,2020,36.0
Middle East,Turkey,,Ankara,2,18,2020,34.3
Middle East,Turkey,,Ankara,2,19,2020,35.9
Middle East,Turkey,,Ankara,2,20,2020,39.7
Middle East,Turkey,,Ankara,2,21,2020,37.9
Middle East,Turkey,,Ankara,2,22,2020,35.2
Middle East,Turkey,,Ankara,2,23,2020,36.6
Middle East,Turkey,,Ankara,2,24,2020,43.0
Middle East,Turkey,,Ankara,2,25,2020,37.3
Middle East,Turkey,,Ankara,2,26,2020,40.9
Middle East,Turkey,,Ankara,2,27,2020,45.1
Middle East,Turkey,,Ankara,2,28,2020,42.0
Middle East,Turkey,,Ankara,2,29,2020,41.6
Middle East,Turkey,,Ankara,3,1,2020,38.1
Middle East,Turkey,,Ankara,3,2,2020,40.4
Middle East,Turkey,,Ankara,3,3,2020,44.8
Middle East,Turkey,,Ankara,3,4,2020,47.0
Middle East,Turkey,,Ankara,3,5,2020,47.2
Middle East,Turkey,,Ankara,3,6,2020,45.9
Middle East,Turkey,,Ankara,3,7,2020,44.8
Middle East,Turkey,,Ankara,3,8,2020,50.3
Middle East,Turkey,,Ankara,3,9,2020,55.1
Middle East,Turkey,,Ankara,3,10,2020,50.6
Middle East,Turkey,,Ankara,3,11,2020,48.0
Middle East,Turkey,,Ankara,3,12,2020,50.3
Middle East,Turkey,,Ankara,3,13,2020,55.4
Middle East,Turkey,,Ankara,3,14,2020,53.4
Middle East,Turkey,,Ankara,3,15,2020,48.2
Middle East,Turkey,,Ankara,3,16,2020,34.5
Middle East,Turkey,,Ankara,3,17,2020,29.3
Middle East,Turkey,,Ankara,3,18,2020,29.0
Middle East,Turkey,,Ankara,3,19,2020,32.7
Middle East,Turkey,,Ankara,3,20,2020,36.3
Middle East,Turkey,,Ankara,3,21,2020,41.3
Middle East,Turkey,,Ankara,3,22,2020,44.2
Middle East,Turkey,,Ankara,3,23,2020,50.4
Middle East,Turkey,,Ankara,3,24,2020,49.8
Middle East,Turkey,,Ankara,3,25,2020,48.7
Middle East,Turkey,,Ankara,3,26,2020,49.4
Middle East,Turkey,,Ankara,3,27,2020,51.5
Middle East,Turkey,,Ankara,3,28,2020,47.8
Middle East,Turkey,,Ankara,3,29,2020,42.6
Middle East,Turkey,,Ankara,3,30,2020,44.3
Middle East,Turkey,,Ankara,3,31,2020,47.8
Middle East,Turkey,,Ankara,4,1,2020,46.3
Middle East,Turkey,,Ankara,4,2,2020,46.2
Middle East,Turkey,,Ankara,4,3,2020,41.9
Middle East,Turkey,,Ankara,4,4,2020,44.9
Middle East,Turkey,,Ankara,4,5,2020,51.0
Middle East,Turkey,,Ankara,4,6,2020,46.6
Middle East,Turkey,,Ankara,4,7,2020,45.5
Middle East,Turkey,,Ankara,4,8,2020,47.5
Middle East,Turkey,,Ankara,4,9,2020,47.9
Middle East,Turkey,,Ankara,4,10,2020,48.4
Middle East,Turkey,,Ankara,4,11,2020,47.6
Middle East,Turkey,,Ankara,4,12,2020,46.8
Middle East,Turkey,,Ankara,4,13,2020,48.1
Middle East,Turkey,,Ankara,4,14,2020,50.3
Middle East,Turkey,,Ankara,4,15,2020,50.2
Middle East,Turkey,,Ankara,4,16,2020,47.6
Middle East,Turkey,,Ankara,4,17,2020,50.4
Middle East,Turkey,,Ankara,4,18,2020,55.9
Middle East,Turkey,,Ankara,4,19,2020,55.4
Middle East,Turkey,,Ankara,4,20,2020,57.6
Middle East,Turkey,,Ankara,4,21,2020,51.5
Middle East,Turkey,,Ankara,4,22,2020,45.4
Middle East,Turkey,,Ankara,4,23,2020,42.7
Middle East,Turkey,,Ankara,4,24,2020,43.4
Middle East,Turkey,,Ankara,4,25,2020,49.4
Middle East,Turkey,,Ankara,4,26,2020,51.3
Middle East,Turkey,,Ankara,4,27,2020,53.2
Middle East,Turkey,,Ankara,4,28,2020,52.5
Middle East,Turkey,,Ankara,4,29,2020,54.3
Middle East,Turkey,,Ankara,4,30,2020,55.2
Middle East,Turkey,,Ankara,5,1,2020,54.1
Middle East,Turkey,,Ankara,5,2,2020,51.2
Middle East,Turkey,,Ankara,5,3,2020,49.4
Middle East,Turkey,,Ankara,5,4,2020,53.1
Middle East,Turkey,,Ankara,5,5,2020,52.1
Middle East,Turkey,,Ankara,5,6,2020,55.2
Middle East,Turkey,,Ankara,5,7,2020,50.1
Middle East,Turkey,,Ankara,5,8,2020,49.0
Middle East,Turkey,,Ankara,5,9,2020,50.9
Middle East,Turkey,,Ankara,5,10,2020,54.5
Middle East,Turkey,,Ankara,5,11,2020,59.6
Middle East,Turkey,,Ankara,5,12,2020,67.1
Middle East,Turkey,,Ankara,5,13,2020,53.6
Middle East,Turkey,,Istanbul,1,1,1995,55.0
Middle East,Turkey,,Istanbul,1,2,1995,57.1
Middle East,Turkey,,Istanbul,1,3,1995,44.4
Middle East,Turkey,,Istanbul,1,4,1995,47.6
Middle East,Turkey,,Istanbul,1,5,1995,44.1
Middle East,Turkey,,Istanbul,1,6,1995,45.2
Middle East,Turkey,,Istanbul,1,7,1995,49.5
Middle East,Turkey,,Istanbul,1,8,1995,42.5
Middle East,Turkey,,Istanbul,1,9,1995,43.6
Middle East,Turkey,,Istanbul,1,10,1995,41.0
Middle East,Turkey,,Istanbul,1,11,1995,42.3
Middle East,Turkey,,Istanbul,1,12,1995,44.8
Middle East,Turkey,,Istanbul,1,13,1995,38.3
Middle East,Turkey,,Istanbul,1,14,1995,39.3
Middle East,Turkey,,Istanbul,1,15,1995,38.9
Middle East,Turkey,,Istanbul,1,16,1995,33.9
Middle East,Turkey,,Istanbul,1,17,1995,35.2
Middle East,Turkey,,Istanbul,1,18,1995,32.4
Middle East,Turkey,,Istanbul,1,19,1995,33.6
Middle East,Turkey,,Istanbul,1,20,1995,38.6
Middle East,Turkey,,Istanbul,1,21,1995,37.8
Middle East,Turkey,,Istanbul,1,22,1995,36.8
Middle East,Turkey,,Istanbul,1,23,1995,42.9
Middle East,Turkey,,Istanbul,1,24,1995,51.0
Middle East,Turkey,,Istanbul,1,25,1995,44.7
Middle East,Turkey,,Istanbul,1,26,1995,48.8
Middle East,Turkey,,Istanbul,1,27,1995,53.9
Middle East,Turkey,,Istanbul,1,28,1995,40.7
Middle East,Turkey,,Istanbul,1,29,1995,43.6
Middle East,Turkey,,Istanbul,1,30,1995,48.4
Middle East,Turkey,,Istanbul,1,31,1995,51.2
Middle East,Turkey,,Istanbul,2,1,1995,42.1
Middle East,Turkey,,Istanbul,2,2,1995,38.8
Middle East,Turkey,,Istanbul,2,3,1995,40.0
Middle East,Turkey,,Istanbul,2,4,1995,39.9
Middle East,Turkey,,Istanbul,2,5,1995,37.6
Middle East,Turkey,,Istanbul,2,6,1995,37.1
Middle East,Turkey,,Istanbul,2,7,1995,41.4
Middle East,Turkey,,Istanbul,2,8,1995,45.2
Middle East,Turkey,,Istanbul,2,9,1995,51.4
Middle East,Turkey,,Istanbul,2,10,1995,53.3
Middle East,Turkey,,Istanbul,2,11,1995,47.8
Middle East,Turkey,,Istanbul,2,12,1995,45.9
Middle East,Turkey,,Istanbul,2,13,1995,45.5
Middle East,Turkey,,Istanbul,2,14,1995,43.4
Middle East,Turkey,,Istanbul,2,15,1995,43.9
Middle East,Turkey,,Istanbul,2,16,1995,44.4
Middle East,Turkey,,Istanbul,2,17,1995,42.7
Middle East,Turkey,,Istanbul,2,18,1995,49.4
Middle East,Turkey,,Istanbul,2,19,1995,52.5
Middle East,Turkey,,Istanbul,2,20,1995,43.7
Middle East,Turkey,,Istanbul,2,21,1995,42.8
Middle East,Turkey,,Istanbul,2,22,1995,45.5
Middle East,Turkey,,Istanbul,2,23,1995,49.0
Middle East,Turkey,,Istanbul,2,24,1995,50.3
Middle East,Turkey,,Istanbul,2,25,1995,54.3
Middle East,Turkey,,Istanbul,2,26,1995,53.1
Middle East,Turkey,,Istanbul,2,27,1995,55.9
Middle East,Turkey,,Istanbul,2,28,1995,49.4
Middle East,Turkey,,Istanbul,3,1,1995,46.1
Middle East,Turkey,,Istanbul,3,2,1995,49.6
Middle East,Turkey,,Istanbul,3,3,1995,55.7
Middle East,Turkey,,Istanbul,3,4,1995,54.2
Middle East,Turkey,,Istanbul,3,5,1995,58.4
Middle East,Turkey,,Istanbul,3,6,1995,53.1
Middle East,Turkey,,Istanbul,3,7,1995,51.7
Middle East,Turkey,,Istanbul,3,8,1995,49.7
Middle East,Turkey,,Istanbul,3,9,1995,49.4
Middle East,Turkey,,Istanbul,3,10,1995,50.5
Middle East,Turkey,,Istanbul,3,11,1995,47.1
Middle East,Turkey,,Istanbul,3,12,1995,45.8
Middle East,Turkey,,Istanbul,3,13,1995,41.1
Middle East,Turkey,,Istanbul,3,14,1995,41.4
Middle East,Turkey,,Istanbul,3,15,1995,43.2
Middle East,Turkey,,Istanbul,3,16,1995,40.4
Middle East,Turkey,,Istanbul,3,17,1995,44.5
Middle East,Turkey,,Istanbul,3,18,1995,47.7
Middle East,Turkey,,Istanbul,3,19,1995,51.3
Middle East,Turkey,,Istanbul,3,20,1995,55.7
Middle East,Turkey,,Istanbul,3,21,1995,48.4
Middle East,Turkey,,Istanbul,3,22,1995,42.8
Middle East,Turkey,,Istanbul,3,23,1995,42.7
Middle East,Turkey,,Istanbul,3,24,1995,41.6
Middle East,Turkey,,Istanbul,3,25,1995,43.0
Middle East,Turkey,,Istanbul,3,26,1995,50.4
Middle East,Turkey,,Istanbul,3,27,1995,54.8
Middle East,Turkey,,Istanbul,3,28,1995,57.8
Middle East,Turkey,,Istanbul,3,29,1995,46.2
Middle East,Turkey,,Istanbul,3,30,1995,47.3
Middle East,Turkey,,Istanbul,3,31,1995,45.8
Middle East,Turkey,,Istanbul,4,1,1995,41.0
Middle East,Turkey,,Istanbul,4,2,1995,42.5
Middle East,Turkey,,Istanbul,4,3,1995,47.8
Middle East,Turkey,,Istanbul,4,4,1995,54.5
Middle East,Turkey,,Istanbul,4,5,1995,56.4
Middle East,Turkey,,Istanbul,4,6,1995,57.4
Middle East,Turkey,,Istanbul,4,7,1995,57.0
Middle East,Turkey,,Istanbul,4,8,1995,56.6
Middle East,Turkey,,Istanbul,4,9,1995,45.6
Middle East,Turkey,,Istanbul,4,10,1995,42.8
Middle East,Turkey,,Istanbul,4,11,1995,44.7
Middle East,Turkey,,Istanbul,4,12,1995,48.8
Middle East,Turkey,,Istanbul,4,13,1995,47.6
Middle East,Turkey,,Istanbul,4,14,1995,49.3
Middle East,Turkey,,Istanbul,4,15,1995,49.7
Middle East,Turkey,,Istanbul,4,16,1995,52.6
Middle East,Turkey,,Istanbul,4,17,1995,53.2
Middle East,Turkey,,Istanbul,4,18,1995,51.0
Middle East,Turkey,,Istanbul,4,19,1995,52.7
Middle East,Turkey,,Istanbul,4,20,1995,57.2
Middle East,Turkey,,Istanbul,4,21,1995,57.8
Middle East,Turkey,,Istanbul,4,22,1995,59.8
Middle East,Turkey,,Istanbul,4,23,1995,59.7
Middle East,Turkey,,Istanbul,4,24,1995,53.7
Middle East,Turkey,,Istanbul,4,25,1995,58.2
Middle East,Turkey,,Istanbul,4,26,1995,64.1
Middle East,Turkey,,Istanbul,4,27,1995,62.2
Middle East,Turkey,,Istanbul,4,28,1995,61.2
Middle East,Turkey,,Istanbul,4,29,1995,60.4
Middle East,Turkey,,Istanbul,4,30,1995,61.8
Middle East,Turkey,,Istanbul,5,1,1995,58.5
Middle East,Turkey,,Istanbul,5,2,1995,55.7
Middle East,Turkey,,Istanbul,5,3,1995,54.9
Middle East,Turkey,,Istanbul,5,4,1995,50.9
Middle East,Turkey,,Istanbul,5,5,1995,51.1
Middle East,Turkey,,Istanbul,5,6,1995,54.0
Middle East,Turkey,,Istanbul,5,7,1995,57.6
Middle East,Turkey,,Istanbul,5,8,1995,61.6
Middle East,Turkey,,Istanbul,5,9,1995,63.8
Middle East,Turkey,,Istanbul,5,10,1995,65.1
Middle East,Turkey,,Istanbul,5,11,1995,65.4
Middle East,Turkey,,Istanbul,5,12,1995,68.0
Middle East,Turkey,,Istanbul,5,13,1995,73.1
Middle East,Turkey,,Istanbul,5,14,1995,70.5
Middle East,Turkey,,Istanbul,5,15,1995,61.7
Middle East,Turkey,,Istanbul,5,16,1995,59.1
Middle East,Turkey,,Istanbul,5,17,1995,58.5
Middle East,Turkey,,Istanbul,5,18,1995,58.6
Middle East,Turkey,,Istanbul,5,19,1995,62.0
Middle East,Turkey,,Istanbul,5,20,1995,63.2
Middle East,Turkey,,Istanbul,5,21,1995,63.9
Middle East,Turkey,,Istanbul,5,22,1995,66.1
Middle East,Turkey,,Istanbul,5,23,1995,64.1
Middle East,Turkey,,Istanbul,5,24,1995,63.7
Middle East,Turkey,,Istanbul,5,25,1995,69.7
Middle East,Turkey,,Istanbul,5,26,1995,66.4
Middle East,Turkey,,Istanbul,5,27,1995,68.6
Middle East,Turkey,,Istanbul,5,28,1995,65.9
Middle East,Turkey,,Istanbul,5,29,1995,66.9
Middle East,Turkey,,Istanbul,5,30,1995,67.5
Middle East,Turkey,,Istanbul,5,31,1995,68.0
Middle East,Turkey,,Istanbul,6,1,1995,68.8
Middle East,Turkey,,Istanbul,6,2,1995,75.6
Middle East,Turkey,,Istanbul,6,3,1995,72.6
Middle East,Turkey,,Istanbul,6,4,1995,73.7
Middle East,Turkey,,Istanbul,6,5,1995,72.9
Middle East,Turkey,,Istanbul,6,6,1995,72.7
Middle East,Turkey,,Istanbul,6,7,1995,72.8
Middle East,Turkey,,Istanbul,6,8,1995,72.3
Middle East,Turkey,,Istanbul,6,9,1995,67.7
Middle East,Turkey,,Istanbul,6,10,1995,67.1
Middle East,Turkey,,Istanbul,6,11,1995,69.9
Middle East,Turkey,,Istanbul,6,12,1995,76.2
Middle East,Turkey,,Istanbul,6,13,1995,79.9
Middle East,Turkey,,Istanbul,6,14,1995,77.7
Middle East,Turkey,,Istanbul,6,15,1995,74.9
Middle East,Turkey,,Istanbul,6,16,1995,77.0
Middle East,Turkey,,Istanbul,6,17,1995,76.1
Middle East,Turkey,,Istanbul,6,18,1995,74.7
Middle East,Turkey,,Istanbul,6,19,1995,74.1
Middle East,Turkey,,Istanbul,6,20,1995,72.8
Middle East,Turkey,,Istanbul,6,21,1995,71.8
Middle East,Turkey,,Istanbul,6,22,1995,75.0
Middle East,Turkey,,Istanbul,6,23,1995,78.0
Middle East,Turkey,,Istanbul,6,24,1995,78.3
Middle East,Turkey,,Istanbul,6,25,1995,76.3
Middle East,Turkey,,Istanbul,6,26,1995,77.5
Middle East,Turkey,,Istanbul,6,27,1995,73.8
Middle East,Turkey,,Istanbul,6,28,1995,71.8
Middle East,Turkey,,Istanbul,6,29,1995,71.6
Middle East,Turkey,,Istanbul,6,30,1995,73.2
Middle East,Turkey,,Istanbul,7,1,1995,75.7
Middle East,Turkey,,Istanbul,7,2,1995,75.5
Middle East,Turkey,,Istanbul,7,3,1995,75.9
Middle East,Turkey,,Istanbul,7,4,1995,75.0
Middle East,Turkey,,Istanbul,7,5,1995,76.1
Middle East,Turkey,,Istanbul,7,6,1995,78.6
Middle East,Turkey,,Istanbul,7,7,1995,77.1
Middle East,Turkey,,Istanbul,7,8,1995,75.0
Middle East,Turkey,,Istanbul,7,9,1995,70.9
Middle East,Turkey,,Istanbul,7,10,1995,68.6
Middle East,Turkey,,Istanbul,7,11,1995,72.8
Middle East,Turkey,,Istanbul,7,12,1995,74.7
Middle East,Turkey,,Istanbul,7,13,1995,76.0
Middle East,Turkey,,Istanbul,7,14,1995,77.2
Middle East,Turkey,,Istanbul,7,15,1995,75.5
Middle East,Turkey,,Istanbul,7,16,1995,77.8
Middle East,Turkey,,Istanbul,7,17,1995,77.9
Middle East,Turkey,,Istanbul,7,18,1995,79.2
Middle East,Turkey,,Istanbul,7,19,1995,78.4
Middle East,Turkey,,Istanbul,7,20,1995,78.1
Middle East,Turkey,,Istanbul,7,21,1995,76.2
Middle East,Turkey,,Istanbul,7,22,1995,76.2
Middle East,Turkey,,Istanbul,7,23,1995,76.9
Middle East,Turkey,,Istanbul,7,24,1995,78.8
Middle East,Turkey,,Istanbul,7,25,1995,77.2
Middle East,Turkey,,Istanbul,7,26,1995,77.9
Middle East,Turkey,,Istanbul,7,27,1995,78.1
Middle East,Turkey,,Istanbul,7,28,1995,76.8
Middle East,Turkey,,Istanbul,7,29,1995,76.2
Middle East,Turkey,,Istanbul,7,30,1995,75.0
Middle East,Turkey,,Istanbul,7,31,1995,75.9
Middle East,Turkey,,Istanbul,8,1,1995,76.6
Middle East,Turkey,,Istanbul,8,2,1995,76.8
Middle East,Turkey,,Istanbul,8,3,1995,77.0
Middle East,Turkey,,Istanbul,8,4,1995,76.9
Middle East,Turkey,,Istanbul,8,5,1995,76.8
Middle East,Turkey,,Istanbul,8,6,1995,77.5
Middle East,Turkey,,Istanbul,8,7,1995,77.2
Middle East,Turkey,,Istanbul,8,8,1995,77.5
Middle East,Turkey,,Istanbul,8,9,1995,76.0
Middle East,Turkey,,Istanbul,8,10,1995,77.9
Middle East,Turkey,,Istanbul,8,11,1995,74.4
Middle East,Turkey,,Istanbul,8,12,1995,71.4
Middle East,Turkey,,Istanbul,8,13,1995,72.0
Middle East,Turkey,,Istanbul,8,14,1995,73.8
Middle East,Turkey,,Istanbul,8,15,1995,74.8
Middle East,Turkey,,Istanbul,8,16,1995,74.6
Middle East,Turkey,,Istanbul,8,17,1995,74.5
Middle East,Turkey,,Istanbul,8,18,1995,75.9
Middle East,Turkey,,Istanbul,8,19,1995,76.6
Middle East,Turkey,,Istanbul,8,20,1995,77.6
Middle East,Turkey,,Istanbul,8,21,1995,76.7
Middle East,Turkey,,Istanbul,8,22,1995,76.2
Middle East,Turkey,,Istanbul,8,23,1995,78.2
Middle East,Turkey,,Istanbul,8,24,1995,76.1
Middle East,Turkey,,Istanbul,8,25,1995,73.4
Middle East,Turkey,,Istanbul,8,26,1995,79.4
Middle East,Turkey,,Istanbul,8,27,1995,78.0
Middle East,Turkey,,Istanbul,8,28,1995,76.6
Middle East,Turkey,,Istanbul,8,29,1995,79.1
Middle East,Turkey,,Istanbul,8,30,1995,70.4
Middle East,Turkey,,Istanbul,8,31,1995,72.3
Middle East,Turkey,,Istanbul,9,1,1995,73.6
Middle East,Turkey,,Istanbul,9,2,1995,70.7
Middle East,Turkey,,Istanbul,9,3,1995,71.8
Middle East,Turkey,,Istanbul,9,4,1995,71.9
Middle East,Turkey,,Istanbul,9,5,1995,74.1
Middle East,Turkey,,Istanbul,9,6,1995,78.7
Middle East,Turkey,,Istanbul,9,7,1995,68.3
Middle East,Turkey,,Istanbul,9,8,1995,68.7
Middle East,Turkey,,Istanbul,9,9,1995,75.5
Middle East,Turkey,,Istanbul,9,10,1995,72.2
Middle East,Turkey,,Istanbul,9,11,1995,70.6
Middle East,Turkey,,Istanbul,9,12,1995,72.1
Middle East,Turkey,,Istanbul,9,13,1995,73.2
Middle East,Turkey,,Istanbul,9,14,1995,74.0
Middle East,Turkey,,Istanbul,9,15,1995,74.5
Middle East,Turkey,,Istanbul,9,16,1995,73.6
Middle East,Turkey,,Istanbul,9,17,1995,72.8
Middle East,Turkey,,Istanbul,9,18,1995,70.8
Middle East,Turkey,,Istanbul,9,19,1995,64.8
Middle East,Turkey,,Istanbul,9,20,1995,66.2
Middle East,Turkey,,Istanbul,9,21,1995,69.0
Middle East,Turkey,,Istanbul,9,22,1995,72.3
Middle East,Turkey,,Istanbul,9,23,1995,66.1
Middle East,Turkey,,Istanbul,9,24,1995,60.7
Middle East,Turkey,,Istanbul,9,25,1995,63.8
Middle East,Turkey,,Istanbul,9,26,1995,66.9
Middle East,Turkey,,Istanbul,9,27,1995,66.8
Middle East,Turkey,,Istanbul,9,28,1995,68.2
Middle East,Turkey,,Istanbul,9,29,1995,67.8
Middle East,Turkey,,Istanbul,9,30,1995,59.1
Middle East,Turkey,,Istanbul,10,1,1995,59.0
Middle East,Turkey,,Istanbul,10,2,1995,56.7
Middle East,Turkey,,Istanbul,10,3,1995,56.6
Middle East,Turkey,,Istanbul,10,4,1995,58.2
Middle East,Turkey,,Istanbul,10,5,1995,60.5
Middle East,Turkey,,Istanbul,10,6,1995,61.5
Middle East,Turkey,,Istanbul,10,7,1995,62.5
Middle East,Turkey,,Istanbul,10,8,1995,62.5
Middle East,Turkey,,Istanbul,10,9,1995,61.0
Middle East,Turkey,,Istanbul,10,10,1995,60.6
Middle East,Turkey,,Istanbul,10,11,1995,61.0
Middle East,Turkey,,Istanbul,10,12,1995,62.8
Middle East,Turkey,,Istanbul,10,13,1995,63.5
Middle East,Turkey,,Istanbul,10,14,1995,64.2
Middle East,Turkey,,Istanbul,10,15,1995,63.8
Middle East,Turkey,,Istanbul,10,16,1995,63.8
Middle East,Turkey,,Istanbul,10,17,1995,59.8
Middle East,Turkey,,Istanbul,10,18,1995,60.5
Middle East,Turkey,,Istanbul,10,19,1995,59.3
Middle East,Turkey,,Istanbul,10,20,1995,60.0
Middle East,Turkey,,Istanbul,10,21,1995,59.8
Middle East,Turkey,,Istanbul,10,22,1995,58.5
Middle East,Turkey,,Istanbul,10,23,1995,55.0
Middle East,Turkey,,Istanbul,10,24,1995,55.3
Middle East,Turkey,,Istanbul,10,25,1995,54.5
Middle East,Turkey,,Istanbul,10,26,1995,53.9
Middle East,Turkey,,Istanbul,10,27,1995,53.4
Middle East,Turkey,,Istanbul,10,28,1995,53.5
Middle East,Turkey,,Istanbul,10,29,1995,54.3
Middle East,Turkey,,Istanbul,10,30,1995,57.6
Middle East,Turkey,,Istanbul,10,31,1995,56.5
Middle East,Turkey,,Istanbul,11,1,1995,58.1
Middle East,Turkey,,Istanbul,11,2,1995,55.1
Middle East,Turkey,,Istanbul,11,3,1995,61.6
Middle East,Turkey,,Istanbul,11,4,1995,56.5
Middle East,Turkey,,Istanbul,11,5,1995,55.8
Middle East,Turkey,,Istanbul,11,6,1995,47.4
Middle East,Turkey,,Istanbul,11,7,1995,40.7
Middle East,Turkey,,Istanbul,11,8,1995,38.4
Middle East,Turkey,,Istanbul,11,9,1995,38.1
Middle East,Turkey,,Istanbul,11,10,1995,38.3
Middle East,Turkey,,Istanbul,11,11,1995,43.1
Middle East,Turkey,,Istanbul,11,12,1995,51.0
Middle East,Turkey,,Istanbul,11,13,1995,53.0
Middle East,Turkey,,Istanbul,11,14,1995,53.2
Middle East,Turkey,,Istanbul,11,15,1995,58.5
Middle East,Turkey,,Istanbul,11,16,1995,58.7
Middle East,Turkey,,Istanbul,11,17,1995,58.9
Middle East,Turkey,,Istanbul,11,18,1995,60.6
Middle East,Turkey,,Istanbul,11,19,1995,44.3
Middle East,Turkey,,Istanbul,11,20,1995,42.4
Middle East,Turkey,,Istanbul,11,21,1995,42.2
Middle East,Turkey,,Istanbul,11,22,1995,39.8
Middle East,Turkey,,Istanbul,11,23,1995,33.5
Middle East,Turkey,,Istanbul,11,24,1995,33.7
Middle East,Turkey,,Istanbul,11,25,1995,39.4
Middle East,Turkey,,Istanbul,11,26,1995,41.8
Middle East,Turkey,,Istanbul,11,27,1995,44.9
Middle East,Turkey,,Istanbul,11,28,1995,51.1
Middle East,Turkey,,Istanbul,11,29,1995,50.2
Middle East,Turkey,,Istanbul,11,30,1995,48.3
Middle East,Turkey,,Istanbul,12,1,1995,48.7
Middle East,Turkey,,Istanbul,12,2,1995,47.5
Middle East,Turkey,,Istanbul,12,3,1995,47.1
Middle East,Turkey,,Istanbul,12,4,1995,46.2
Middle East,Turkey,,Istanbul,12,5,1995,47.9
Middle East,Turkey,,Istanbul,12,6,1995,49.2
Middle East,Turkey,,Istanbul,12,7,1995,45.5
Middle East,Turkey,,Istanbul,12,8,1995,42.5
Middle East,Turkey,,Istanbul,12,9,1995,42.5
Middle East,Turkey,,Istanbul,12,10,1995,41.6
Middle East,Turkey,,Istanbul,12,11,1995,40.7
Middle East,Turkey,,Istanbul,12,12,1995,44.3
Middle East,Turkey,,Istanbul,12,13,1995,46.3
Middle East,Turkey,,Istanbul,12,14,1995,45.7
Middle East,Turkey,,Istanbul,12,15,1995,43.5
Middle East,Turkey,,Istanbul,12,16,1995,41.1
Middle East,Turkey,,Istanbul,12,17,1995,39.3
Middle East,Turkey,,Istanbul,12,18,1995,41.6
Middle East,Turkey,,Istanbul,12,19,1995,47.1
Middle East,Turkey,,Istanbul,12,20,1995,46.2
Middle East,Turkey,,Istanbul,12,21,1995,45.6
Middle East,Turkey,,Istanbul,12,22,1995,40.5
Middle East,Turkey,,Istanbul,12,23,1995,47.9
Middle East,Turkey,,Istanbul,12,24,1995,53.5
Middle East,Turkey,,Istanbul,12,25,1995,55.0
Middle East,Turkey,,Istanbul,12,26,1995,57.3
Middle East,Turkey,,Istanbul,12,27,1995,58.4
Middle East,Turkey,,Istanbul,12,28,1995,53.9
Middle East,Turkey,,Istanbul,12,29,1995,45.4
Middle East,Turkey,,Istanbul,12,30,1995,39.5
Middle East,Turkey,,Istanbul,12,31,1995,40.0
Middle East,Turkey,,Istanbul,1,1,1996,50.1
Middle East,Turkey,,Istanbul,1,2,1996,53.4
Middle East,Turkey,,Istanbul,1,3,1996,44.8
Middle East,Turkey,,Istanbul,1,4,1996,38.4
Middle East,Turkey,,Istanbul,1,5,1996,36.9
Middle East,Turkey,,Istanbul,1,6,1996,34.8
Middle East,Turkey,,Istanbul,1,7,1996,39.0
Middle East,Turkey,,Istanbul,1,8,1996,44.8
Middle East,Turkey,,Istanbul,1,9,1996,46.1
Middle East,Turkey,,Istanbul,1,10,1996,46.6
Middle East,Turkey,,Istanbul,1,11,1996,45.0
Middle East,Turkey,,Istanbul,1,12,1996,44.3
Middle East,Turkey,,Istanbul,1,13,1996,44.4
Middle East,Turkey,,Istanbul,1,14,1996,40.6
Middle East,Turkey,,Istanbul,1,15,1996,35.5
Middle East,Turkey,,Istanbul,1,16,1996,32.9
Middle East,Turkey,,Istanbul,1,17,1996,35.6
Middle East,Turkey,,Istanbul,1,18,1996,37.2
Middle East,Turkey,,Istanbul,1,19,1996,37.1
Middle East,Turkey,,Istanbul,1,20,1996,38.6
Middle East,Turkey,,Istanbul,1,21,1996,38.1
Middle East,Turkey,,Istanbul,1,22,1996,33.3
Middle East,Turkey,,Istanbul,1,23,1996,29.9
Middle East,Turkey,,Istanbul,1,24,1996,33.3
Middle East,Turkey,,Istanbul,1,25,1996,42.4
Middle East,Turkey,,Istanbul,1,26,1996,47.6
Middle East,Turkey,,Istanbul,1,27,1996,44.9
Middle East,Turkey,,Istanbul,1,28,1996,41.0
Middle East,Turkey,,Istanbul,1,29,1996,37.7
Middle East,Turkey,,Istanbul,1,30,1996,39.3
Middle East,Turkey,,Istanbul,1,31,1996,35.7
Middle East,Turkey,,Istanbul,2,1,1996,33.3
Middle East,Turkey,,Istanbul,2,2,1996,35.8
Middle East,Turkey,,Istanbul,2,3,1996,37.8
Middle East,Turkey,,Istanbul,2,4,1996,46.1
Middle East,Turkey,,Istanbul,2,5,1996,46.3
Middle East,Turkey,,Istanbul,2,6,1996,37.4
Middle East,Turkey,,Istanbul,2,7,1996,37.5
Middle East,Turkey,,Istanbul,2,8,1996,42.5
Middle East,Turkey,,Istanbul,2,9,1996,31.8
Middle East,Turkey,,Istanbul,2,10,1996,30.4
Middle East,Turkey,,Istanbul,2,11,1996,31.8
Middle East,Turkey,,Istanbul,2,12,1996,36.7
Middle East,Turkey,,Istanbul,2,13,1996,40.1
Middle East,Turkey,,Istanbul,2,14,1996,48.5
Middle East,Turkey,,Istanbul,2,15,1996,43.3
Middle East,Turkey,,Istanbul,2,16,1996,40.0
Middle East,Turkey,,Istanbul,2,17,1996,39.6
Middle East,Turkey,,Istanbul,2,18,1996,41.5
Middle East,Turkey,,Istanbul,2,19,1996,43.9
Middle East,Turkey,,Istanbul,2,20,1996,51.2
Middle East,Turkey,,Istanbul,2,21,1996,55.4
Middle East,Turkey,,Istanbul,2,22,1996,54.8
Middle East,Turkey,,Istanbul,2,23,1996,51.3
Middle East,Turkey,,Istanbul,2,24,1996,42.0
Middle East,Turkey,,Istanbul,2,25,1996,42.2
Middle East,Turkey,,Istanbul,2,26,1996,38.7
Middle East,Turkey,,Istanbul,2,27,1996,37.8
Middle East,Turkey,,Istanbul,2,28,1996,38.2
Middle East,Turkey,,Istanbul,2,29,1996,36.8
Middle East,Turkey,,Istanbul,3,1,1996,35.4
Middle East,Turkey,,Istanbul,3,2,1996,38.0
Middle East,Turkey,,Istanbul,3,3,1996,34.9
Middle East,Turkey,,Istanbul,3,4,1996,35.2
Middle East,Turkey,,Istanbul,3,5,1996,37.0
Middle East,Turkey,,Istanbul,3,6,1996,37.2
Middle East,Turkey,,Istanbul,3,7,1996,39.2
Middle East,Turkey,,Istanbul,3,8,1996,39.6
Middle East,Turkey,,Istanbul,3,9,1996,39.9
Middle East,Turkey,,Istanbul,3,10,1996,35.7
Middle East,Turkey,,Istanbul,3,11,1996,35.9
Middle East,Turkey,,Istanbul,3,12,1996,41.7
Middle East,Turkey,,Istanbul,3,13,1996,44.7
Middle East,Turkey,,Istanbul,3,14,1996,44.6
Middle East,Turkey,,Istanbul,3,15,1996,43.6
Middle East,Turkey,,Istanbul,3,16,1996,43.3
Middle East,Turkey,,Istanbul,3,17,1996,40.6
Middle East,Turkey,,Istanbul,3,18,1996,35.6
Middle East,Turkey,,Istanbul,3,19,1996,37.5
Middle East,Turkey,,Istanbul,3,20,1996,39.1
Middle East,Turkey,,Istanbul,3,21,1996,41.4
Middle East,Turkey,,Istanbul,3,22,1996,41.0
Middle East,Turkey,,Istanbul,3,23,1996,41.4
Middle East,Turkey,,Istanbul,3,24,1996,41.0
Middle East,Turkey,,Istanbul,3,25,1996,42.0
Middle East,Turkey,,Istanbul,3,26,1996,42.3
Middle East,Turkey,,Istanbul,3,27,1996,47.1
Middle East,Turkey,,Istanbul,3,28,1996,52.3
Middle East,Turkey,,Istanbul,3,29,1996,48.2
Middle East,Turkey,,Istanbul,3,30,1996,47.0
Middle East,Turkey,,Istanbul,3,31,1996,55.3
Middle East,Turkey,,Istanbul,4,1,1996,48.2
Middle East,Turkey,,Istanbul,4,2,1996,49.5
Middle East,Turkey,,Istanbul,4,3,1996,52.5
Middle East,Turkey,,Istanbul,4,4,1996,47.8
Middle East,Turkey,,Istanbul,4,5,1996,45.3
Middle East,Turkey,,Istanbul,4,6,1996,43.1
Middle East,Turkey,,Istanbul,4,7,1996,44.2
Middle East,Turkey,,Istanbul,4,8,1996,44.0
Middle East,Turkey,,Istanbul,4,9,1996,44.4
Middle East,Turkey,,Istanbul,4,10,1996,47.8
Middle East,Turkey,,Istanbul,4,11,1996,48.7
Middle East,Turkey,,Istanbul,4,12,1996,46.9
Middle East,Turkey,,Istanbul,4,13,1996,46.3
Middle East,Turkey,,Istanbul,4,14,1996,52.9
Middle East,Turkey,,Istanbul,4,15,1996,49.8
Middle East,Turkey,,Istanbul,4,16,1996,46.9
Middle East,Turkey,,Istanbul,4,17,1996,45.7
Middle East,Turkey,,Istanbul,4,18,1996,42.1
Middle East,Turkey,,Istanbul,4,19,1996,47.1
Middle East,Turkey,,Istanbul,4,20,1996,47.4
Middle East,Turkey,,Istanbul,4,21,1996,49.7
Middle East,Turkey,,Istanbul,4,22,1996,48.7
Middle East,Turkey,,Istanbul,4,23,1996,51.0
Middle East,Turkey,,Istanbul,4,24,1996,50.6
Middle East,Turkey,,Istanbul,4,25,1996,51.9
Middle East,Turkey,,Istanbul,4,26,1996,57.9
Middle East,Turkey,,Istanbul,4,27,1996,61.5
Middle East,Turkey,,Istanbul,4,28,1996,59.8
Middle East,Turkey,,Istanbul,4,29,1996,60.9
Middle East,Turkey,,Istanbul,4,30,1996,63.4
Middle East,Turkey,,Istanbul,5,1,1996,67.2
Middle East,Turkey,,Istanbul,5,2,1996,62.5
Middle East,Turkey,,Istanbul,5,3,1996,63.5
Middle East,Turkey,,Istanbul,5,4,1996,65.7
Middle East,Turkey,,Istanbul,5,5,1996,68.7
Middle East,Turkey,,Istanbul,5,6,1996,71.5
Middle East,Turkey,,Istanbul,5,7,1996,60.9
Middle East,Turkey,,Istanbul,5,8,1996,58.1
Middle East,Turkey,,Istanbul,5,9,1996,59.4
Middle East,Turkey,,Istanbul,5,10,1996,61.9
Middle East,Turkey,,Istanbul,5,11,1996,64.5
Middle East,Turkey,,Istanbul,5,12,1996,65.2
Middle East,Turkey,,Istanbul,5,13,1996,67.2
Middle East,Turkey,,Istanbul,5,14,1996,66.7
Middle East,Turkey,,Istanbul,5,15,1996,62.0
Middle East,Turkey,,Istanbul,5,16,1996,65.0
Middle East,Turkey,,Istanbul,5,17,1996,65.1
Middle East,Turkey,,Istanbul,5,18,1996,66.2
Middle East,Turkey,,Istanbul,5,19,1996,69.8
Middle East,Turkey,,Istanbul,5,20,1996,71.0
Middle East,Turkey,,Istanbul,5,21,1996,74.3
Middle East,Turkey,,Istanbul,5,22,1996,73.4
Middle East,Turkey,,Istanbul,5,23,1996,68.8
Middle East,Turkey,,Istanbul,5,24,1996,65.0
Middle East,Turkey,,Istanbul,5,25,1996,65.0
Middle East,Turkey,,Istanbul,5,26,1996,64.1
Middle East,Turkey,,Istanbul,5,27,1996,64.5
Middle East,Turkey,,Istanbul,5,28,1996,72.1
Middle East,Turkey,,Istanbul,5,29,1996,67.1
Middle East,Turkey,,Istanbul,5,30,1996,67.7
Middle East,Turkey,,Istanbul,5,31,1996,66.4
Middle East,Turkey,,Istanbul,6,1,1996,65.8
Middle East,Turkey,,Istanbul,6,2,1996,65.6
Middle East,Turkey,,Istanbul,6,3,1996,64.4
Middle East,Turkey,,Istanbul,6,4,1996,66.7
Middle East,Turkey,,Istanbul,6,5,1996,69.2
Middle East,Turkey,,Istanbul,6,6,1996,69.2
Middle East,Turkey,,Istanbul,6,7,1996,69.1
Middle East,Turkey,,Istanbul,6,8,1996,70.2
Middle East,Turkey,,Istanbul,6,9,1996,73.7
Middle East,Turkey,,Istanbul,6,10,1996,73.5
Middle East,Turkey,,Istanbul,6,11,1996,72.4
Middle East,Turkey,,Istanbul,6,12,1996,73.1
Middle East,Turkey,,Istanbul,6,13,1996,74.1
Middle East,Turkey,,Istanbul,6,14,1996,71.8
Middle East,Turkey,,Istanbul,6,15,1996,65.6
Middle East,Turkey,,Istanbul,6,16,1996,64.5
Middle East,Turkey,,Istanbul,6,17,1996,66.1
Middle East,Turkey,,Istanbul,6,18,1996,68.1
Middle East,Turkey,,Istanbul,6,19,1996,68.5
Middle East,Turkey,,Istanbul,6,20,1996,66.4
Middle East,Turkey,,Istanbul,6,21,1996,72.0
Middle East,Turkey,,Istanbul,6,22,1996,77.2
Middle East,Turkey,,Istanbul,6,23,1996,79.1
Middle East,Turkey,,Istanbul,6,24,1996,76.9
Middle East,Turkey,,Istanbul,6,25,1996,74.4
Middle East,Turkey,,Istanbul,6,26,1996,76.6
Middle East,Turkey,,Istanbul,6,27,1996,78.5
Middle East,Turkey,,Istanbul,6,28,1996,71.0
Middle East,Turkey,,Istanbul,6,29,1996,70.0
Middle East,Turkey,,Istanbul,6,30,1996,74.3
Middle East,Turkey,,Istanbul,7,1,1996,75.6
Middle East,Turkey,,Istanbul,7,2,1996,77.1
Middle East,Turkey,,Istanbul,7,3,1996,76.8
Middle East,Turkey,,Istanbul,7,4,1996,76.1
Middle East,Turkey,,Istanbul,7,5,1996,78.7
Middle East,Turkey,,Istanbul,7,6,1996,79.1
Middle East,Turkey,,Istanbul,7,7,1996,79.8
Middle East,Turkey,,Istanbul,7,8,1996,81.8
Middle East,Turkey,,Istanbul,7,9,1996,81.2
Middle East,Turkey,,Istanbul,7,10,1996,74.3
Middle East,Turkey,,Istanbul,7,11,1996,71.4
Middle East,Turkey,,Istanbul,7,12,1996,72.6
Middle East,Turkey,,Istanbul,7,13,1996,75.5
Middle East,Turkey,,Istanbul,7,14,1996,77.8
Middle East,Turkey,,Istanbul,7,15,1996,78.9
Middle East,Turkey,,Istanbul,7,16,1996,79.4
Middle East,Turkey,,Istanbul,7,17,1996,75.1
Middle East,Turkey,,Istanbul,7,18,1996,73.7
Middle East,Turkey,,Istanbul,7,19,1996,73.2
Middle East,Turkey,,Istanbul,7,20,1996,72.3
Middle East,Turkey,,Istanbul,7,21,1996,72.7
Middle East,Turkey,,Istanbul,7,22,1996,73.0
Middle East,Turkey,,Istanbul,7,23,1996,73.9
Middle East,Turkey,,Istanbul,7,24,1996,73.0
Middle East,Turkey,,Istanbul,7,25,1996,73.0
Middle East,Turkey,,Istanbul,7,26,1996,75.2
Middle East,Turkey,,Istanbul,7,27,1996,74.5
Middle East,Turkey,,Istanbul,7,28,1996,75.9
Middle East,Turkey,,Istanbul,7,29,1996,74.5
Middle East,Turkey,,Istanbul,7,30,1996,76.8
Middle East,Turkey,,Istanbul,7,31,1996,76.5
Middle East,Turkey,,Istanbul,8,1,1996,79.2
Middle East,Turkey,,Istanbul,8,2,1996,79.9
Middle East,Turkey,,Istanbul,8,3,1996,80.9
Middle East,Turkey,,Istanbul,8,4,1996,77.8
Middle East,Turkey,,Istanbul,8,5,1996,79.6
Middle East,Turkey,,Istanbul,8,6,1996,80.0
Middle East,Turkey,,Istanbul,8,7,1996,79.3
Middle East,Turkey,,Istanbul,8,8,1996,78.9
Middle East,Turkey,,Istanbul,8,9,1996,74.7
Middle East,Turkey,,Istanbul,8,10,1996,69.6
Middle East,Turkey,,Istanbul,8,11,1996,73.5
Middle East,Turkey,,Istanbul,8,12,1996,75.4
Middle East,Turkey,,Istanbul,8,13,1996,74.7
Middle East,Turkey,,Istanbul,8,14,1996,75.5
Middle East,Turkey,,Istanbul,8,15,1996,75.0
Middle East,Turkey,,Istanbul,8,16,1996,76.1
Middle East,Turkey,,Istanbul,8,17,1996,75.0
Middle East,Turkey,,Istanbul,8,18,1996,74.4
Middle East,Turkey,,Istanbul,8,19,1996,73.3
Middle East,Turkey,,Istanbul,8,20,1996,70.9
Middle East,Turkey,,Istanbul,8,21,1996,70.8
Middle East,Turkey,,Istanbul,8,22,1996,73.8
Middle East,Turkey,,Istanbul,8,23,1996,77.8
Middle East,Turkey,,Istanbul,8,24,1996,73.5
Middle East,Turkey,,Istanbul,8,25,1996,73.2
Middle East,Turkey,,Istanbul,8,26,1996,75.1
Middle East,Turkey,,Istanbul,8,27,1996,75.3
Middle East,Turkey,,Istanbul,8,28,1996,75.2
Middle East,Turkey,,Istanbul,8,29,1996,74.1
Middle East,Turkey,,Istanbul,8,30,1996,73.7
Middle East,Turkey,,Istanbul,8,31,1996,73.3
Middle East,Turkey,,Istanbul,9,1,1996,73.2
Middle East,Turkey,,Istanbul,9,2,1996,74.2
Middle East,Turkey,,Istanbul,9,3,1996,73.0
Middle East,Turkey,,Istanbul,9,4,1996,73.9
Middle East,Turkey,,Istanbul,9,5,1996,73.5
Middle East,Turkey,,Istanbul,9,6,1996,69.5
Middle East,Turkey,,Istanbul,9,7,1996,63.3
Middle East,Turkey,,Istanbul,9,8,1996,58.2
Middle East,Turkey,,Istanbul,9,9,1996,62.4
Middle East,Turkey,,Istanbul,9,10,1996,67.7
Middle East,Turkey,,Istanbul,9,11,1996,67.2
Middle East,Turkey,,Istanbul,9,12,1996,69.8
Middle East,Turkey,,Istanbul,9,13,1996,76.4
Middle East,Turkey,,Istanbul,9,14,1996,74.0
Middle East,Turkey,,Istanbul,9,15,1996,62.1
Middle East,Turkey,,Istanbul,9,16,1996,63.5
Middle East,Turkey,,Istanbul,9,17,1996,64.8
Middle East,Turkey,,Istanbul,9,18,1996,66.5
Middle East,Turkey,,Istanbul,9,19,1996,65.7
Middle East,Turkey,,Istanbul,9,20,1996,66.5
Middle East,Turkey,,Istanbul,9,21,1996,65.6
Middle East,Turkey,,Istanbul,9,22,1996,67.8
Middle East,Turkey,,Istanbul,9,23,1996,71.8
Middle East,Turkey,,Istanbul,9,24,1996,72.3
Middle East,Turkey,,Istanbul,9,25,1996,69.3
Middle East,Turkey,,Istanbul,9,26,1996,69.6
Middle East,Turkey,,Istanbul,9,27,1996,68.7
Middle East,Turkey,,Istanbul,9,28,1996,59.4
Middle East,Turkey,,Istanbul,9,29,1996,58.6
Middle East,Turkey,,Istanbul,9,30,1996,60.4
Middle East,Turkey,,Istanbul,10,1,1996,62.0
Middle East,Turkey,,Istanbul,10,2,1996,64.4
Middle East,Turkey,,Istanbul,10,3,1996,67.3
Middle East,Turkey,,Istanbul,10,4,1996,65.0
Middle East,Turkey,,Istanbul,10,5,1996,64.4
Middle East,Turkey,,Istanbul,10,6,1996,64.1
Middle East,Turkey,,Istanbul,10,7,1996,62.6
Middle East,Turkey,,Istanbul,10,8,1996,60.9
Middle East,Turkey,,Istanbul,10,9,1996,62.0
Middle East,Turkey,,Istanbul,10,10,1996,62.8
Middle East,Turkey,,Istanbul,10,11,1996,59.9
Middle East,Turkey,,Istanbul,10,12,1996,58.6
Middle East,Turkey,,Istanbul,10,13,1996,55.8
Middle East,Turkey,,Istanbul,10,14,1996,58.5
Middle East,Turkey,,Istanbul,10,15,1996,58.0
Middle East,Turkey,,Istanbul,10,16,1996,59.4
Middle East,Turkey,,Istanbul,10,17,1996,64.7
Middle East,Turkey,,Istanbul,10,18,1996,63.8
Middle East,Turkey,,Istanbul,10,19,1996,62.7
Middle East,Turkey,,Istanbul,10,20,1996,60.6
Middle East,Turkey,,Istanbul,10,21,1996,60.0
Middle East,Turkey,,Istanbul,10,22,1996,54.4
Middle East,Turkey,,Istanbul,10,23,1996,51.4
Middle East,Turkey,,Istanbul,10,24,1996,52.3
Middle East,Turkey,,Istanbul,10,25,1996,51.4
Middle East,Turkey,,Istanbul,10,26,1996,50.9
Middle East,Turkey,,Istanbul,10,27,1996,52.6
Middle East,Turkey,,Istanbul,10,28,1996,50.6
Middle East,Turkey,,Istanbul,10,29,1996,52.2
Middle East,Turkey,,Istanbul,10,30,1996,58.2
Middle East,Turkey,,Istanbul,10,31,1996,53.0
Middle East,Turkey,,Istanbul,11,1,1996,55.2
Middle East,Turkey,,Istanbul,11,2,1996,53.0
Middle East,Turkey,,Istanbul,11,3,1996,53.6
Middle East,Turkey,,Istanbul,11,4,1996,54.1
Middle East,Turkey,,Istanbul,11,5,1996,54.2
Middle East,Turkey,,Istanbul,11,6,1996,53.5
Middle East,Turkey,,Istanbul,11,7,1996,52.2
Middle East,Turkey,,Istanbul,11,8,1996,54.3
Middle East,Turkey,,Istanbul,11,9,1996,54.7
Middle East,Turkey,,Istanbul,11,10,1996,54.3
Middle East,Turkey,,Istanbul,11,11,1996,55.3
Middle East,Turkey,,Istanbul,11,12,1996,52.0
Middle East,Turkey,,Istanbul,11,13,1996,50.0
Middle East,Turkey,,Istanbul,11,14,1996,49.5
Middle East,Turkey,,Istanbul,11,15,1996,50.4
Middle East,Turkey,,Istanbul,11,16,1996,51.2
Middle East,Turkey,,Istanbul,11,17,1996,49.5
Middle East,Turkey,,Istanbul,11,18,1996,51.5
Middle East,Turkey,,Istanbul,11,19,1996,58.9
Middle East,Turkey,,Istanbul,11,20,1996,59.5
Middle East,Turkey,,Istanbul,11,21,1996,60.9
Middle East,Turkey,,Istanbul,11,22,1996,54.5
Middle East,Turkey,,Istanbul,11,23,1996,57.5
Middle East,Turkey,,Istanbul,11,24,1996,61.3
Middle East,Turkey,,Istanbul,11,25,1996,54.0
Middle East,Turkey,,Istanbul,11,26,1996,51.1
Middle East,Turkey,,Istanbul,11,27,1996,58.6
Middle East,Turkey,,Istanbul,11,28,1996,55.3
Middle East,Turkey,,Istanbul,11,29,1996,57.4
Middle East,Turkey,,Istanbul,11,30,1996,59.6
Middle East,Turkey,,Istanbul,12,1,1996,57.2
Middle East,Turkey,,Istanbul,12,2,1996,57.4
Middle East,Turkey,,Istanbul,12,3,1996,55.5
Middle East,Turkey,,Istanbul,12,4,1996,50.4
Middle East,Turkey,,Istanbul,12,5,1996,49.5
Middle East,Turkey,,Istanbul,12,6,1996,50.1
Middle East,Turkey,,Istanbul,12,7,1996,49.6
Middle East,Turkey,,Istanbul,12,8,1996,50.6
Middle East,Turkey,,Istanbul,12,9,1996,47.8
Middle East,Turkey,,Istanbul,12,10,1996,48.7
Middle East,Turkey,,Istanbul,12,11,1996,49.5
Middle East,Turkey,,Istanbul,12,12,1996,48.4
Middle East,Turkey,,Istanbul,12,13,1996,47.4
Middle East,Turkey,,Istanbul,12,14,1996,52.5
Middle East,Turkey,,Istanbul,12,15,1996,54.8
Middle East,Turkey,,Istanbul,12,16,1996,51.7
Middle East,Turkey,,Istanbul,12,17,1996,47.6
Middle East,Turkey,,Istanbul,12,18,1996,52.3
Middle East,Turkey,,Istanbul,12,19,1996,54.3
Middle East,Turkey,,Istanbul,12,20,1996,54.9
Middle East,Turkey,,Istanbul,12,21,1996,55.5
Middle East,Turkey,,Istanbul,12,22,1996,49.3
Middle East,Turkey,,Istanbul,12,23,1996,54.4
Middle East,Turkey,,Istanbul,12,24,1996,59.6
Middle East,Turkey,,Istanbul,12,25,1996,48.5
Middle East,Turkey,,Istanbul,12,26,1996,44.5
Middle East,Turkey,,Istanbul,12,27,1996,36.2
Middle East,Turkey,,Istanbul,12,28,1996,37.5
Middle East,Turkey,,Istanbul,12,29,1996,33.0
Middle East,Turkey,,Istanbul,12,30,1996,47.5
Middle East,Turkey,,Istanbul,12,31,1996,53.1
Middle East,Turkey,,Istanbul,1,1,1997,47.9
Middle East,Turkey,,Istanbul,1,2,1997,49.5
Middle East,Turkey,,Istanbul,1,3,1997,50.6
Middle East,Turkey,,Istanbul,1,4,1997,50.5
Middle East,Turkey,,Istanbul,1,5,1997,55.4
Middle East,Turkey,,Istanbul,1,6,1997,52.0
Middle East,Turkey,,Istanbul,1,7,1997,46.2
Middle East,Turkey,,Istanbul,1,8,1997,48.4
Middle East,Turkey,,Istanbul,1,9,1997,41.9
Middle East,Turkey,,Istanbul,1,10,1997,48.4
Middle East,Turkey,,Istanbul,1,11,1997,49.5
Middle East,Turkey,,Istanbul,1,12,1997,48.6
Middle East,Turkey,,Istanbul,1,13,1997,43.9
Middle East,Turkey,,Istanbul,1,14,1997,40.2
Middle East,Turkey,,Istanbul,1,15,1997,41.5
Middle East,Turkey,,Istanbul,1,16,1997,42.2
Middle East,Turkey,,Istanbul,1,17,1997,41.9
Middle East,Turkey,,Istanbul,1,18,1997,42.2
Middle East,Turkey,,Istanbul,1,19,1997,41.1
Middle East,Turkey,,Istanbul,1,20,1997,45.6
Middle East,Turkey,,Istanbul,1,21,1997,46.0
Middle East,Turkey,,Istanbul,1,22,1997,41.8
Middle East,Turkey,,Istanbul,1,23,1997,41.9
Middle East,Turkey,,Istanbul,1,24,1997,42.7
Middle East,Turkey,,Istanbul,1,25,1997,43.5
Middle East,Turkey,,Istanbul,1,26,1997,37.3
Middle East,Turkey,,Istanbul,1,27,1997,33.9
Middle East,Turkey,,Istanbul,1,28,1997,38.5
Middle East,Turkey,,Istanbul,1,29,1997,38.2
Middle East,Turkey,,Istanbul,1,30,1997,38.6
Middle East,Turkey,,Istanbul,1,31,1997,43.8
Middle East,Turkey,,Istanbul,2,1,1997,42.0
Middle East,Turkey,,Istanbul,2,2,1997,34.8
Middle East,Turkey,,Istanbul,2,3,1997,27.6
Middle East,Turkey,,Istanbul,2,4,1997,27.8
Middle East,Turkey,,Istanbul,2,5,1997,35.6
Middle East,Turkey,,Istanbul,2,6,1997,44.2
Middle East,Turkey,,Istanbul,2,7,1997,41.1
Middle East,Turkey,,Istanbul,2,8,1997,40.6
Middle East,Turkey,,Istanbul,2,9,1997,39.2
Middle East,Turkey,,Istanbul,2,10,1997,39.4
Middle East,Turkey,,Istanbul,2,11,1997,43.4
Middle East,Turkey,,Istanbul,2,12,1997,46.9
Middle East,Turkey,,Istanbul,2,13,1997,50.8
Middle East,Turkey,,Istanbul,2,14,1997,50.1
Middle East,Turkey,,Istanbul,2,15,1997,48.5
Middle East,Turkey,,Istanbul,2,16,1997,52.9
Middle East,Turkey,,Istanbul,2,17,1997,40.6
Middle East,Turkey,,Istanbul,2,18,1997,38.4
Middle East,Turkey,,Istanbul,2,19,1997,40.1
Middle East,Turkey,,Istanbul,2,20,1997,40.3
Middle East,Turkey,,Istanbul,2,21,1997,39.4
Middle East,Turkey,,Istanbul,2,22,1997,41.4
Middle East,Turkey,,Istanbul,2,23,1997,41.3
Middle East,Turkey,,Istanbul,2,24,1997,40.9
Middle East,Turkey,,Istanbul,2,25,1997,41.8
Middle East,Turkey,,Istanbul,2,26,1997,44.3
Middle East,Turkey,,Istanbul,2,27,1997,52.9
Middle East,Turkey,,Istanbul,2,28,1997,44.9
Middle East,Turkey,,Istanbul,3,1,1997,43.0
Middle East,Turkey,,Istanbul,3,2,1997,41.7
Middle East,Turkey,,Istanbul,3,3,1997,44.2
Middle East,Turkey,,Istanbul,3,4,1997,44.2
Middle East,Turkey,,Istanbul,3,5,1997,44.8
Middle East,Turkey,,Istanbul,3,6,1997,44.3
Middle East,Turkey,,Istanbul,3,7,1997,42.7
Middle East,Turkey,,Istanbul,3,8,1997,45.6
Middle East,Turkey,,Istanbul,3,9,1997,44.9
Middle East,Turkey,,Istanbul,3,10,1997,40.7
Middle East,Turkey,,Istanbul,3,11,1997,44.8
Middle East,Turkey,,Istanbul,3,12,1997,43.6
Middle East,Turkey,,Istanbul,3,13,1997,42.9
Middle East,Turkey,,Istanbul,3,14,1997,42.6
Middle East,Turkey,,Istanbul,3,15,1997,43.4
Middle East,Turkey,,Istanbul,3,16,1997,45.7
Middle East,Turkey,,Istanbul,3,17,1997,43.8
Middle East,Turkey,,Istanbul,3,18,1997,35.8
Middle East,Turkey,,Istanbul,3,19,1997,40.1
Middle East,Turkey,,Istanbul,3,20,1997,51.6
Middle East,Turkey,,Istanbul,3,21,1997,37.2
Middle East,Turkey,,Istanbul,3,22,1997,36.6
Middle East,Turkey,,Istanbul,3,23,1997,35.9
Middle East,Turkey,,Istanbul,3,24,1997,35.9
Middle East,Turkey,,Istanbul,3,25,1997,39.7
Middle East,Turkey,,Istanbul,3,26,1997,42.4
Middle East,Turkey,,Istanbul,3,27,1997,39.6
Middle East,Turkey,,Istanbul,3,28,1997,45.2
Middle East,Turkey,,Istanbul,3,29,1997,51.4
Middle East,Turkey,,Istanbul,3,30,1997,54.7
Middle East,Turkey,,Istanbul,3,31,1997,49.1
Middle East,Turkey,,Istanbul,4,1,1997,46.3
Middle East,Turkey,,Istanbul,4,2,1997,47.5
Middle East,Turkey,,Istanbul,4,3,1997,46.0
Middle East,Turkey,,Istanbul,4,4,1997,47.0
Middle East,Turkey,,Istanbul,4,5,1997,42.0
Middle East,Turkey,,Istanbul,4,6,1997,45.0
Middle East,Turkey,,Istanbul,4,7,1997,44.1
Middle East,Turkey,,Istanbul,4,8,1997,39.7
Middle East,Turkey,,Istanbul,4,9,1997,38.8
Middle East,Turkey,,Istanbul,4,10,1997,39.8
Middle East,Turkey,,Istanbul,4,11,1997,47.4
Middle East,Turkey,,Istanbul,4,12,1997,50.3
Middle East,Turkey,,Istanbul,4,13,1997,42.9
Middle East,Turkey,,Istanbul,4,14,1997,40.6
Middle East,Turkey,,Istanbul,4,15,1997,46.8
Middle East,Turkey,,Istanbul,4,16,1997,50.6
Middle East,Turkey,,Istanbul,4,17,1997,45.9
Middle East,Turkey,,Istanbul,4,18,1997,47.1
Middle East,Turkey,,Istanbul,4,19,1997,50.5
Middle East,Turkey,,Istanbul,4,20,1997,53.1
Middle East,Turkey,,Istanbul,4,21,1997,58.8
Middle East,Turkey,,Istanbul,4,22,1997,63.3
Middle East,Turkey,,Istanbul,4,23,1997,59.9
Middle East,Turkey,,Istanbul,4,24,1997,48.3
Middle East,Turkey,,Istanbul,4,25,1997,48.5
Middle East,Turkey,,Istanbul,4,26,1997,48.2
Middle East,Turkey,,Istanbul,4,27,1997,50.6
Middle East,Turkey,,Istanbul,4,28,1997,53.0
Middle East,Turkey,,Istanbul,4,29,1997,53.0
Middle East,Turkey,,Istanbul,4,30,1997,53.5
Middle East,Turkey,,Istanbul,5,1,1997,50.5
Middle East,Turkey,,Istanbul,5,2,1997,54.5
Middle East,Turkey,,Istanbul,5,3,1997,53.8
Middle East,Turkey,,Istanbul,5,4,1997,57.7
Middle East,Turkey,,Istanbul,5,5,1997,62.8
Middle East,Turkey,,Istanbul,5,6,1997,66.1
Middle East,Turkey,,Istanbul,5,7,1997,64.8
Middle East,Turkey,,Istanbul,5,8,1997,68.7
Middle East,Turkey,,Istanbul,5,9,1997,69.8
Middle East,Turkey,,Istanbul,5,10,1997,64.8
Middle East,Turkey,,Istanbul,5,11,1997,61.9
Middle East,Turkey,,Istanbul,5,12,1997,63.8
Middle East,Turkey,,Istanbul,5,13,1997,65.0
Middle East,Turkey,,Istanbul,5,14,1997,62.6
Middle East,Turkey,,Istanbul,5,15,1997,61.9
Middle East,Turkey,,Istanbul,5,16,1997,59.3
Middle East,Turkey,,Istanbul,5,17,1997,58.3
Middle East,Turkey,,Istanbul,5,18,1997,63.4
Middle East,Turkey,,Istanbul,5,19,1997,62.3
Middle East,Turkey,,Istanbul,5,20,1997,61.5
Middle East,Turkey,,Istanbul,5,21,1997,68.3
Middle East,Turkey,,Istanbul,5,22,1997,74.0
Middle East,Turkey,,Istanbul,5,23,1997,68.8
Middle East,Turkey,,Istanbul,5,24,1997,64.1
Middle East,Turkey,,Istanbul,5,25,1997,64.9
Middle East,Turkey,,Istanbul,5,26,1997,61.1
Middle East,Turkey,,Istanbul,5,27,1997,56.5
Middle East,Turkey,,Istanbul,5,28,1997,59.3
Middle East,Turkey,,Istanbul,5,29,1997,62.4
Middle East,Turkey,,Istanbul,5,30,1997,57.0
Middle East,Turkey,,Istanbul,5,31,1997,55.9
Middle East,Turkey,,Istanbul,6,1,1997,57.9
Middle East,Turkey,,Istanbul,6,2,1997,62.8
Middle East,Turkey,,Istanbul,6,3,1997,65.5
Middle East,Turkey,,Istanbul,6,4,1997,63.0
Middle East,Turkey,,Istanbul,6,5,1997,65.4
Middle East,Turkey,,Istanbul,6,6,1997,66.5
Middle East,Turkey,,Istanbul,6,7,1997,65.2
Middle East,Turkey,,Istanbul,6,8,1997,62.9
Middle East,Turkey,,Istanbul,6,9,1997,66.3
Middle East,Turkey,,Istanbul,6,10,1997,67.3
Middle East,Turkey,,Istanbul,6,11,1997,67.5
Middle East,Turkey,,Istanbul,6,12,1997,66.9
Middle East,Turkey,,Istanbul,6,13,1997,68.8
Middle East,Turkey,,Istanbul,6,14,1997,73.9
Middle East,Turkey,,Istanbul,6,15,1997,75.4
Middle East,Turkey,,Istanbul,6,16,1997,75.3
Middle East,Turkey,,Istanbul,6,17,1997,75.9
Middle East,Turkey,,Istanbul,6,18,1997,76.0
Middle East,Turkey,,Istanbul,6,19,1997,77.2
Middle East,Turkey,,Istanbul,6,20,1997,79.6
Middle East,Turkey,,Istanbul,6,21,1997,78.6
Middle East,Turkey,,Istanbul,6,22,1997,78.2
Middle East,Turkey,,Istanbul,6,23,1997,76.6
Middle East,Turkey,,Istanbul,6,24,1997,78.7
Middle East,Turkey,,Istanbul,6,25,1997,73.5
Middle East,Turkey,,Istanbul,6,26,1997,71.7
Middle East,Turkey,,Istanbul,6,27,1997,73.3
Middle East,Turkey,,Istanbul,6,28,1997,74.7
Middle East,Turkey,,Istanbul,6,29,1997,75.7
Middle East,Turkey,,Istanbul,6,30,1997,76.5
Middle East,Turkey,,Istanbul,7,1,1997,77.6
Middle East,Turkey,,Istanbul,7,2,1997,78.7
Middle East,Turkey,,Istanbul,7,3,1997,79.4
Middle East,Turkey,,Istanbul,7,4,1997,78.7
Middle East,Turkey,,Istanbul,7,5,1997,80.1
Middle East,Turkey,,Istanbul,7,6,1997,84.1
Middle East,Turkey,,Istanbul,7,7,1997,79.1
Middle East,Turkey,,Istanbul,7,8,1997,75.7
Middle East,Turkey,,Istanbul,7,9,1997,74.3
Middle East,Turkey,,Istanbul,7,10,1997,76.3
Middle East,Turkey,,Istanbul,7,11,1997,77.0
Middle East,Turkey,,Istanbul,7,12,1997,77.6
Middle East,Turkey,,Istanbul,7,13,1997,74.3
Middle East,Turkey,,Istanbul,7,14,1997,69.6
Middle East,Turkey,,Istanbul,7,15,1997,70.9
Middle East,Turkey,,Istanbul,7,16,1997,68.3
Middle East,Turkey,,Istanbul,7,17,1997,69.1
Middle East,Turkey,,Istanbul,7,18,1997,73.5
Middle East,Turkey,,Istanbul,7,19,1997,79.2
Middle East,Turkey,,Istanbul,7,20,1997,79.0
Middle East,Turkey,,Istanbul,7,21,1997,77.9
Middle East,Turkey,,Istanbul,7,22,1997,75.2
Middle East,Turkey,,Istanbul,7,23,1997,73.3
Middle East,Turkey,,Istanbul,7,24,1997,75.0
Middle East,Turkey,,Istanbul,7,25,1997,77.1
Middle East,Turkey,,Istanbul,7,26,1997,79.5
Middle East,Turkey,,Istanbul,7,27,1997,71.1
Middle East,Turkey,,Istanbul,7,28,1997,71.5
Middle East,Turkey,,Istanbul,7,29,1997,73.1
Middle East,Turkey,,Istanbul,7,30,1997,76.3
Middle East,Turkey,,Istanbul,7,31,1997,76.5
Middle East,Turkey,,Istanbul,8,1,1997,77.2
Middle East,Turkey,,Istanbul,8,2,1997,78.5
Middle East,Turkey,,Istanbul,8,3,1997,70.2
Middle East,Turkey,,Istanbul,8,4,1997,72.4
Middle East,Turkey,,Istanbul,8,5,1997,76.5
Middle East,Turkey,,Istanbul,8,6,1997,75.7
Middle East,Turkey,,Istanbul,8,7,1997,76.4
Middle East,Turkey,,Istanbul,8,8,1997,77.2
Middle East,Turkey,,Istanbul,8,9,1997,76.6
Middle East,Turkey,,Istanbul,8,10,1997,74.2
Middle East,Turkey,,Istanbul,8,11,1997,67.4
Middle East,Turkey,,Istanbul,8,12,1997,68.9
Middle East,Turkey,,Istanbul,8,13,1997,65.4
Middle East,Turkey,,Istanbul,8,14,1997,67.1
Middle East,Turkey,,Istanbul,8,15,1997,73.0
Middle East,Turkey,,Istanbul,8,16,1997,73.9
Middle East,Turkey,,Istanbul,8,17,1997,72.4
Middle East,Turkey,,Istanbul,8,18,1997,72.4
Middle East,Turkey,,Istanbul,8,19,1997,72.7
Middle East,Turkey,,Istanbul,8,20,1997,71.9
Middle East,Turkey,,Istanbul,8,21,1997,71.8
Middle East,Turkey,,Istanbul,8,22,1997,70.6
Middle East,Turkey,,Istanbul,8,23,1997,70.3
Middle East,Turkey,,Istanbul,8,24,1997,65.8
Middle East,Turkey,,Istanbul,8,25,1997,68.6
Middle East,Turkey,,Istanbul,8,26,1997,70.3
Middle East,Turkey,,Istanbul,8,27,1997,74.2
Middle East,Turkey,,Istanbul,8,28,1997,75.0
Middle East,Turkey,,Istanbul,8,29,1997,76.7
Middle East,Turkey,,Istanbul,8,30,1997,70.5
Middle East,Turkey,,Istanbul,8,31,1997,68.6
Middle East,Turkey,,Istanbul,9,1,1997,67.2
Middle East,Turkey,,Istanbul,9,2,1997,68.2
Middle East,Turkey,,Istanbul,9,3,1997,67.2
Middle East,Turkey,,Istanbul,9,4,1997,66.1
Middle East,Turkey,,Istanbul,9,5,1997,66.2
Middle East,Turkey,,Istanbul,9,6,1997,66.0
Middle East,Turkey,,Istanbul,9,7,1997,65.8
Middle East,Turkey,,Istanbul,9,8,1997,67.3
Middle East,Turkey,,Istanbul,9,9,1997,68.6
Middle East,Turkey,,Istanbul,9,10,1997,71.6
Middle East,Turkey,,Istanbul,9,11,1997,64.9
Middle East,Turkey,,Istanbul,9,12,1997,64.3
Middle East,Turkey,,Istanbul,9,13,1997,66.8
Middle East,Turkey,,Istanbul,9,14,1997,68.1
Middle East,Turkey,,Istanbul,9,15,1997,68.2
Middle East,Turkey,,Istanbul,9,16,1997,66.4
Middle East,Turkey,,Istanbul,9,17,1997,67.2
Middle East,Turkey,,Istanbul,9,18,1997,66.0
Middle East,Turkey,,Istanbul,9,19,1997,64.5
Middle East,Turkey,,Istanbul,9,20,1997,65.4
Middle East,Turkey,,Istanbul,9,21,1997,62.6
Middle East,Turkey,,Istanbul,9,22,1997,60.2
Middle East,Turkey,,Istanbul,9,23,1997,62.1
Middle East,Turkey,,Istanbul,9,24,1997,62.3
Middle East,Turkey,,Istanbul,9,25,1997,62.3
Middle East,Turkey,,Istanbul,9,26,1997,59.3
Middle East,Turkey,,Istanbul,9,27,1997,59.8
Middle East,Turkey,,Istanbul,9,28,1997,60.4
Middle East,Turkey,,Istanbul,9,29,1997,62.0
Middle East,Turkey,,Istanbul,9,30,1997,60.7
Middle East,Turkey,,Istanbul,10,1,1997,62.3
Middle East,Turkey,,Istanbul,10,2,1997,61.6
Middle East,Turkey,,Istanbul,10,3,1997,66.1
Middle East,Turkey,,Istanbul,10,4,1997,57.5
Middle East,Turkey,,Istanbul,10,5,1997,58.4
Middle East,Turkey,,Istanbul,10,6,1997,61.9
Middle East,Turkey,,Istanbul,10,7,1997,63.8
Middle East,Turkey,,Istanbul,10,8,1997,65.1
Middle East,Turkey,,Istanbul,10,9,1997,66.2
Middle East,Turkey,,Istanbul,10,10,1997,65.3
Middle East,Turkey,,Istanbul,10,11,1997,68.4
Middle East,Turkey,,Istanbul,10,12,1997,68.0
Middle East,Turkey,,Istanbul,10,13,1997,68.7
Middle East,Turkey,,Istanbul,10,14,1997,64.1
Middle East,Turkey,,Istanbul,10,15,1997,67.8
Middle East,Turkey,,Istanbul,10,16,1997,55.5
Middle East,Turkey,,Istanbul,10,17,1997,56.6
Middle East,Turkey,,Istanbul,10,18,1997,54.4
Middle East,Turkey,,Istanbul,10,19,1997,55.6
Middle East,Turkey,,Istanbul,10,20,1997,54.3
Middle East,Turkey,,Istanbul,10,21,1997,55.0
Middle East,Turkey,,Istanbul,10,22,1997,57.6
Middle East,Turkey,,Istanbul,10,23,1997,58.3
Middle East,Turkey,,Istanbul,10,24,1997,61.9
Middle East,Turkey,,Istanbul,10,25,1997,54.1
Middle East,Turkey,,Istanbul,10,26,1997,50.0
Middle East,Turkey,,Istanbul,10,27,1997,50.0
Middle East,Turkey,,Istanbul,10,28,1997,52.9
Middle East,Turkey,,Istanbul,10,29,1997,49.0
Middle East,Turkey,,Istanbul,10,30,1997,49.7
Middle East,Turkey,,Istanbul,10,31,1997,51.3
Middle East,Turkey,,Istanbul,11,1,1997,53.8
Middle East,Turkey,,Istanbul,11,2,1997,53.6
Middle East,Turkey,,Istanbul,11,3,1997,51.8
Middle East,Turkey,,Istanbul,11,4,1997,48.9
Middle East,Turkey,,Istanbul,11,5,1997,50.4
Middle East,Turkey,,Istanbul,11,6,1997,50.3
Middle East,Turkey,,Istanbul,11,7,1997,53.6
Middle East,Turkey,,Istanbul,11,8,1997,59.8
Middle East,Turkey,,Istanbul,11,9,1997,60.5
Middle East,Turkey,,Istanbul,11,10,1997,57.0
Middle East,Turkey,,Istanbul,11,11,1997,56.5
Middle East,Turkey,,Istanbul,11,12,1997,57.8
Middle East,Turkey,,Istanbul,11,13,1997,57.4
Middle East,Turkey,,Istanbul,11,14,1997,58.6
Middle East,Turkey,,Istanbul,11,15,1997,57.2
Middle East,Turkey,,Istanbul,11,16,1997,55.6
Middle East,Turkey,,Istanbul,11,17,1997,48.6
Middle East,Turkey,,Istanbul,11,18,1997,47.2
Middle East,Turkey,,Istanbul,11,19,1997,48.7
Middle East,Turkey,,Istanbul,11,20,1997,49.1
Middle East,Turkey,,Istanbul,11,21,1997,54.9
Middle East,Turkey,,Istanbul,11,22,1997,48.6
Middle East,Turkey,,Istanbul,11,23,1997,54.6
Middle East,Turkey,,Istanbul,11,24,1997,53.6
Middle East,Turkey,,Istanbul,11,25,1997,54.5
Middle East,Turkey,,Istanbul,11,26,1997,54.6
Middle East,Turkey,,Istanbul,11,27,1997,51.4
Middle East,Turkey,,Istanbul,11,28,1997,51.6
Middle East,Turkey,,Istanbul,11,29,1997,53.0
Middle East,Turkey,,Istanbul,11,30,1997,53.4
Middle East,Turkey,,Istanbul,12,1,1997,54.6
Middle East,Turkey,,Istanbul,12,2,1997,55.2
Middle East,Turkey,,Istanbul,12,3,1997,56.6
Middle East,Turkey,,Istanbul,12,4,1997,56.2
Middle East,Turkey,,Istanbul,12,5,1997,50.3
Middle East,Turkey,,Istanbul,12,6,1997,48.6
Middle East,Turkey,,Istanbul,12,7,1997,48.5
Middle East,Turkey,,Istanbul,12,8,1997,43.3
Middle East,Turkey,,Istanbul,12,9,1997,44.2
Middle East,Turkey,,Istanbul,12,10,1997,44.6
Middle East,Turkey,,Istanbul,12,11,1997,44.4
Middle East,Turkey,,Istanbul,12,12,1997,49.4
Middle East,Turkey,,Istanbul,12,13,1997,52.6
Middle East,Turkey,,Istanbul,12,14,1997,48.5
Middle East,Turkey,,Istanbul,12,15,1997,50.6
Middle East,Turkey,,Istanbul,12,16,1997,40.4
Middle East,Turkey,,Istanbul,12,17,1997,32.2
Middle East,Turkey,,Istanbul,12,18,1997,31.4
Middle East,Turkey,,Istanbul,12,19,1997,36.4
Middle East,Turkey,,Istanbul,12,20,1997,44.7
Middle East,Turkey,,Istanbul,12,21,1997,51.6
Middle East,Turkey,,Istanbul,12,22,1997,52.2
Middle East,Turkey,,Istanbul,12,23,1997,48.5
Middle East,Turkey,,Istanbul,12,24,1997,45.8
Middle East,Turkey,,Istanbul,12,25,1997,43.5
Middle East,Turkey,,Istanbul,12,26,1997,46.6
Middle East,Turkey,,Istanbul,12,27,1997,49.9
Middle East,Turkey,,Istanbul,12,28,1997,52.5
Middle East,Turkey,,Istanbul,12,29,1997,49.7
Middle East,Turkey,,Istanbul,12,30,1997,46.2
Middle East,Turkey,,Istanbul,12,31,1997,45.3
Middle East,Turkey,,Istanbul,1,1,1998,44.7
Middle East,Turkey,,Istanbul,1,2,1998,45.5
Middle East,Turkey,,Istanbul,1,3,1998,46.3
Middle East,Turkey,,Istanbul,1,4,1998,47.9
Middle East,Turkey,,Istanbul,1,5,1998,47.8
Middle East,Turkey,,Istanbul,1,6,1998,49.9
Middle East,Turkey,,Istanbul,1,7,1998,48.6
Middle East,Turkey,,Istanbul,1,8,1998,43.9
Middle East,Turkey,,Istanbul,1,9,1998,47.3
Middle East,Turkey,,Istanbul,1,10,1998,43.5
Middle East,Turkey,,Istanbul,1,11,1998,38.5
Middle East,Turkey,,Istanbul,1,12,1998,41.7
Middle East,Turkey,,Istanbul,1,13,1998,45.7
Middle East,Turkey,,Istanbul,1,14,1998,46.9
Middle East,Turkey,,Istanbul,1,15,1998,48.8
Middle East,Turkey,,Istanbul,1,16,1998,46.9
Middle East,Turkey,,Istanbul,1,17,1998,46.4
Middle East,Turkey,,Istanbul,1,18,1998,46.8
Middle East,Turkey,,Istanbul,1,19,1998,45.8
Middle East,Turkey,,Istanbul,1,20,1998,50.3
Middle East,Turkey,,Istanbul,1,21,1998,53.7
Middle East,Turkey,,Istanbul,1,22,1998,52.1
Middle East,Turkey,,Istanbul,1,23,1998,43.5
Middle East,Turkey,,Istanbul,1,24,1998,36.0
Middle East,Turkey,,Istanbul,1,25,1998,34.4
Middle East,Turkey,,Istanbul,1,26,1998,32.9
Middle East,Turkey,,Istanbul,1,27,1998,38.6
Middle East,Turkey,,Istanbul,1,28,1998,37.3
Middle East,Turkey,,Istanbul,1,29,1998,37.5
Middle East,Turkey,,Istanbul,1,30,1998,34.7
Middle East,Turkey,,Istanbul,1,31,1998,40.8
Middle East,Turkey,,Istanbul,2,1,1998,43.6
Middle East,Turkey,,Istanbul,2,2,1998,42.0
Middle East,Turkey,,Istanbul,2,3,1998,43.5
Middle East,Turkey,,Istanbul,2,4,1998,47.9
Middle East,Turkey,,Istanbul,2,5,1998,47.9
Middle East,Turkey,,Istanbul,2,6,1998,38.0
Middle East,Turkey,,Istanbul,2,7,1998,40.4
Middle East,Turkey,,Istanbul,2,8,1998,40.3
Middle East,Turkey,,Istanbul,2,9,1998,40.2
Middle East,Turkey,,Istanbul,2,10,1998,41.1
Middle East,Turkey,,Istanbul,2,11,1998,38.7
Middle East,Turkey,,Istanbul,2,12,1998,43.9
Middle East,Turkey,,Istanbul,2,13,1998,51.3
Middle East,Turkey,,Istanbul,2,14,1998,45.1
Middle East,Turkey,,Istanbul,2,15,1998,43.6
Middle East,Turkey,,Istanbul,2,16,1998,46.3
Middle East,Turkey,,Istanbul,2,17,1998,48.1
Middle East,Turkey,,Istanbul,2,18,1998,42.1
Middle East,Turkey,,Istanbul,2,19,1998,39.2
Middle East,Turkey,,Istanbul,2,20,1998,42.3
Middle East,Turkey,,Istanbul,2,21,1998,49.0
Middle East,Turkey,,Istanbul,2,22,1998,49.5
Middle East,Turkey,,Istanbul,2,23,1998,47.1
Middle East,Turkey,,Istanbul,2,24,1998,47.6
Middle East,Turkey,,Istanbul,2,25,1998,45.5
Middle East,Turkey,,Istanbul,2,26,1998,43.7
Middle East,Turkey,,Istanbul,2,27,1998,41.4
Middle East,Turkey,,Istanbul,2,28,1998,43.0
Middle East,Turkey,,Istanbul,3,1,1998,45.9
Middle East,Turkey,,Istanbul,3,2,1998,45.1
Middle East,Turkey,,Istanbul,3,3,1998,42.7
Middle East,Turkey,,Istanbul,3,4,1998,45.8
Middle East,Turkey,,Istanbul,3,5,1998,52.3
Middle East,Turkey,,Istanbul,3,6,1998,48.6
Middle East,Turkey,,Istanbul,3,7,1998,44.3
Middle East,Turkey,,Istanbul,3,8,1998,48.9
Middle East,Turkey,,Istanbul,3,9,1998,53.0
Middle East,Turkey,,Istanbul,3,10,1998,49.4
Middle East,Turkey,,Istanbul,3,11,1998,39.7
Middle East,Turkey,,Istanbul,3,12,1998,36.8
Middle East,Turkey,,Istanbul,3,13,1998,42.6
Middle East,Turkey,,Istanbul,3,14,1998,43.5
Middle East,Turkey,,Istanbul,3,15,1998,45.1
Middle East,Turkey,,Istanbul,3,16,1998,38.4
Middle East,Turkey,,Istanbul,3,17,1998,37.4
Middle East,Turkey,,Istanbul,3,18,1998,37.9
Middle East,Turkey,,Istanbul,3,19,1998,39.4
Middle East,Turkey,,Istanbul,3,20,1998,41.7
Middle East,Turkey,,Istanbul,3,21,1998,40.7
Middle East,Turkey,,Istanbul,3,22,1998,38.8
Middle East,Turkey,,Istanbul,3,23,1998,35.1
Middle East,Turkey,,Istanbul,3,24,1998,37.6
Middle East,Turkey,,Istanbul,3,25,1998,43.1
Middle East,Turkey,,Istanbul,3,26,1998,41.0
Middle East,Turkey,,Istanbul,3,27,1998,42.0
Middle East,Turkey,,Istanbul,3,28,1998,42.0
Middle East,Turkey,,Istanbul,3,29,1998,40.1
Middle East,Turkey,,Istanbul,3,30,1998,42.0
Middle East,Turkey,,Istanbul,3,31,1998,45.2
Middle East,Turkey,,Istanbul,4,1,1998,45.5
Middle East,Turkey,,Istanbul,4,2,1998,50.4
Middle East,Turkey,,Istanbul,4,3,1998,52.5
Middle East,Turkey,,Istanbul,4,4,1998,54.7
Middle East,Turkey,,Istanbul,4,5,1998,57.6
Middle East,Turkey,,Istanbul,4,6,1998,56.9
Middle East,Turkey,,Istanbul,4,7,1998,57.7
Middle East,Turkey,,Istanbul,4,8,1998,58.8
Middle East,Turkey,,Istanbul,4,9,1998,65.1
Middle East,Turkey,,Istanbul,4,10,1998,66.3
Middle East,Turkey,,Istanbul,4,11,1998,67.7
Middle East,Turkey,,Istanbul,4,12,1998,70.3
Middle East,Turkey,,Istanbul,4,13,1998,62.8
Middle East,Turkey,,Istanbul,4,14,1998,60.1
Middle East,Turkey,,Istanbul,4,15,1998,58.5
Middle East,Turkey,,Istanbul,4,16,1998,56.0
Middle East,Turkey,,Istanbul,4,17,1998,52.8
Middle East,Turkey,,Istanbul,4,18,1998,60.6
Middle East,Turkey,,Istanbul,4,19,1998,57.2
Middle East,Turkey,,Istanbul,4,20,1998,56.2
Middle East,Turkey,,Istanbul,4,21,1998,53.1
Middle East,Turkey,,Istanbul,4,22,1998,51.1
Middle East,Turkey,,Istanbul,4,23,1998,49.1
Middle East,Turkey,,Istanbul,4,24,1998,51.4
Middle East,Turkey,,Istanbul,4,25,1998,51.4
Middle East,Turkey,,Istanbul,4,26,1998,51.9
Middle East,Turkey,,Istanbul,4,27,1998,53.4
Middle East,Turkey,,Istanbul,4,28,1998,54.6
Middle East,Turkey,,Istanbul,4,29,1998,57.0
Middle East,Turkey,,Istanbul,4,30,1998,61.3
Middle East,Turkey,,Istanbul,5,1,1998,60.1
Middle East,Turkey,,Istanbul,5,2,1998,64.9
Middle East,Turkey,,Istanbul,5,3,1998,66.2
Middle East,Turkey,,Istanbul,5,4,1998,71.0
Middle East,Turkey,,Istanbul,5,5,1998,66.8
Middle East,Turkey,,Istanbul,5,6,1998,58.7
Middle East,Turkey,,Istanbul,5,7,1998,60.9
Middle East,Turkey,,Istanbul,5,8,1998,61.0
Middle East,Turkey,,Istanbul,5,9,1998,60.7
Middle East,Turkey,,Istanbul,5,10,1998,59.3
Middle East,Turkey,,Istanbul,5,11,1998,58.7
Middle East,Turkey,,Istanbul,5,12,1998,56.2
Middle East,Turkey,,Istanbul,5,13,1998,57.0
Middle East,Turkey,,Istanbul,5,14,1998,59.5
Middle East,Turkey,,Istanbul,5,15,1998,57.0
Middle East,Turkey,,Istanbul,5,16,1998,60.0
Middle East,Turkey,,Istanbul,5,17,1998,58.7
Middle East,Turkey,,Istanbul,5,18,1998,60.0
Middle East,Turkey,,Istanbul,5,19,1998,56.5
Middle East,Turkey,,Istanbul,5,20,1998,58.3
Middle East,Turkey,,Istanbul,5,21,1998,58.6
Middle East,Turkey,,Istanbul,5,22,1998,62.3
Middle East,Turkey,,Istanbul,5,23,1998,59.1
Middle East,Turkey,,Istanbul,5,24,1998,62.8
Middle East,Turkey,,Istanbul,5,25,1998,67.2
Middle East,Turkey,,Istanbul,5,26,1998,67.7
Middle East,Turkey,,Istanbul,5,27,1998,68.7
Middle East,Turkey,,Istanbul,5,28,1998,65.9
Middle East,Turkey,,Istanbul,5,29,1998,65.6
Middle East,Turkey,,Istanbul,5,30,1998,63.7
Middle East,Turkey,,Istanbul,5,31,1998,64.0
Middle East,Turkey,,Istanbul,6,1,1998,68.0
Middle East,Turkey,,Istanbul,6,2,1998,68.5
Middle East,Turkey,,Istanbul,6,3,1998,68.8
Middle East,Turkey,,Istanbul,6,4,1998,69.8
Middle East,Turkey,,Istanbul,6,5,1998,69.9
Middle East,Turkey,,Istanbul,6,6,1998,73.0
Middle East,Turkey,,Istanbul,6,7,1998,72.3
Middle East,Turkey,,Istanbul,6,8,1998,68.1
Middle East,Turkey,,Istanbul,6,9,1998,69.4
Middle East,Turkey,,Istanbul,6,10,1998,71.4
Middle East,Turkey,,Istanbul,6,11,1998,75.1
Middle East,Turkey,,Istanbul,6,12,1998,77.6
Middle East,Turkey,,Istanbul,6,13,1998,81.4
Middle East,Turkey,,Istanbul,6,14,1998,75.4
Middle East,Turkey,,Istanbul,6,15,1998,72.7
Middle East,Turkey,,Istanbul,6,16,1998,74.8
Middle East,Turkey,,Istanbul,6,17,1998,73.5
Middle East,Turkey,,Istanbul,6,18,1998,74.3
Middle East,Turkey,,Istanbul,6,19,1998,72.6
Middle East,Turkey,,Istanbul,6,20,1998,69.8
Middle East,Turkey,,Istanbul,6,21,1998,66.7
Middle East,Turkey,,Istanbul,6,22,1998,66.9
Middle East,Turkey,,Istanbul,6,23,1998,72.6
Middle East,Turkey,,Istanbul,6,24,1998,76.9
Middle East,Turkey,,Istanbul,6,25,1998,77.1
Middle East,Turkey,,Istanbul,6,26,1998,74.6
Middle East,Turkey,,Istanbul,6,27,1998,75.0
Middle East,Turkey,,Istanbul,6,28,1998,75.7
Middle East,Turkey,,Istanbul,6,29,1998,77.9
Middle East,Turkey,,Istanbul,6,30,1998,76.0
Middle East,Turkey,,Istanbul,7,1,1998,76.3
Middle East,Turkey,,Istanbul,7,2,1998,77.8
Middle East,Turkey,,Istanbul,7,3,1998,79.5
Middle East,Turkey,,Istanbul,7,4,1998,77.3
Middle East,Turkey,,Istanbul,7,5,1998,71.2
Middle East,Turkey,,Istanbul,7,6,1998,70.4
Middle East,Turkey,,Istanbul,7,7,1998,72.1
Middle East,Turkey,,Istanbul,7,8,1998,76.4
Middle East,Turkey,,Istanbul,7,9,1998,65.2
Middle East,Turkey,,Istanbul,7,10,1998,65.2
Middle East,Turkey,,Istanbul,7,11,1998,71.7
Middle East,Turkey,,Istanbul,7,12,1998,74.4
Middle East,Turkey,,Istanbul,7,13,1998,79.7
Middle East,Turkey,,Istanbul,7,14,1998,79.4
Middle East,Turkey,,Istanbul,7,15,1998,77.0
Middle East,Turkey,,Istanbul,7,16,1998,77.1
Middle East,Turkey,,Istanbul,7,17,1998,72.8
Middle East,Turkey,,Istanbul,7,18,1998,75.5
Middle East,Turkey,,Istanbul,7,19,1998,76.0
Middle East,Turkey,,Istanbul,7,20,1998,75.9
Middle East,Turkey,,Istanbul,7,21,1998,77.4
Middle East,Turkey,,Istanbul,7,22,1998,79.5
Middle East,Turkey,,Istanbul,7,23,1998,79.5
Middle East,Turkey,,Istanbul,7,24,1998,79.4
Middle East,Turkey,,Istanbul,7,25,1998,81.0
Middle East,Turkey,,Istanbul,7,26,1998,81.9
Middle East,Turkey,,Istanbul,7,27,1998,82.2
Middle East,Turkey,,Istanbul,7,28,1998,81.7
Middle East,Turkey,,Istanbul,7,29,1998,80.8
Middle East,Turkey,,Istanbul,7,30,1998,79.6
Middle East,Turkey,,Istanbul,7,31,1998,81.7
Middle East,Turkey,,Istanbul,8,1,1998,81.3
Middle East,Turkey,,Istanbul,8,2,1998,84.6
Middle East,Turkey,,Istanbul,8,3,1998,83.7
Middle East,Turkey,,Istanbul,8,4,1998,84.7
Middle East,Turkey,,Istanbul,8,5,1998,84.3
Middle East,Turkey,,Istanbul,8,6,1998,84.1
Middle East,Turkey,,Istanbul,8,7,1998,80.3
Middle East,Turkey,,Istanbul,8,8,1998,78.5
Middle East,Turkey,,Istanbul,8,9,1998,78.6
Middle East,Turkey,,Istanbul,8,10,1998,79.9
Middle East,Turkey,,Istanbul,8,11,1998,77.7
Middle East,Turkey,,Istanbul,8,12,1998,76.0
Middle East,Turkey,,Istanbul,8,13,1998,75.8
Middle East,Turkey,,Istanbul,8,14,1998,77.3
Middle East,Turkey,,Istanbul,8,15,1998,78.1
Middle East,Turkey,,Istanbul,8,16,1998,77.9
Middle East,Turkey,,Istanbul,8,17,1998,75.4
Middle East,Turkey,,Istanbul,8,18,1998,75.4
Middle East,Turkey,,Istanbul,8,19,1998,75.2
Middle East,Turkey,,Istanbul,8,20,1998,76.7
Middle East,Turkey,,Istanbul,8,21,1998,78.1
Middle East,Turkey,,Istanbul,8,22,1998,75.7
Middle East,Turkey,,Istanbul,8,23,1998,79.6
Middle East,Turkey,,Istanbul,8,24,1998,78.7
Middle East,Turkey,,Istanbul,8,25,1998,76.4
Middle East,Turkey,,Istanbul,8,26,1998,75.9
Middle East,Turkey,,Istanbul,8,27,1998,75.8
Middle East,Turkey,,Istanbul,8,28,1998,76.8
Middle East,Turkey,,Istanbul,8,29,1998,78.6
Middle East,Turkey,,Istanbul,8,30,1998,70.3
Middle East,Turkey,,Istanbul,8,31,1998,70.8
Middle East,Turkey,,Istanbul,9,1,1998,71.5
Middle East,Turkey,,Istanbul,9,2,1998,69.6
Middle East,Turkey,,Istanbul,9,3,1998,70.8
Middle East,Turkey,,Istanbul,9,4,1998,70.5
Middle East,Turkey,,Istanbul,9,5,1998,70.1
Middle East,Turkey,,Istanbul,9,6,1998,70.0
Middle East,Turkey,,Istanbul,9,7,1998,70.4
Middle East,Turkey,,Istanbul,9,8,1998,70.2
Middle East,Turkey,,Istanbul,9,9,1998,70.9
Middle East,Turkey,,Istanbul,9,10,1998,71.8
Middle East,Turkey,,Istanbul,9,11,1998,72.3
Middle East,Turkey,,Istanbul,9,12,1998,73.2
Middle East,Turkey,,Istanbul,9,13,1998,74.6
Middle East,Turkey,,Istanbul,9,14,1998,77.5
Middle East,Turkey,,Istanbul,9,15,1998,74.8
Middle East,Turkey,,Istanbul,9,16,1998,66.4
Middle East,Turkey,,Istanbul,9,17,1998,68.3
Middle East,Turkey,,Istanbul,9,18,1998,70.9
Middle East,Turkey,,Istanbul,9,19,1998,70.4
Middle East,Turkey,,Istanbul,9,20,1998,65.8
Middle East,Turkey,,Istanbul,9,21,1998,65.9
Middle East,Turkey,,Istanbul,9,22,1998,61.0
Middle East,Turkey,,Istanbul,9,23,1998,61.2
Middle East,Turkey,,Istanbul,9,24,1998,65.5
Middle East,Turkey,,Istanbul,9,25,1998,66.4
Middle East,Turkey,,Istanbul,9,26,1998,67.1
Middle East,Turkey,,Istanbul,9,27,1998,67.3
Middle East,Turkey,,Istanbul,9,28,1998,69.8
Middle East,Turkey,,Istanbul,9,29,1998,71.1
Middle East,Turkey,,Istanbul,9,30,1998,66.6
Middle East,Turkey,,Istanbul,10,1,1998,66.8
Middle East,Turkey,,Istanbul,10,2,1998,68.8
Middle East,Turkey,,Istanbul,10,3,1998,73.2
Middle East,Turkey,,Istanbul,10,4,1998,67.7
Middle East,Turkey,,Istanbul,10,5,1998,65.5
Middle East,Turkey,,Istanbul,10,6,1998,67.0
Middle East,Turkey,,Istanbul,10,7,1998,67.5
Middle East,Turkey,,Istanbul,10,8,1998,65.1
Middle East,Turkey,,Istanbul,10,9,1998,64.7
Middle East,Turkey,,Istanbul,10,10,1998,65.7
Middle East,Turkey,,Istanbul,10,11,1998,71.0
Middle East,Turkey,,Istanbul,10,12,1998,68.4
Middle East,Turkey,,Istanbul,10,13,1998,70.8
Middle East,Turkey,,Istanbul,10,14,1998,64.9
Middle East,Turkey,,Istanbul,10,15,1998,59.5
Middle East,Turkey,,Istanbul,10,16,1998,56.1
Middle East,Turkey,,Istanbul,10,17,1998,60.8
Middle East,Turkey,,Istanbul,10,18,1998,61.4
Middle East,Turkey,,Istanbul,10,19,1998,61.5
Middle East,Turkey,,Istanbul,10,20,1998,62.4
Middle East,Turkey,,Istanbul,10,21,1998,60.8
Middle East,Turkey,,Istanbul,10,22,1998,59.9
Middle East,Turkey,,Istanbul,10,23,1998,60.9
Middle East,Turkey,,Istanbul,10,24,1998,62.7
Middle East,Turkey,,Istanbul,10,25,1998,61.6
Middle East,Turkey,,Istanbul,10,26,1998,63.0
Middle East,Turkey,,Istanbul,10,27,1998,56.2
Middle East,Turkey,,Istanbul,10,28,1998,54.8
Middle East,Turkey,,Istanbul,10,29,1998,58.8
Middle East,Turkey,,Istanbul,10,30,1998,61.9
Middle East,Turkey,,Istanbul,10,31,1998,57.5
Middle East,Turkey,,Istanbul,11,1,1998,57.5
Middle East,Turkey,,Istanbul,11,2,1998,62.0
Middle East,Turkey,,Istanbul,11,3,1998,61.6
Middle East,Turkey,,Istanbul,11,4,1998,64.4
Middle East,Turkey,,Istanbul,11,5,1998,65.8
Middle East,Turkey,,Istanbul,11,6,1998,61.7
Middle East,Turkey,,Istanbul,11,7,1998,58.5
Middle East,Turkey,,Istanbul,11,8,1998,51.6
Middle East,Turkey,,Istanbul,11,9,1998,49.5
Middle East,Turkey,,Istanbul,11,10,1998,50.7
Middle East,Turkey,,Istanbul,11,11,1998,51.4
Middle East,Turkey,,Istanbul,11,12,1998,56.0
Middle East,Turkey,,Istanbul,11,13,1998,57.3
Middle East,Turkey,,Istanbul,11,14,1998,53.9
Middle East,Turkey,,Istanbul,11,15,1998,54.8
Middle East,Turkey,,Istanbul,11,16,1998,52.8
Middle East,Turkey,,Istanbul,11,17,1998,52.1
Middle East,Turkey,,Istanbul,11,18,1998,43.5
Middle East,Turkey,,Istanbul,11,19,1998,43.4
Middle East,Turkey,,Istanbul,11,20,1998,49.4
Middle East,Turkey,,Istanbul,11,21,1998,50.7
Middle East,Turkey,,Istanbul,11,22,1998,49.9
Middle East,Turkey,,Istanbul,11,23,1998,55.1
Middle East,Turkey,,Istanbul,11,24,1998,52.9
Middle East,Turkey,,Istanbul,11,25,1998,51.1
Middle East,Turkey,,Istanbul,11,26,1998,54.9
Middle East,Turkey,,Istanbul,11,27,1998,53.8
Middle East,Turkey,,Istanbul,11,28,1998,52.3
Middle East,Turkey,,Istanbul,11,29,1998,49.8
Middle East,Turkey,,Istanbul,11,30,1998,45.3
Middle East,Turkey,,Istanbul,12,1,1998,45.0
Middle East,Turkey,,Istanbul,12,2,1998,43.4
Middle East,Turkey,,Istanbul,12,3,1998,40.6
Middle East,Turkey,,Istanbul,12,4,1998,47.8
Middle East,Turkey,,Istanbul,12,5,1998,58.5
Middle East,Turkey,,Istanbul,12,6,1998,53.9
Middle East,Turkey,,Istanbul,12,7,1998,43.7
Middle East,Turkey,,Istanbul,12,8,1998,41.9
Middle East,Turkey,,Istanbul,12,9,1998,36.8
Middle East,Turkey,,Istanbul,12,10,1998,32.9
Middle East,Turkey,,Istanbul,12,11,1998,42.6
Middle East,Turkey,,Istanbul,12,12,1998,41.5
Middle East,Turkey,,Istanbul,12,13,1998,44.8
Middle East,Turkey,,Istanbul,12,14,1998,44.7
Middle East,Turkey,,Istanbul,12,15,1998,46.3
Middle East,Turkey,,Istanbul,12,16,1998,46.4
Middle East,Turkey,,Istanbul,12,17,1998,42.7
Middle East,Turkey,,Istanbul,12,18,1998,44.4
Middle East,Turkey,,Istanbul,12,19,1998,47.5
Middle East,Turkey,,Istanbul,12,20,1998,46.4
Middle East,Turkey,,Istanbul,12,21,1998,51.4
Middle East,Turkey,,Istanbul,12,22,1998,49.5
Middle East,Turkey,,Istanbul,12,23,1998,40.7
Middle East,Turkey,,Istanbul,12,24,1998,-99
Middle East,Turkey,,Istanbul,12,25,1998,-99
Middle East,Turkey,,Istanbul,12,26,1998,40.4
Middle East,Turkey,,Istanbul,12,27,1998,41.0
Middle East,Turkey,,Istanbul,12,28,1998,43.6
Middle East,Turkey,,Istanbul,12,29,1998,44.2
Middle East,Turkey,,Istanbul,12,30,1998,-99
Middle East,Turkey,,Istanbul,12,31,1998,-99
Middle East,Turkey,,Istanbul,1,1,1999,44.3
Middle East,Turkey,,Istanbul,1,2,1999,44.4
Middle East,Turkey,,Istanbul,1,3,1999,47.2
Middle East,Turkey,,Istanbul,1,4,1999,48.4
Middle East,Turkey,,Istanbul,1,5,1999,44.8
Middle East,Turkey,,Istanbul,1,6,1999,43.0
Middle East,Turkey,,Istanbul,1,7,1999,41.5
Middle East,Turkey,,Istanbul,1,8,1999,47.4
Middle East,Turkey,,Istanbul,1,9,1999,50.8
Middle East,Turkey,,Istanbul,1,10,1999,-99
Middle East,Turkey,,Istanbul,1,11,1999,50.9
Middle East,Turkey,,Istanbul,1,12,1999,51.6
Middle East,Turkey,,Istanbul,1,13,1999,52.0
Middle East,Turkey,,Istanbul,1,14,1999,51.3
Middle East,Turkey,,Istanbul,1,15,1999,43.9
Middle East,Turkey,,Istanbul,1,16,1999,41.9
Middle East,Turkey,,Istanbul,1,17,1999,42.2
Middle East,Turkey,,Istanbul,1,18,1999,41.0
Middle East,Turkey,,Istanbul,1,19,1999,41.8
Middle East,Turkey,,Istanbul,1,20,1999,40.2
Middle East,Turkey,,Istanbul,1,21,1999,42.7
Middle East,Turkey,,Istanbul,1,22,1999,42.7
Middle East,Turkey,,Istanbul,1,23,1999,41.4
Middle East,Turkey,,Istanbul,1,24,1999,39.5
Middle East,Turkey,,Istanbul,1,25,1999,41.2
Middle East,Turkey,,Istanbul,1,26,1999,39.4
Middle East,Turkey,,Istanbul,1,27,1999,43.8
Middle East,Turkey,,Istanbul,1,28,1999,49.1
Middle East,Turkey,,Istanbul,1,29,1999,48.2
Middle East,Turkey,,Istanbul,1,30,1999,40.0
Middle East,Turkey,,Istanbul,1,31,1999,33.4
Middle East,Turkey,,Istanbul,2,1,1999,38.7
Middle East,Turkey,,Istanbul,2,2,1999,35.8
Middle East,Turkey,,Istanbul,2,3,1999,34.8
Middle East,Turkey,,Istanbul,2,4,1999,37.7
Middle East,Turkey,,Istanbul,2,5,1999,41.3
Middle East,Turkey,,Istanbul,2,6,1999,46.0
Middle East,Turkey,,Istanbul,2,7,1999,37.0
Middle East,Turkey,,Istanbul,2,8,1999,43.7
Middle East,Turkey,,Istanbul,2,9,1999,43.0
Middle East,Turkey,,Istanbul,2,10,1999,48.7
Middle East,Turkey,,Istanbul,2,11,1999,54.2
Middle East,Turkey,,Istanbul,2,12,1999,48.8
Middle East,Turkey,,Istanbul,2,13,1999,46.3
Middle East,Turkey,,Istanbul,2,14,1999,41.7
Middle East,Turkey,,Istanbul,2,15,1999,43.5
Middle East,Turkey,,Istanbul,2,16,1999,41.8
Middle East,Turkey,,Istanbul,2,17,1999,44.1
Middle East,Turkey,,Istanbul,2,18,1999,43.3
Middle East,Turkey,,Istanbul,2,19,1999,33.5
Middle East,Turkey,,Istanbul,2,20,1999,38.8
Middle East,Turkey,,Istanbul,2,21,1999,46.9
Middle East,Turkey,,Istanbul,2,22,1999,51.2
Middle East,Turkey,,Istanbul,2,23,1999,52.2
Middle East,Turkey,,Istanbul,2,24,1999,44.2
Middle East,Turkey,,Istanbul,2,25,1999,46.0
Middle East,Turkey,,Istanbul,2,26,1999,45.7
Middle East,Turkey,,Istanbul,2,27,1999,44.4
Middle East,Turkey,,Istanbul,2,28,1999,46.2
Middle East,Turkey,,Istanbul,3,1,1999,48.0
Middle East,Turkey,,Istanbul,3,2,1999,49.2
Middle East,Turkey,,Istanbul,3,3,1999,51.3
Middle East,Turkey,,Istanbul,3,4,1999,55.4
Middle East,Turkey,,Istanbul,3,5,1999,55.7
Middle East,Turkey,,Istanbul,3,6,1999,57.1
Middle East,Turkey,,Istanbul,3,7,1999,56.2
Middle East,Turkey,,Istanbul,3,8,1999,55.0
Middle East,Turkey,,Istanbul,3,9,1999,48.0
Middle East,Turkey,,Istanbul,3,10,1999,48.0
Middle East,Turkey,,Istanbul,3,11,1999,49.9
Middle East,Turkey,,Istanbul,3,12,1999,48.7
Middle East,Turkey,,Istanbul,3,13,1999,46.9
Middle East,Turkey,,Istanbul,3,14,1999,44.4
Middle East,Turkey,,Istanbul,3,15,1999,40.0
Middle East,Turkey,,Istanbul,3,16,1999,40.9
Middle East,Turkey,,Istanbul,3,17,1999,43.2
Middle East,Turkey,,Istanbul,3,18,1999,44.5
Middle East,Turkey,,Istanbul,3,19,1999,45.4
Middle East,Turkey,,Istanbul,3,20,1999,41.6
Middle East,Turkey,,Istanbul,3,21,1999,43.3
Middle East,Turkey,,Istanbul,3,22,1999,45.7
Middle East,Turkey,,Istanbul,3,23,1999,48.6
Middle East,Turkey,,Istanbul,3,24,1999,53.8
Middle East,Turkey,,Istanbul,3,25,1999,49.5
Middle East,Turkey,,Istanbul,3,26,1999,47.6
Middle East,Turkey,,Istanbul,3,27,1999,50.0
Middle East,Turkey,,Istanbul,3,28,1999,51.3
Middle East,Turkey,,Istanbul,3,29,1999,48.8
Middle East,Turkey,,Istanbul,3,30,1999,47.7
Middle East,Turkey,,Istanbul,3,31,1999,47.8
Middle East,Turkey,,Istanbul,4,1,1999,47.1
Middle East,Turkey,,Istanbul,4,2,1999,50.7
Middle East,Turkey,,Istanbul,4,3,1999,50.9
Middle East,Turkey,,Istanbul,4,4,1999,49.5
Middle East,Turkey,,Istanbul,4,5,1999,51.4
Middle East,Turkey,,Istanbul,4,6,1999,49.0
Middle East,Turkey,,Istanbul,4,7,1999,48.9
Middle East,Turkey,,Istanbul,4,8,1999,53.8
Middle East,Turkey,,Istanbul,4,9,1999,57.7
Middle East,Turkey,,Istanbul,4,10,1999,60.8
Middle East,Turkey,,Istanbul,4,11,1999,58.8
Middle East,Turkey,,Istanbul,4,12,1999,56.1
Middle East,Turkey,,Istanbul,4,13,1999,57.6
Middle East,Turkey,,Istanbul,4,14,1999,55.6
Middle East,Turkey,,Istanbul,4,15,1999,58.4
Middle East,Turkey,,Istanbul,4,16,1999,61.4
Middle East,Turkey,,Istanbul,4,17,1999,64.4
Middle East,Turkey,,Istanbul,4,18,1999,66.2
Middle East,Turkey,,Istanbul,4,19,1999,59.2
Middle East,Turkey,,Istanbul,4,20,1999,58.6
Middle East,Turkey,,Istanbul,4,21,1999,53.7
Middle East,Turkey,,Istanbul,4,22,1999,56.2
Middle East,Turkey,,Istanbul,4,23,1999,62.6
Middle East,Turkey,,Istanbul,4,24,1999,62.5
Middle East,Turkey,,Istanbul,4,25,1999,59.7
Middle East,Turkey,,Istanbul,4,26,1999,62.0
Middle East,Turkey,,Istanbul,4,27,1999,59.9
Middle East,Turkey,,Istanbul,4,28,1999,58.2
Middle East,Turkey,,Istanbul,4,29,1999,60.3
Middle East,Turkey,,Istanbul,4,30,1999,64.1
Middle East,Turkey,,Istanbul,5,1,1999,67.0
Middle East,Turkey,,Istanbul,5,2,1999,69.7
Middle East,Turkey,,Istanbul,5,3,1999,68.0
Middle East,Turkey,,Istanbul,5,4,1999,66.5
Middle East,Turkey,,Istanbul,5,5,1999,64.0
Middle East,Turkey,,Istanbul,5,6,1999,51.5
Middle East,Turkey,,Istanbul,5,7,1999,50.5
Middle East,Turkey,,Istanbul,5,8,1999,53.1
Middle East,Turkey,,Istanbul,5,9,1999,55.7
Middle East,Turkey,,Istanbul,5,10,1999,58.7
Middle East,Turkey,,Istanbul,5,11,1999,61.3
Middle East,Turkey,,Istanbul,5,12,1999,63.1
Middle East,Turkey,,Istanbul,5,13,1999,65.2
Middle East,Turkey,,Istanbul,5,14,1999,63.2
Middle East,Turkey,,Istanbul,5,15,1999,70.6
Middle East,Turkey,,Istanbul,5,16,1999,69.7
Middle East,Turkey,,Istanbul,5,17,1999,61.0
Middle East,Turkey,,Istanbul,5,18,1999,61.6
Middle East,Turkey,,Istanbul,5,19,1999,59.9
Middle East,Turkey,,Istanbul,5,20,1999,62.6
Middle East,Turkey,,Istanbul,5,21,1999,65.9
Middle East,Turkey,,Istanbul,5,22,1999,69.6
Middle East,Turkey,,Istanbul,5,23,1999,67.0
Middle East,Turkey,,Istanbul,5,24,1999,64.3
Middle East,Turkey,,Istanbul,5,25,1999,63.0
Middle East,Turkey,,Istanbul,5,26,1999,64.2
Middle East,Turkey,,Istanbul,5,27,1999,67.7
Middle East,Turkey,,Istanbul,5,28,1999,70.9
Middle East,Turkey,,Istanbul,5,29,1999,68.3
Middle East,Turkey,,Istanbul,5,30,1999,68.4
Middle East,Turkey,,Istanbul,5,31,1999,67.4
Middle East,Turkey,,Istanbul,6,1,1999,70.3
Middle East,Turkey,,Istanbul,6,2,1999,65.4
Middle East,Turkey,,Istanbul,6,3,1999,65.4
Middle East,Turkey,,Istanbul,6,4,1999,69.6
Middle East,Turkey,,Istanbul,6,5,1999,67.2
Middle East,Turkey,,Istanbul,6,6,1999,68.2
Middle East,Turkey,,Istanbul,6,7,1999,68.7
Middle East,Turkey,,Istanbul,6,8,1999,71.4
Middle East,Turkey,,Istanbul,6,9,1999,73.9
Middle East,Turkey,,Istanbul,6,10,1999,71.8
Middle East,Turkey,,Istanbul,6,11,1999,73.3
Middle East,Turkey,,Istanbul,6,12,1999,74.5
Middle East,Turkey,,Istanbul,6,13,1999,73.5
Middle East,Turkey,,Istanbul,6,14,1999,75.5
Middle East,Turkey,,Istanbul,6,15,1999,76.1
Middle East,Turkey,,Istanbul,6,16,1999,76.4
Middle East,Turkey,,Istanbul,6,17,1999,75.8
Middle East,Turkey,,Istanbul,6,18,1999,76.8
Middle East,Turkey,,Istanbul,6,19,1999,75.0
Middle East,Turkey,,Istanbul,6,20,1999,74.4
Middle East,Turkey,,Istanbul,6,21,1999,77.0
Middle East,Turkey,,Istanbul,6,22,1999,81.6
Middle East,Turkey,,Istanbul,6,23,1999,70.0
Middle East,Turkey,,Istanbul,6,24,1999,64.5
Middle East,Turkey,,Istanbul,6,25,1999,67.2
Middle East,Turkey,,Istanbul,6,26,1999,65.9
Middle East,Turkey,,Istanbul,6,27,1999,68.8
Middle East,Turkey,,Istanbul,6,28,1999,72.9
Middle East,Turkey,,Istanbul,6,29,1999,77.0
Middle East,Turkey,,Istanbul,6,30,1999,76.7
Middle East,Turkey,,Istanbul,7,1,1999,76.1
Middle East,Turkey,,Istanbul,7,2,1999,76.7
Middle East,Turkey,,Istanbul,7,3,1999,76.1
Middle East,Turkey,,Istanbul,7,4,1999,77.9
Middle East,Turkey,,Istanbul,7,5,1999,79.9
Middle East,Turkey,,Istanbul,7,6,1999,79.8
Middle East,Turkey,,Istanbul,7,7,1999,80.6
Middle East,Turkey,,Istanbul,7,8,1999,82.5
Middle East,Turkey,,Istanbul,7,9,1999,82.3
Middle East,Turkey,,Istanbul,7,10,1999,82.1
Middle East,Turkey,,Istanbul,7,11,1999,82.1
Middle East,Turkey,,Istanbul,7,12,1999,79.7
Middle East,Turkey,,Istanbul,7,13,1999,76.3
Middle East,Turkey,,Istanbul,7,14,1999,77.9
Middle East,Turkey,,Istanbul,7,15,1999,76.4
Middle East,Turkey,,Istanbul,7,16,1999,74.2
Middle East,Turkey,,Istanbul,7,17,1999,76.4
Middle East,Turkey,,Istanbul,7,18,1999,74.8
Middle East,Turkey,,Istanbul,7,19,1999,76.8
Middle East,Turkey,,Istanbul,7,20,1999,76.2
Middle East,Turkey,,Istanbul,7,21,1999,77.5
Middle East,Turkey,,Istanbul,7,22,1999,80.3
Middle East,Turkey,,Istanbul,7,23,1999,80.4
Middle East,Turkey,,Istanbul,7,24,1999,80.2
Middle East,Turkey,,Istanbul,7,25,1999,81.5
Middle East,Turkey,,Istanbul,7,26,1999,79.9
Middle East,Turkey,,Istanbul,7,27,1999,80.5
Middle East,Turkey,,Istanbul,7,28,1999,79.7
Middle East,Turkey,,Istanbul,7,29,1999,80.1
Middle East,Turkey,,Istanbul,7,30,1999,78.7
Middle East,Turkey,,Istanbul,7,31,1999,77.5
Middle East,Turkey,,Istanbul,8,1,1999,77.5
Middle East,Turkey,,Istanbul,8,2,1999,78.4
Middle East,Turkey,,Istanbul,8,3,1999,79.4
Middle East,Turkey,,Istanbul,8,4,1999,77.9
Middle East,Turkey,,Istanbul,8,5,1999,77.9
Middle East,Turkey,,Istanbul,8,6,1999,78.4
Middle East,Turkey,,Istanbul,8,7,1999,79.0
Middle East,Turkey,,Istanbul,8,8,1999,79.1
Middle East,Turkey,,Istanbul,8,9,1999,79.0
Middle East,Turkey,,Istanbul,8,10,1999,81.8
Middle East,Turkey,,Istanbul,8,11,1999,82.1
Middle East,Turkey,,Istanbul,8,12,1999,81.9
Middle East,Turkey,,Istanbul,8,13,1999,82.3
Middle East,Turkey,,Istanbul,8,14,1999,80.7
Middle East,Turkey,,Istanbul,8,15,1999,78.2
Middle East,Turkey,,Istanbul,8,16,1999,79.1
Middle East,Turkey,,Istanbul,8,17,1999,80.6
Middle East,Turkey,,Istanbul,8,18,1999,81.2
Middle East,Turkey,,Istanbul,8,19,1999,82.4
Middle East,Turkey,,Istanbul,8,20,1999,81.7
Middle East,Turkey,,Istanbul,8,21,1999,81.8
Middle East,Turkey,,Istanbul,8,22,1999,83.5
Middle East,Turkey,,Istanbul,8,23,1999,76.5
Middle East,Turkey,,Istanbul,8,24,1999,74.0
Middle East,Turkey,,Istanbul,8,25,1999,70.9
Middle East,Turkey,,Istanbul,8,26,1999,71.5
Middle East,Turkey,,Istanbul,8,27,1999,64.9
Middle East,Turkey,,Istanbul,8,28,1999,71.2
Middle East,Turkey,,Istanbul,8,29,1999,71.6
Middle East,Turkey,,Istanbul,8,30,1999,74.2
Middle East,Turkey,,Istanbul,8,31,1999,73.9
Middle East,Turkey,,Istanbul,9,1,1999,74.5
Middle East,Turkey,,Istanbul,9,2,1999,71.6
Middle East,Turkey,,Istanbul,9,3,1999,73.5
Middle East,Turkey,,Istanbul,9,4,1999,75.4
Middle East,Turkey,,Istanbul,9,5,1999,69.6
Middle East,Turkey,,Istanbul,9,6,1999,67.8
Middle East,Turkey,,Istanbul,9,7,1999,68.4
Middle East,Turkey,,Istanbul,9,8,1999,69.4
Middle East,Turkey,,Istanbul,9,9,1999,72.4
Middle East,Turkey,,Istanbul,9,10,1999,69.5
Middle East,Turkey,,Istanbul,9,11,1999,71.8
Middle East,Turkey,,Istanbul,9,12,1999,71.6
Middle East,Turkey,,Istanbul,9,13,1999,70.0
Middle East,Turkey,,Istanbul,9,14,1999,67.7
Middle East,Turkey,,Istanbul,9,15,1999,69.6
Middle East,Turkey,,Istanbul,9,16,1999,72.1
Middle East,Turkey,,Istanbul,9,17,1999,71.1
Middle East,Turkey,,Istanbul,9,18,1999,70.3
Middle East,Turkey,,Istanbul,9,19,1999,72.2
Middle East,Turkey,,Istanbul,9,20,1999,70.5
Middle East,Turkey,,Istanbul,9,21,1999,69.1
Middle East,Turkey,,Istanbul,9,22,1999,69.1
Middle East,Turkey,,Istanbul,9,23,1999,68.8
Middle East,Turkey,,Istanbul,9,24,1999,69.0
Middle East,Turkey,,Istanbul,9,25,1999,69.3
Middle East,Turkey,,Istanbul,9,26,1999,72.7
Middle East,Turkey,,Istanbul,9,27,1999,72.4
Middle East,Turkey,,Istanbul,9,28,1999,73.1
Middle East,Turkey,,Istanbul,9,29,1999,72.1
Middle East,Turkey,,Istanbul,9,30,1999,70.8
Middle East,Turkey,,Istanbul,10,1,1999,70.4
Middle East,Turkey,,Istanbul,10,2,1999,69.6
Middle East,Turkey,,Istanbul,10,3,1999,71.7
Middle East,Turkey,,Istanbul,10,4,1999,71.1
Middle East,Turkey,,Istanbul,10,5,1999,69.1
Middle East,Turkey,,Istanbul,10,6,1999,71.5
Middle East,Turkey,,Istanbul,10,7,1999,70.9
Middle East,Turkey,,Istanbul,10,8,1999,61.2
Middle East,Turkey,,Istanbul,10,9,1999,61.8
Middle East,Turkey,,Istanbul,10,10,1999,61.8
Middle East,Turkey,,Istanbul,10,11,1999,61.8
Middle East,Turkey,,Istanbul,10,12,1999,61.5
Middle East,Turkey,,Istanbul,10,13,1999,63.6
Middle East,Turkey,,Istanbul,10,14,1999,65.2
Middle East,Turkey,,Istanbul,10,15,1999,61.5
Middle East,Turkey,,Istanbul,10,16,1999,58.8
Middle East,Turkey,,Istanbul,10,17,1999,58.9
Middle East,Turkey,,Istanbul,10,18,1999,57.0
Middle East,Turkey,,Istanbul,10,19,1999,58.7
Middle East,Turkey,,Istanbul,10,20,1999,60.5
Middle East,Turkey,,Istanbul,10,21,1999,59.0
Middle East,Turkey,,Istanbul,10,22,1999,60.1
Middle East,Turkey,,Istanbul,10,23,1999,58.4
Middle East,Turkey,,Istanbul,10,24,1999,59.0
Middle East,Turkey,,Istanbul,10,25,1999,62.2
Middle East,Turkey,,Istanbul,10,26,1999,61.0
Middle East,Turkey,,Istanbul,10,27,1999,63.0
Middle East,Turkey,,Istanbul,10,28,1999,60.0
Middle East,Turkey,,Istanbul,10,29,1999,58.7
Middle East,Turkey,,Istanbul,10,30,1999,57.1
Middle East,Turkey,,Istanbul,10,31,1999,55.8
Middle East,Turkey,,Istanbul,11,1,1999,57.2
Middle East,Turkey,,Istanbul,11,2,1999,57.8
Middle East,Turkey,,Istanbul,11,3,1999,60.2
Middle East,Turkey,,Istanbul,11,4,1999,59.6
Middle East,Turkey,,Istanbul,11,5,1999,58.2
Middle East,Turkey,,Istanbul,11,6,1999,57.1
Middle East,Turkey,,Istanbul,11,7,1999,58.1
Middle East,Turkey,,Istanbul,11,8,1999,57.6
Middle East,Turkey,,Istanbul,11,9,1999,56.1
Middle East,Turkey,,Istanbul,11,10,1999,51.0
Middle East,Turkey,,Istanbul,11,11,1999,51.0
Middle East,Turkey,,Istanbul,11,12,1999,50.9
Middle East,Turkey,,Istanbul,11,13,1999,50.4
Middle East,Turkey,,Istanbul,11,14,1999,49.3
Middle East,Turkey,,Istanbul,11,15,1999,57.7
Middle East,Turkey,,Istanbul,11,16,1999,53.3
Middle East,Turkey,,Istanbul,11,17,1999,57.8
Middle East,Turkey,,Istanbul,11,18,1999,60.8
Middle East,Turkey,,Istanbul,11,19,1999,59.2
Middle East,Turkey,,Istanbul,11,20,1999,59.1
Middle East,Turkey,,Istanbul,11,21,1999,56.8
Middle East,Turkey,,Istanbul,11,22,1999,59.6
Middle East,Turkey,,Istanbul,11,23,1999,59.0
Middle East,Turkey,,Istanbul,11,24,1999,44.4
Middle East,Turkey,,Istanbul,11,25,1999,40.7
Middle East,Turkey,,Istanbul,11,26,1999,37.6
Middle East,Turkey,,Istanbul,11,27,1999,41.8
Middle East,Turkey,,Istanbul,11,28,1999,43.7
Middle East,Turkey,,Istanbul,11,29,1999,46.6
Middle East,Turkey,,Istanbul,11,30,1999,46.1
Middle East,Turkey,,Istanbul,12,1,1999,49.8
Middle East,Turkey,,Istanbul,12,2,1999,52.3
Middle East,Turkey,,Istanbul,12,3,1999,53.1
Middle East,Turkey,,Istanbul,12,4,1999,52.1
Middle East,Turkey,,Istanbul,12,5,1999,56.0
Middle East,Turkey,,Istanbul,12,6,1999,50.2
Middle East,Turkey,,Istanbul,12,7,1999,47.8
Middle East,Turkey,,Istanbul,12,8,1999,48.7
Middle East,Turkey,,Istanbul,12,9,1999,50.3
Middle East,Turkey,,Istanbul,12,10,1999,51.2
Middle East,Turkey,,Istanbul,12,11,1999,55.7
Middle East,Turkey,,Istanbul,12,12,1999,56.0
Middle East,Turkey,,Istanbul,12,13,1999,53.9
Middle East,Turkey,,Istanbul,12,14,1999,50.1
Middle East,Turkey,,Istanbul,12,15,1999,52.9
Middle East,Turkey,,Istanbul,12,16,1999,59.1
Middle East,Turkey,,Istanbul,12,17,1999,55.5
Middle East,Turkey,,Istanbul,12,18,1999,54.3
Middle East,Turkey,,Istanbul,12,19,1999,53.3
Middle East,Turkey,,Istanbul,12,20,1999,55.0
Middle East,Turkey,,Istanbul,12,21,1999,51.1
Middle East,Turkey,,Istanbul,12,22,1999,42.2
Middle East,Turkey,,Istanbul,12,23,1999,39.9
Middle East,Turkey,,Istanbul,12,24,1999,40.1
Middle East,Turkey,,Istanbul,12,25,1999,41.2
Middle East,Turkey,,Istanbul,12,26,1999,48.6
Middle East,Turkey,,Istanbul,12,27,1999,55.4
Middle East,Turkey,,Istanbul,12,28,1999,54.6
Middle East,Turkey,,Istanbul,12,29,1999,55.9
Middle East,Turkey,,Istanbul,12,30,1999,51.8
Middle East,Turkey,,Istanbul,12,31,1999,48.8
Middle East,Turkey,,Istanbul,1,1,2000,44.8
Middle East,Turkey,,Istanbul,1,2,2000,39.1
Middle East,Turkey,,Istanbul,1,3,2000,37.5
Middle East,Turkey,,Istanbul,1,4,2000,37.4
Middle East,Turkey,,Istanbul,1,5,2000,40.4
Middle East,Turkey,,Istanbul,1,6,2000,40.0
Middle East,Turkey,,Istanbul,1,7,2000,39.6
Middle East,Turkey,,Istanbul,1,8,2000,41.7
Middle East,Turkey,,Istanbul,1,9,2000,41.3
Middle East,Turkey,,Istanbul,1,10,2000,41.6
Middle East,Turkey,,Istanbul,1,11,2000,39.1
Middle East,Turkey,,Istanbul,1,12,2000,38.8
Middle East,Turkey,,Istanbul,1,13,2000,39.6
Middle East,Turkey,,Istanbul,1,14,2000,41.1
Middle East,Turkey,,Istanbul,1,15,2000,42.3
Middle East,Turkey,,Istanbul,1,16,2000,41.0
Middle East,Turkey,,Istanbul,1,17,2000,38.2
Middle East,Turkey,,Istanbul,1,18,2000,38.6
Middle East,Turkey,,Istanbul,1,19,2000,37.8
Middle East,Turkey,,Istanbul,1,20,2000,33.4
Middle East,Turkey,,Istanbul,1,21,2000,35.7
Middle East,Turkey,,Istanbul,1,22,2000,35.5
Middle East,Turkey,,Istanbul,1,23,2000,37.5
Middle East,Turkey,,Istanbul,1,24,2000,40.8
Middle East,Turkey,,Istanbul,1,25,2000,30.1
Middle East,Turkey,,Istanbul,1,26,2000,27.2
Middle East,Turkey,,Istanbul,1,27,2000,30.3
Middle East,Turkey,,Istanbul,1,28,2000,38.0
Middle East,Turkey,,Istanbul,1,29,2000,42.2
Middle East,Turkey,,Istanbul,1,30,2000,45.4
Middle East,Turkey,,Istanbul,1,31,2000,45.9
Middle East,Turkey,,Istanbul,2,1,2000,48.5
Middle East,Turkey,,Istanbul,2,2,2000,47.0
Middle East,Turkey,,Istanbul,2,3,2000,49.3
Middle East,Turkey,,Istanbul,2,4,2000,42.3
Middle East,Turkey,,Istanbul,2,5,2000,38.6
Middle East,Turkey,,Istanbul,2,6,2000,43.4
Middle East,Turkey,,Istanbul,2,7,2000,45.0
Middle East,Turkey,,Istanbul,2,8,2000,45.7
Middle East,Turkey,,Istanbul,2,9,2000,49.9
Middle East,Turkey,,Istanbul,2,10,2000,50.2
Middle East,Turkey,,Istanbul,2,11,2000,47.0
Middle East,Turkey,,Istanbul,2,12,2000,47.3
Middle East,Turkey,,Istanbul,2,13,2000,44.3
Middle East,Turkey,,Istanbul,2,14,2000,42.6
Middle East,Turkey,,Istanbul,2,15,2000,39.1
Middle East,Turkey,,Istanbul,2,16,2000,42.9
Middle East,Turkey,,Istanbul,2,17,2000,46.3
Middle East,Turkey,,Istanbul,2,18,2000,50.6
Middle East,Turkey,,Istanbul,2,19,2000,40.6
Middle East,Turkey,,Istanbul,2,20,2000,46.4
Middle East,Turkey,,Istanbul,2,21,2000,42.3
Middle East,Turkey,,Istanbul,2,22,2000,37.6
Middle East,Turkey,,Istanbul,2,23,2000,37.9
Middle East,Turkey,,Istanbul,2,24,2000,38.0
Middle East,Turkey,,Istanbul,2,25,2000,39.2
Middle East,Turkey,,Istanbul,2,26,2000,40.9
Middle East,Turkey,,Istanbul,2,27,2000,41.1
Middle East,Turkey,,Istanbul,2,28,2000,40.1
Middle East,Turkey,,Istanbul,2,29,2000,41.9
Middle East,Turkey,,Istanbul,3,1,2000,40.6
Middle East,Turkey,,Istanbul,3,2,2000,48.7
Middle East,Turkey,,Istanbul,3,3,2000,49.0
Middle East,Turkey,,Istanbul,3,4,2000,45.2
Middle East,Turkey,,Istanbul,3,5,2000,46.9
Middle East,Turkey,,Istanbul,3,6,2000,36.8
Middle East,Turkey,,Istanbul,3,7,2000,39.2
Middle East,Turkey,,Istanbul,3,8,2000,44.8
Middle East,Turkey,,Istanbul,3,9,2000,49.1
Middle East,Turkey,,Istanbul,3,10,2000,50.0
Middle East,Turkey,,Istanbul,3,11,2000,42.6
Middle East,Turkey,,Istanbul,3,12,2000,48.5
Middle East,Turkey,,Istanbul,3,13,2000,44.4
Middle East,Turkey,,Istanbul,3,14,2000,42.9
Middle East,Turkey,,Istanbul,3,15,2000,43.5
Middle East,Turkey,,Istanbul,3,16,2000,40.4
Middle East,Turkey,,Istanbul,3,17,2000,37.6
Middle East,Turkey,,Istanbul,3,18,2000,38.0
Middle East,Turkey,,Istanbul,3,19,2000,38.7
Middle East,Turkey,,Istanbul,3,20,2000,39.5
Middle East,Turkey,,Istanbul,3,21,2000,40.5
Middle East,Turkey,,Istanbul,3,22,2000,41.3
Middle East,Turkey,,Istanbul,3,23,2000,43.8
Middle East,Turkey,,Istanbul,3,24,2000,43.7
Middle East,Turkey,,Istanbul,3,25,2000,48.3
Middle East,Turkey,,Istanbul,3,26,2000,50.8
Middle East,Turkey,,Istanbul,3,27,2000,56.3
Middle East,Turkey,,Istanbul,3,28,2000,57.0
Middle East,Turkey,,Istanbul,3,29,2000,55.9
Middle East,Turkey,,Istanbul,3,30,2000,62.9
Middle East,Turkey,,Istanbul,3,31,2000,61.2
Middle East,Turkey,,Istanbul,4,1,2000,63.4
Middle East,Turkey,,Istanbul,4,2,2000,62.7
Middle East,Turkey,,Istanbul,4,3,2000,59.4
Middle East,Turkey,,Istanbul,4,4,2000,65.3
Middle East,Turkey,,Istanbul,4,5,2000,65.8
Middle East,Turkey,,Istanbul,4,6,2000,60.4
Middle East,Turkey,,Istanbul,4,7,2000,53.9
Middle East,Turkey,,Istanbul,4,8,2000,49.0
Middle East,Turkey,,Istanbul,4,9,2000,47.5
Middle East,Turkey,,Istanbul,4,10,2000,51.3
Middle East,Turkey,,Istanbul,4,11,2000,52.7
Middle East,Turkey,,Istanbul,4,12,2000,59.4
Middle East,Turkey,,Istanbul,4,13,2000,52.5
Middle East,Turkey,,Istanbul,4,14,2000,57.6
Middle East,Turkey,,Istanbul,4,15,2000,63.3
Middle East,Turkey,,Istanbul,4,16,2000,62.8
Middle East,Turkey,,Istanbul,4,17,2000,61.6
Middle East,Turkey,,Istanbul,4,18,2000,56.1
Middle East,Turkey,,Istanbul,4,19,2000,56.6
Middle East,Turkey,,Istanbul,4,20,2000,55.1
Middle East,Turkey,,Istanbul,4,21,2000,55.5
Middle East,Turkey,,Istanbul,4,22,2000,58.5
Middle East,Turkey,,Istanbul,4,23,2000,58.1
Middle East,Turkey,,Istanbul,4,24,2000,58.6
Middle East,Turkey,,Istanbul,4,25,2000,65.8
Middle East,Turkey,,Istanbul,4,26,2000,59.0
Middle East,Turkey,,Istanbul,4,27,2000,55.0
Middle East,Turkey,,Istanbul,4,28,2000,56.4
Middle East,Turkey,,Istanbul,4,29,2000,58.1
Middle East,Turkey,,Istanbul,4,30,2000,62.5
Middle East,Turkey,,Istanbul,5,1,2000,59.2
Middle East,Turkey,,Istanbul,5,2,2000,60.2
Middle East,Turkey,,Istanbul,5,3,2000,52.9
Middle East,Turkey,,Istanbul,5,4,2000,53.2
Middle East,Turkey,,Istanbul,5,5,2000,53.2
Middle East,Turkey,,Istanbul,5,6,2000,55.1
Middle East,Turkey,,Istanbul,5,7,2000,56.2
Middle East,Turkey,,Istanbul,5,8,2000,59.9
Middle East,Turkey,,Istanbul,5,9,2000,58.0
Middle East,Turkey,,Istanbul,5,10,2000,61.3
Middle East,Turkey,,Istanbul,5,11,2000,65.2
Middle East,Turkey,,Istanbul,5,12,2000,68.1
Middle East,Turkey,,Istanbul,5,13,2000,64.1
Middle East,Turkey,,Istanbul,5,14,2000,60.4
Middle East,Turkey,,Istanbul,5,15,2000,63.1
Middle East,Turkey,,Istanbul,5,16,2000,64.4
Middle East,Turkey,,Istanbul,5,17,2000,66.1
Middle East,Turkey,,Istanbul,5,18,2000,63.8
Middle East,Turkey,,Istanbul,5,19,2000,60.2
Middle East,Turkey,,Istanbul,5,20,2000,66.8
Middle East,Turkey,,Istanbul,5,21,2000,71.3
Middle East,Turkey,,Istanbul,5,22,2000,71.7
Middle East,Turkey,,Istanbul,5,23,2000,69.2
Middle East,Turkey,,Istanbul,5,24,2000,60.6
Middle East,Turkey,,Istanbul,5,25,2000,59.9
Middle East,Turkey,,Istanbul,5,26,2000,68.0
Middle East,Turkey,,Istanbul,5,27,2000,68.4
Middle East,Turkey,,Istanbul,5,28,2000,69.3
Middle East,Turkey,,Istanbul,5,29,2000,67.1
Middle East,Turkey,,Istanbul,5,30,2000,69.5
Middle East,Turkey,,Istanbul,5,31,2000,69.0
Middle East,Turkey,,Istanbul,6,1,2000,65.5
Middle East,Turkey,,Istanbul,6,2,2000,63.2
Middle East,Turkey,,Istanbul,6,3,2000,65.3
Middle East,Turkey,,Istanbul,6,4,2000,68.8
Middle East,Turkey,,Istanbul,6,5,2000,69.2
Middle East,Turkey,,Istanbul,6,6,2000,72.2
Middle East,Turkey,,Istanbul,6,7,2000,68.7
Middle East,Turkey,,Istanbul,6,8,2000,71.1
Middle East,Turkey,,Istanbul,6,9,2000,74.9
Middle East,Turkey,,Istanbul,6,10,2000,72.7
Middle East,Turkey,,Istanbul,6,11,2000,69.4
Middle East,Turkey,,Istanbul,6,12,2000,69.6
Middle East,Turkey,,Istanbul,6,13,2000,70.8
Middle East,Turkey,,Istanbul,6,14,2000,75.0
Middle East,Turkey,,Istanbul,6,15,2000,75.5
Middle East,Turkey,,Istanbul,6,16,2000,75.9
Middle East,Turkey,,Istanbul,6,17,2000,66.4
Middle East,Turkey,,Istanbul,6,18,2000,62.8
Middle East,Turkey,,Istanbul,6,19,2000,61.8
Middle East,Turkey,,Istanbul,6,20,2000,63.7
Middle East,Turkey,,Istanbul,6,21,2000,65.3
Middle East,Turkey,,Istanbul,6,22,2000,72.5
Middle East,Turkey,,Istanbul,6,23,2000,76.3
Middle East,Turkey,,Istanbul,6,24,2000,79.6
Middle East,Turkey,,Istanbul,6,25,2000,80.4
Middle East,Turkey,,Istanbul,6,26,2000,81.6
Middle East,Turkey,,Istanbul,6,27,2000,71.7
Middle East,Turkey,,Istanbul,6,28,2000,70.4
Middle East,Turkey,,Istanbul,6,29,2000,71.0
Middle East,Turkey,,Istanbul,6,30,2000,71.1
Middle East,Turkey,,Istanbul,7,1,2000,72.9
Middle East,Turkey,,Istanbul,7,2,2000,74.5
Middle East,Turkey,,Istanbul,7,3,2000,76.8
Middle East,Turkey,,Istanbul,7,4,2000,76.9
Middle East,Turkey,,Istanbul,7,5,2000,81.9
Middle East,Turkey,,Istanbul,7,6,2000,83.5
Middle East,Turkey,,Istanbul,7,7,2000,79.5
Middle East,Turkey,,Istanbul,7,8,2000,81.1
Middle East,Turkey,,Istanbul,7,9,2000,83.3
Middle East,Turkey,,Istanbul,7,10,2000,75.2
Middle East,Turkey,,Istanbul,7,11,2000,75.8
Middle East,Turkey,,Istanbul,7,12,2000,81.1
Middle East,Turkey,,Istanbul,7,13,2000,86.7
Middle East,Turkey,,Istanbul,7,14,2000,73.0
Middle East,Turkey,,Istanbul,7,15,2000,76.7
Middle East,Turkey,,Istanbul,7,16,2000,76.6
Middle East,Turkey,,Istanbul,7,17,2000,77.2
Middle East,Turkey,,Istanbul,7,18,2000,76.7
Middle East,Turkey,,Istanbul,7,19,2000,75.5
Middle East,Turkey,,Istanbul,7,20,2000,73.8
Middle East,Turkey,,Istanbul,7,21,2000,73.3
Middle East,Turkey,,Istanbul,7,22,2000,69.8
Middle East,Turkey,,Istanbul,7,23,2000,71.4
Middle East,Turkey,,Istanbul,7,24,2000,75.7
Middle East,Turkey,,Istanbul,7,25,2000,81.2
Middle East,Turkey,,Istanbul,7,26,2000,82.4
Middle East,Turkey,,Istanbul,7,27,2000,84.8
Middle East,Turkey,,Istanbul,7,28,2000,82.4
Middle East,Turkey,,Istanbul,7,29,2000,82.4
Middle East,Turkey,,Istanbul,7,30,2000,79.3
Middle East,Turkey,,Istanbul,7,31,2000,78.3
Middle East,Turkey,,Istanbul,8,1,2000,72.2
Middle East,Turkey,,Istanbul,8,2,2000,72.5
Middle East,Turkey,,Istanbul,8,3,2000,73.4
Middle East,Turkey,,Istanbul,8,4,2000,75.6
Middle East,Turkey,,Istanbul,8,5,2000,77.1
Middle East,Turkey,,Istanbul,8,6,2000,78.3
Middle East,Turkey,,Istanbul,8,7,2000,78.8
Middle East,Turkey,,Istanbul,8,8,2000,79.3
Middle East,Turkey,,Istanbul,8,9,2000,77.4
Middle East,Turkey,,Istanbul,8,10,2000,77.3
Middle East,Turkey,,Istanbul,8,11,2000,77.4
Middle East,Turkey,,Istanbul,8,12,2000,76.2
Middle East,Turkey,,Istanbul,8,13,2000,77.3
Middle East,Turkey,,Istanbul,8,14,2000,78.9
Middle East,Turkey,,Istanbul,8,15,2000,79.5
Middle East,Turkey,,Istanbul,8,16,2000,78.9
Middle East,Turkey,,Istanbul,8,17,2000,78.2
Middle East,Turkey,,Istanbul,8,18,2000,78.1
Middle East,Turkey,,Istanbul,8,19,2000,79.1
Middle East,Turkey,,Istanbul,8,20,2000,80.4
Middle East,Turkey,,Istanbul,8,21,2000,81.1
Middle East,Turkey,,Istanbul,8,22,2000,81.5
Middle East,Turkey,,Istanbul,8,23,2000,82.6
Middle East,Turkey,,Istanbul,8,24,2000,80.9
Middle East,Turkey,,Istanbul,8,25,2000,79.0
Middle East,Turkey,,Istanbul,8,26,2000,72.8
Middle East,Turkey,,Istanbul,8,27,2000,69.0
Middle East,Turkey,,Istanbul,8,28,2000,71.8
Middle East,Turkey,,Istanbul,8,29,2000,71.3
Middle East,Turkey,,Istanbul,8,30,2000,71.3
Middle East,Turkey,,Istanbul,8,31,2000,72.6
Middle East,Turkey,,Istanbul,9,1,2000,77.7
Middle East,Turkey,,Istanbul,9,2,2000,76.3
Middle East,Turkey,,Istanbul,9,3,2000,77.2
Middle East,Turkey,,Istanbul,9,4,2000,79.8
Middle East,Turkey,,Istanbul,9,5,2000,78.5
Middle East,Turkey,,Istanbul,9,6,2000,66.3
Middle East,Turkey,,Istanbul,9,7,2000,63.7
Middle East,Turkey,,Istanbul,9,8,2000,68.7
Middle East,Turkey,,Istanbul,9,9,2000,69.6
Middle East,Turkey,,Istanbul,9,10,2000,70.1
Middle East,Turkey,,Istanbul,9,11,2000,72.1
Middle East,Turkey,,Istanbul,9,12,2000,69.3
Middle East,Turkey,,Istanbul,9,13,2000,70.8
Middle East,Turkey,,Istanbul,9,14,2000,72.3
Middle East,Turkey,,Istanbul,9,15,2000,70.4
Middle East,Turkey,,Istanbul,9,16,2000,72.0
Middle East,Turkey,,Istanbul,9,17,2000,70.7
Middle East,Turkey,,Istanbul,9,18,2000,74.1
Middle East,Turkey,,Istanbul,9,19,2000,75.9
Middle East,Turkey,,Istanbul,9,20,2000,74.7
Middle East,Turkey,,Istanbul,9,21,2000,77.1
Middle East,Turkey,,Istanbul,9,22,2000,76.6
Middle East,Turkey,,Istanbul,9,23,2000,72.8
Middle East,Turkey,,Istanbul,9,24,2000,63.4
Middle East,Turkey,,Istanbul,9,25,2000,59.6
Middle East,Turkey,,Istanbul,9,26,2000,59.0
Middle East,Turkey,,Istanbul,9,27,2000,60.0
Middle East,Turkey,,Istanbul,9,28,2000,62.7
Middle East,Turkey,,Istanbul,9,29,2000,63.1
Middle East,Turkey,,Istanbul,9,30,2000,64.5
Middle East,Turkey,,Istanbul,10,1,2000,65.2
Middle East,Turkey,,Istanbul,10,2,2000,65.2
Middle East,Turkey,,Istanbul,10,3,2000,67.6
Middle East,Turkey,,Istanbul,10,4,2000,68.8
Middle East,Turkey,,Istanbul,10,5,2000,68.2
Middle East,Turkey,,Istanbul,10,6,2000,68.9
Middle East,Turkey,,Istanbul,10,7,2000,68.2
Middle East,Turkey,,Istanbul,10,8,2000,67.3
Middle East,Turkey,,Istanbul,10,9,2000,63.2
Middle East,Turkey,,Istanbul,10,10,2000,62.3
Middle East,Turkey,,Istanbul,10,11,2000,63.6
Middle East,Turkey,,Istanbul,10,12,2000,66.8
Middle East,Turkey,,Istanbul,10,13,2000,66.7
Middle East,Turkey,,Istanbul,10,14,2000,64.2
Middle East,Turkey,,Istanbul,10,15,2000,62.7
Middle East,Turkey,,Istanbul,10,16,2000,63.9
Middle East,Turkey,,Istanbul,10,17,2000,63.3
Middle East,Turkey,,Istanbul,10,18,2000,62.1
Middle East,Turkey,,Istanbul,10,19,2000,59.9
Middle East,Turkey,,Istanbul,10,20,2000,56.4
Middle East,Turkey,,Istanbul,10,21,2000,53.9
Middle East,Turkey,,Istanbul,10,22,2000,50.7
Middle East,Turkey,,Istanbul,10,23,2000,51.1
Middle East,Turkey,,Istanbul,10,24,2000,53.0
Middle East,Turkey,,Istanbul,10,25,2000,54.0
Middle East,Turkey,,Istanbul,10,26,2000,54.5
Middle East,Turkey,,Istanbul,10,27,2000,56.7
Middle East,Turkey,,Istanbul,10,28,2000,56.5
Middle East,Turkey,,Istanbul,10,29,2000,53.8
Middle East,Turkey,,Istanbul,10,30,2000,54.1
Middle East,Turkey,,Istanbul,10,31,2000,54.7
Middle East,Turkey,,Istanbul,11,1,2000,56.7
Middle East,Turkey,,Istanbul,11,2,2000,60.3
Middle East,Turkey,,Istanbul,11,3,2000,61.6
Middle East,Turkey,,Istanbul,11,4,2000,60.1
Middle East,Turkey,,Istanbul,11,5,2000,57.6
Middle East,Turkey,,Istanbul,11,6,2000,60.2
Middle East,Turkey,,Istanbul,11,7,2000,63.2
Middle East,Turkey,,Istanbul,11,8,2000,66.1
Middle East,Turkey,,Istanbul,11,9,2000,65.4
Middle East,Turkey,,Istanbul,11,10,2000,63.0
Middle East,Turkey,,Istanbul,11,11,2000,61.4
Middle East,Turkey,,Istanbul,11,12,2000,58.3
Middle East,Turkey,,Istanbul,11,13,2000,55.0
Middle East,Turkey,,Istanbul,11,14,2000,55.7
Middle East,Turkey,,Istanbul,11,15,2000,57.9
Middle East,Turkey,,Istanbul,11,16,2000,56.0
Middle East,Turkey,,Istanbul,11,17,2000,54.0
Middle East,Turkey,,Istanbul,11,18,2000,53.6
Middle East,Turkey,,Istanbul,11,19,2000,54.0
Middle East,Turkey,,Istanbul,11,20,2000,56.9
Middle East,Turkey,,Istanbul,11,21,2000,58.6
Middle East,Turkey,,Istanbul,11,22,2000,57.0
Middle East,Turkey,,Istanbul,11,23,2000,55.6
Middle East,Turkey,,Istanbul,11,24,2000,55.0
Middle East,Turkey,,Istanbul,11,25,2000,54.1
Middle East,Turkey,,Istanbul,11,26,2000,58.8
Middle East,Turkey,,Istanbul,11,27,2000,57.6
Middle East,Turkey,,Istanbul,11,28,2000,52.5
Middle East,Turkey,,Istanbul,11,29,2000,47.5
Middle East,Turkey,,Istanbul,11,30,2000,49.4
Middle East,Turkey,,Istanbul,12,1,2000,52.4
Middle East,Turkey,,Istanbul,12,2,2000,50.6
Middle East,Turkey,,Istanbul,12,3,2000,51.3
Middle East,Turkey,,Istanbul,12,4,2000,51.5
Middle East,Turkey,,Istanbul,12,5,2000,52.8
Middle East,Turkey,,Istanbul,12,6,2000,52.7
Middle East,Turkey,,Istanbul,12,7,2000,52.0
Middle East,Turkey,,Istanbul,12,8,2000,48.8
Middle East,Turkey,,Istanbul,12,9,2000,47.5
Middle East,Turkey,,Istanbul,12,10,2000,48.1
Middle East,Turkey,,Istanbul,12,11,2000,49.9
Middle East,Turkey,,Istanbul,12,12,2000,50.1
Middle East,Turkey,,Istanbul,12,13,2000,48.7
Middle East,Turkey,,Istanbul,12,14,2000,50.6
Middle East,Turkey,,Istanbul,12,15,2000,54.2
Middle East,Turkey,,Istanbul,12,16,2000,56.9
Middle East,Turkey,,Istanbul,12,17,2000,48.1
Middle East,Turkey,,Istanbul,12,18,2000,47.7
Middle East,Turkey,,Istanbul,12,19,2000,44.9
Middle East,Turkey,,Istanbul,12,20,2000,39.7
Middle East,Turkey,,Istanbul,12,21,2000,38.0
Middle East,Turkey,,Istanbul,12,22,2000,36.9
Middle East,Turkey,,Istanbul,12,23,2000,40.7
Middle East,Turkey,,Istanbul,12,24,2000,41.3
Middle East,Turkey,,Istanbul,12,25,2000,45.3
Middle East,Turkey,,Istanbul,12,26,2000,52.1
Middle East,Turkey,,Istanbul,12,27,2000,57.1
Middle East,Turkey,,Istanbul,12,28,2000,58.5
Middle East,Turkey,,Istanbul,12,29,2000,56.5
Middle East,Turkey,,Istanbul,12,30,2000,54.2
Middle East,Turkey,,Istanbul,12,31,2000,54.5
Middle East,Turkey,,Istanbul,1,1,2001,53.4
Middle East,Turkey,,Istanbul,1,2,2001,47.5
Middle East,Turkey,,Istanbul,1,3,2001,50.5
Middle East,Turkey,,Istanbul,1,4,2001,51.4
Middle East,Turkey,,Istanbul,1,5,2001,50.2
Middle East,Turkey,,Istanbul,1,6,2001,47.5
Middle East,Turkey,,Istanbul,1,7,2001,50.0
Middle East,Turkey,,Istanbul,1,8,2001,52.6
Middle East,Turkey,,Istanbul,1,9,2001,55.9
Middle East,Turkey,,Istanbul,1,10,2001,51.1
Middle East,Turkey,,Istanbul,1,11,2001,46.7
Middle East,Turkey,,Istanbul,1,12,2001,48.5
Middle East,Turkey,,Istanbul,1,13,2001,47.1
Middle East,Turkey,,Istanbul,1,14,2001,40.4
Middle East,Turkey,,Istanbul,1,15,2001,43.6
Middle East,Turkey,,Istanbul,1,16,2001,44.0
Middle East,Turkey,,Istanbul,1,17,2001,44.3
Middle East,Turkey,,Istanbul,1,18,2001,43.9
Middle East,Turkey,,Istanbul,1,19,2001,43.3
Middle East,Turkey,,Istanbul,1,20,2001,40.9
Middle East,Turkey,,Istanbul,1,21,2001,40.8
Middle East,Turkey,,Istanbul,1,22,2001,40.2
Middle East,Turkey,,Istanbul,1,23,2001,41.5
Middle East,Turkey,,Istanbul,1,24,2001,41.9
Middle East,Turkey,,Istanbul,1,25,2001,41.5
Middle East,Turkey,,Istanbul,1,26,2001,45.2
Middle East,Turkey,,Istanbul,1,27,2001,49.3
Middle East,Turkey,,Istanbul,1,28,2001,52.8
Middle East,Turkey,,Istanbul,1,29,2001,55.3
Middle East,Turkey,,Istanbul,1,30,2001,56.5
Middle East,Turkey,,Istanbul,1,31,2001,52.4
Middle East,Turkey,,Istanbul,2,1,2001,46.4
Middle East,Turkey,,Istanbul,2,2,2001,47.1
Middle East,Turkey,,Istanbul,2,3,2001,38.0
Middle East,Turkey,,Istanbul,2,4,2001,41.6
Middle East,Turkey,,Istanbul,2,5,2001,48.2
Middle East,Turkey,,Istanbul,2,6,2001,50.6
Middle East,Turkey,,Istanbul,2,7,2001,49.3
Middle East,Turkey,,Istanbul,2,8,2001,52.1
Middle East,Turkey,,Istanbul,2,9,2001,51.8
Middle East,Turkey,,Istanbul,2,10,2001,53.0
Middle East,Turkey,,Istanbul,2,11,2001,45.4
Middle East,Turkey,,Istanbul,2,12,2001,44.8
Middle East,Turkey,,Istanbul,2,13,2001,44.1
Middle East,Turkey,,Istanbul,2,14,2001,43.5
Middle East,Turkey,,Istanbul,2,15,2001,41.9
Middle East,Turkey,,Istanbul,2,16,2001,41.9
Middle East,Turkey,,Istanbul,2,17,2001,42.3
Middle East,Turkey,,Istanbul,2,18,2001,44.0
Middle East,Turkey,,Istanbul,2,19,2001,39.2
Middle East,Turkey,,Istanbul,2,20,2001,37.0
Middle East,Turkey,,Istanbul,2,21,2001,43.1
Middle East,Turkey,,Istanbul,2,22,2001,46.5
Middle East,Turkey,,Istanbul,2,23,2001,45.2
Middle East,Turkey,,Istanbul,2,24,2001,52.1
Middle East,Turkey,,Istanbul,2,25,2001,54.9
Middle East,Turkey,,Istanbul,2,26,2001,58.2
Middle East,Turkey,,Istanbul,2,27,2001,51.1
Middle East,Turkey,,Istanbul,2,28,2001,47.8
Middle East,Turkey,,Istanbul,3,1,2001,52.6
Middle East,Turkey,,Istanbul,3,2,2001,51.7
Middle East,Turkey,,Istanbul,3,3,2001,55.6
Middle East,Turkey,,Istanbul,3,4,2001,59.2
Middle East,Turkey,,Istanbul,3,5,2001,59.3
Middle East,Turkey,,Istanbul,3,6,2001,49.4
Middle East,Turkey,,Istanbul,3,7,2001,44.1
Middle East,Turkey,,Istanbul,3,8,2001,45.6
Middle East,Turkey,,Istanbul,3,9,2001,47.7
Middle East,Turkey,,Istanbul,3,10,2001,50.2
Middle East,Turkey,,Istanbul,3,11,2001,51.9
Middle East,Turkey,,Istanbul,3,12,2001,53.0
Middle East,Turkey,,Istanbul,3,13,2001,55.0
Middle East,Turkey,,Istanbul,3,14,2001,54.8
Middle East,Turkey,,Istanbul,3,15,2001,52.9
Middle East,Turkey,,Istanbul,3,16,2001,55.6
Middle East,Turkey,,Istanbul,3,17,2001,57.4
Middle East,Turkey,,Istanbul,3,18,2001,59.4
Middle East,Turkey,,Istanbul,3,19,2001,60.9
Middle East,Turkey,,Istanbul,3,20,2001,62.5
Middle East,Turkey,,Istanbul,3,21,2001,58.3
Middle East,Turkey,,Istanbul,3,22,2001,58.6
Middle East,Turkey,,Istanbul,3,23,2001,48.6
Middle East,Turkey,,Istanbul,3,24,2001,51.8
Middle East,Turkey,,Istanbul,3,25,2001,59.1
Middle East,Turkey,,Istanbul,3,26,2001,65.0
Middle East,Turkey,,Istanbul,3,27,2001,65.5
Middle East,Turkey,,Istanbul,3,28,2001,55.5
Middle East,Turkey,,Istanbul,3,29,2001,49.0
Middle East,Turkey,,Istanbul,3,30,2001,48.4
Middle East,Turkey,,Istanbul,3,31,2001,48.0
Middle East,Turkey,,Istanbul,4,1,2001,47.7
Middle East,Turkey,,Istanbul,4,2,2001,45.2
Middle East,Turkey,,Istanbul,4,3,2001,48.6
Middle East,Turkey,,Istanbul,4,4,2001,48.6
Middle East,Turkey,,Istanbul,4,5,2001,50.0
Middle East,Turkey,,Istanbul,4,6,2001,55.6
Middle East,Turkey,,Istanbul,4,7,2001,56.4
Middle East,Turkey,,Istanbul,4,8,2001,60.4
Middle East,Turkey,,Istanbul,4,9,2001,63.3
Middle East,Turkey,,Istanbul,4,10,2001,55.4
Middle East,Turkey,,Istanbul,4,11,2001,56.7
Middle East,Turkey,,Istanbul,4,12,2001,57.5
Middle East,Turkey,,Istanbul,4,13,2001,56.5
Middle East,Turkey,,Istanbul,4,14,2001,49.3
Middle East,Turkey,,Istanbul,4,15,2001,52.5
Middle East,Turkey,,Istanbul,4,16,2001,52.7
Middle East,Turkey,,Istanbul,4,17,2001,55.4
Middle East,Turkey,,Istanbul,4,18,2001,54.7
Middle East,Turkey,,Istanbul,4,19,2001,57.6
Middle East,Turkey,,Istanbul,4,20,2001,63.3
Middle East,Turkey,,Istanbul,4,21,2001,62.6
Middle East,Turkey,,Istanbul,4,22,2001,66.7
Middle East,Turkey,,Istanbul,4,23,2001,56.3
Middle East,Turkey,,Istanbul,4,24,2001,59.6
Middle East,Turkey,,Istanbul,4,25,2001,60.3
Middle East,Turkey,,Istanbul,4,26,2001,61.7
Middle East,Turkey,,Istanbul,4,27,2001,65.3
Middle East,Turkey,,Istanbul,4,28,2001,67.4
Middle East,Turkey,,Istanbul,4,29,2001,60.6
Middle East,Turkey,,Istanbul,4,30,2001,57.7
Middle East,Turkey,,Istanbul,5,1,2001,60.5
Middle East,Turkey,,Istanbul,5,2,2001,61.1
Middle East,Turkey,,Istanbul,5,3,2001,61.0
Middle East,Turkey,,Istanbul,5,4,2001,64.0
Middle East,Turkey,,Istanbul,5,5,2001,70.8
Middle East,Turkey,,Istanbul,5,6,2001,63.4
Middle East,Turkey,,Istanbul,5,7,2001,61.9
Middle East,Turkey,,Istanbul,5,8,2001,60.6
Middle East,Turkey,,Istanbul,5,9,2001,58.5
Middle East,Turkey,,Istanbul,5,10,2001,55.7
Middle East,Turkey,,Istanbul,5,11,2001,57.5
Middle East,Turkey,,Istanbul,5,12,2001,60.7
Middle East,Turkey,,Istanbul,5,13,2001,57.1
Middle East,Turkey,,Istanbul,5,14,2001,54.2
Middle East,Turkey,,Istanbul,5,15,2001,54.6
Middle East,Turkey,,Istanbul,5,16,2001,59.4
Middle East,Turkey,,Istanbul,5,17,2001,65.4
Middle East,Turkey,,Istanbul,5,18,2001,67.5
Middle East,Turkey,,Istanbul,5,19,2001,70.7
Middle East,Turkey,,Istanbul,5,20,2001,62.3
Middle East,Turkey,,Istanbul,5,21,2001,64.4
Middle East,Turkey,,Istanbul,5,22,2001,63.5
Middle East,Turkey,,Istanbul,5,23,2001,63.8
Middle East,Turkey,,Istanbul,5,24,2001,60.6
Middle East,Turkey,,Istanbul,5,25,2001,64.8
Middle East,Turkey,,Istanbul,5,26,2001,63.9
Middle East,Turkey,,Istanbul,5,27,2001,63.4
Middle East,Turkey,,Istanbul,5,28,2001,64.6
Middle East,Turkey,,Istanbul,5,29,2001,67.1
Middle East,Turkey,,Istanbul,5,30,2001,70.6
Middle East,Turkey,,Istanbul,5,31,2001,72.6
Middle East,Turkey,,Istanbul,6,1,2001,76.5
Middle East,Turkey,,Istanbul,6,2,2001,64.9
Middle East,Turkey,,Istanbul,6,3,2001,72.7
Middle East,Turkey,,Istanbul,6,4,2001,70.6
Middle East,Turkey,,Istanbul,6,5,2001,62.3
Middle East,Turkey,,Istanbul,6,6,2001,63.9
Middle East,Turkey,,Istanbul,6,7,2001,68.6
Middle East,Turkey,,Istanbul,6,8,2001,72.0
Middle East,Turkey,,Istanbul,6,9,2001,72.4
Middle East,Turkey,,Istanbul,6,10,2001,71.8
Middle East,Turkey,,Istanbul,6,11,2001,76.7
Middle East,Turkey,,Istanbul,6,12,2001,76.7
Middle East,Turkey,,Istanbul,6,13,2001,70.3
Middle East,Turkey,,Istanbul,6,14,2001,71.6
Middle East,Turkey,,Istanbul,6,15,2001,67.8
Middle East,Turkey,,Istanbul,6,16,2001,67.9
Middle East,Turkey,,Istanbul,6,17,2001,69.7
Middle East,Turkey,,Istanbul,6,18,2001,74.1
Middle East,Turkey,,Istanbul,6,19,2001,74.3
Middle East,Turkey,,Istanbul,6,20,2001,72.5
Middle East,Turkey,,Istanbul,6,21,2001,69.5
Middle East,Turkey,,Istanbul,6,22,2001,71.9
Middle East,Turkey,,Istanbul,6,23,2001,75.8
Middle East,Turkey,,Istanbul,6,24,2001,75.6
Middle East,Turkey,,Istanbul,6,25,2001,74.8
Middle East,Turkey,,Istanbul,6,26,2001,72.8
Middle East,Turkey,,Istanbul,6,27,2001,74.8
Middle East,Turkey,,Istanbul,6,28,2001,74.2
Middle East,Turkey,,Istanbul,6,29,2001,76.4
Middle East,Turkey,,Istanbul,6,30,2001,74.4
Middle East,Turkey,,Istanbul,7,1,2001,72.7
Middle East,Turkey,,Istanbul,7,2,2001,73.7
Middle East,Turkey,,Istanbul,7,3,2001,73.2
Middle East,Turkey,,Istanbul,7,4,2001,76.2
Middle East,Turkey,,Istanbul,7,5,2001,76.0
Middle East,Turkey,,Istanbul,7,6,2001,75.2
Middle East,Turkey,,Istanbul,7,7,2001,76.8
Middle East,Turkey,,Istanbul,7,8,2001,78.3
Middle East,Turkey,,Istanbul,7,9,2001,82.8
Middle East,Turkey,,Istanbul,7,10,2001,81.8
Middle East,Turkey,,Istanbul,7,11,2001,80.2
Middle East,Turkey,,Istanbul,7,12,2001,79.4
Middle East,Turkey,,Istanbul,7,13,2001,81.0
Middle East,Turkey,,Istanbul,7,14,2001,82.2
Middle East,Turkey,,Istanbul,7,15,2001,83.0
Middle East,Turkey,,Istanbul,7,16,2001,83.6
Middle East,Turkey,,Istanbul,7,17,2001,79.7
Middle East,Turkey,,Istanbul,7,18,2001,82.1
Middle East,Turkey,,Istanbul,7,19,2001,83.7
Middle East,Turkey,,Istanbul,7,20,2001,84.3
Middle East,Turkey,,Istanbul,7,21,2001,82.8
Middle East,Turkey,,Istanbul,7,22,2001,78.7
Middle East,Turkey,,Istanbul,7,23,2001,79.7
Middle East,Turkey,,Istanbul,7,24,2001,79.5
Middle East,Turkey,,Istanbul,7,25,2001,81.0
Middle East,Turkey,,Istanbul,7,26,2001,82.2
Middle East,Turkey,,Istanbul,7,27,2001,82.6
Middle East,Turkey,,Istanbul,7,28,2001,82.9
Middle East,Turkey,,Istanbul,7,29,2001,82.3
Middle East,Turkey,,Istanbul,7,30,2001,81.9
Middle East,Turkey,,Istanbul,7,31,2001,82.6
Middle East,Turkey,,Istanbul,8,1,2001,82.3
Middle East,Turkey,,Istanbul,8,2,2001,80.3
Middle East,Turkey,,Istanbul,8,3,2001,79.7
Middle East,Turkey,,Istanbul,8,4,2001,79.5
Middle East,Turkey,,Istanbul,8,5,2001,79.8
Middle East,Turkey,,Istanbul,8,6,2001,80.1
Middle East,Turkey,,Istanbul,8,7,2001,81.4
Middle East,Turkey,,Istanbul,8,8,2001,82.0
Middle East,Turkey,,Istanbul,8,9,2001,83.2
Middle East,Turkey,,Istanbul,8,10,2001,84.2
Middle East,Turkey,,Istanbul,8,11,2001,83.1
Middle East,Turkey,,Istanbul,8,12,2001,82.0
Middle East,Turkey,,Istanbul,8,13,2001,74.5
Middle East,Turkey,,Istanbul,8,14,2001,76.9
Middle East,Turkey,,Istanbul,8,15,2001,78.5
Middle East,Turkey,,Istanbul,8,16,2001,79.8
Middle East,Turkey,,Istanbul,8,17,2001,79.4
Middle East,Turkey,,Istanbul,8,18,2001,81.1
Middle East,Turkey,,Istanbul,8,19,2001,74.0
Middle East,Turkey,,Istanbul,8,20,2001,71.6
Middle East,Turkey,,Istanbul,8,21,2001,74.8
Middle East,Turkey,,Istanbul,8,22,2001,74.9
Middle East,Turkey,,Istanbul,8,23,2001,77.5
Middle East,Turkey,,Istanbul,8,24,2001,79.3
Middle East,Turkey,,Istanbul,8,25,2001,80.5
Middle East,Turkey,,Istanbul,8,26,2001,77.9
Middle East,Turkey,,Istanbul,8,27,2001,77.1
Middle East,Turkey,,Istanbul,8,28,2001,77.7
Middle East,Turkey,,Istanbul,8,29,2001,77.8
Middle East,Turkey,,Istanbul,8,30,2001,72.6
Middle East,Turkey,,Istanbul,8,31,2001,71.9
Middle East,Turkey,,Istanbul,9,1,2001,73.7
Middle East,Turkey,,Istanbul,9,2,2001,75.0
Middle East,Turkey,,Istanbul,9,3,2001,75.7
Middle East,Turkey,,Istanbul,9,4,2001,74.3
Middle East,Turkey,,Istanbul,9,5,2001,76.4
Middle East,Turkey,,Istanbul,9,6,2001,75.9
Middle East,Turkey,,Istanbul,9,7,2001,72.8
Middle East,Turkey,,Istanbul,9,8,2001,71.4
Middle East,Turkey,,Istanbul,9,9,2001,73.4
Middle East,Turkey,,Istanbul,9,10,2001,77.8
Middle East,Turkey,,Istanbul,9,11,2001,77.4
Middle East,Turkey,,Istanbul,9,12,2001,64.9
Middle East,Turkey,,Istanbul,9,13,2001,68.9
Middle East,Turkey,,Istanbul,9,14,2001,69.8
Middle East,Turkey,,Istanbul,9,15,2001,71.6
Middle East,Turkey,,Istanbul,9,16,2001,71.5
Middle East,Turkey,,Istanbul,9,17,2001,75.6
Middle East,Turkey,,Istanbul,9,18,2001,75.5
Middle East,Turkey,,Istanbul,9,19,2001,75.5
Middle East,Turkey,,Istanbul,9,20,2001,74.4
Middle East,Turkey,,Istanbul,9,21,2001,72.6
Middle East,Turkey,,Istanbul,9,22,2001,71.7
Middle East,Turkey,,Istanbul,9,23,2001,71.9
Middle East,Turkey,,Istanbul,9,24,2001,71.1
Middle East,Turkey,,Istanbul,9,25,2001,76.9
Middle East,Turkey,,Istanbul,9,26,2001,73.3
Middle East,Turkey,,Istanbul,9,27,2001,64.9
Middle East,Turkey,,Istanbul,9,28,2001,60.1
Middle East,Turkey,,Istanbul,9,29,2001,62.4
Middle East,Turkey,,Istanbul,9,30,2001,65.9
Middle East,Turkey,,Istanbul,10,1,2001,67.4
Middle East,Turkey,,Istanbul,10,2,2001,68.1
Middle East,Turkey,,Istanbul,10,3,2001,69.5
Middle East,Turkey,,Istanbul,10,4,2001,69.8
Middle East,Turkey,,Istanbul,10,5,2001,69.8
Middle East,Turkey,,Istanbul,10,6,2001,70.8
Middle East,Turkey,,Istanbul,10,7,2001,69.0
Middle East,Turkey,,Istanbul,10,8,2001,68.9
Middle East,Turkey,,Istanbul,10,9,2001,71.1
Middle East,Turkey,,Istanbul,10,10,2001,70.1
Middle East,Turkey,,Istanbul,10,11,2001,69.1
Middle East,Turkey,,Istanbul,10,12,2001,67.5
Middle East,Turkey,,Istanbul,10,13,2001,64.5
Middle East,Turkey,,Istanbul,10,14,2001,64.0
Middle East,Turkey,,Istanbul,10,15,2001,65.3
Middle East,Turkey,,Istanbul,10,16,2001,65.3
Middle East,Turkey,,Istanbul,10,17,2001,62.8
Middle East,Turkey,,Istanbul,10,18,2001,61.0
Middle East,Turkey,,Istanbul,10,19,2001,60.2
Middle East,Turkey,,Istanbul,10,20,2001,60.9
Middle East,Turkey,,Istanbul,10,21,2001,61.2
Middle East,Turkey,,Istanbul,10,22,2001,65.1
Middle East,Turkey,,Istanbul,10,23,2001,64.1
Middle East,Turkey,,Istanbul,10,24,2001,58.9
Middle East,Turkey,,Istanbul,10,25,2001,55.4
Middle East,Turkey,,Istanbul,10,26,2001,55.5
Middle East,Turkey,,Istanbul,10,27,2001,57.5
Middle East,Turkey,,Istanbul,10,28,2001,54.3
Middle East,Turkey,,Istanbul,10,29,2001,54.5
Middle East,Turkey,,Istanbul,10,30,2001,56.0
Middle East,Turkey,,Istanbul,10,31,2001,59.6
Middle East,Turkey,,Istanbul,11,1,2001,59.8
Middle East,Turkey,,Istanbul,11,2,2001,55.0
Middle East,Turkey,,Istanbul,11,3,2001,50.2
Middle East,Turkey,,Istanbul,11,4,2001,52.9
Middle East,Turkey,,Istanbul,11,5,2001,55.4
Middle East,Turkey,,Istanbul,11,6,2001,54.3
Middle East,Turkey,,Istanbul,11,7,2001,58.2
Middle East,Turkey,,Istanbul,11,8,2001,58.2
Middle East,Turkey,,Istanbul,11,9,2001,61.7
Middle East,Turkey,,Istanbul,11,10,2001,63.5
Middle East,Turkey,,Istanbul,11,11,2001,56.8
Middle East,Turkey,,Istanbul,11,12,2001,58.0
Middle East,Turkey,,Istanbul,11,13,2001,66.2
Middle East,Turkey,,Istanbul,11,14,2001,65.8
Middle East,Turkey,,Istanbul,11,15,2001,51.3
Middle East,Turkey,,Istanbul,11,16,2001,47.5
Middle East,Turkey,,Istanbul,11,17,2001,45.4
Middle East,Turkey,,Istanbul,11,18,2001,44.1
Middle East,Turkey,,Istanbul,11,19,2001,49.7
Middle East,Turkey,,Istanbul,11,20,2001,47.8
Middle East,Turkey,,Istanbul,11,21,2001,40.7
Middle East,Turkey,,Istanbul,11,22,2001,43.2
Middle East,Turkey,,Istanbul,11,23,2001,50.2
Middle East,Turkey,,Istanbul,11,24,2001,49.3
Middle East,Turkey,,Istanbul,11,25,2001,38.4
Middle East,Turkey,,Istanbul,11,26,2001,44.5
Middle East,Turkey,,Istanbul,11,27,2001,50.0
Middle East,Turkey,,Istanbul,11,28,2001,52.1
Middle East,Turkey,,Istanbul,11,29,2001,51.0
Middle East,Turkey,,Istanbul,11,30,2001,44.1
Middle East,Turkey,,Istanbul,12,1,2001,44.9
Middle East,Turkey,,Istanbul,12,2,2001,49.0
Middle East,Turkey,,Istanbul,12,3,2001,45.6
Middle East,Turkey,,Istanbul,12,4,2001,40.3
Middle East,Turkey,,Istanbul,12,5,2001,42.1
Middle East,Turkey,,Istanbul,12,6,2001,42.0
Middle East,Turkey,,Istanbul,12,7,2001,43.9
Middle East,Turkey,,Istanbul,12,8,2001,39.6
Middle East,Turkey,,Istanbul,12,9,2001,35.7
Middle East,Turkey,,Istanbul,12,10,2001,34.8
Middle East,Turkey,,Istanbul,12,11,2001,38.1
Middle East,Turkey,,Istanbul,12,12,2001,39.1
Middle East,Turkey,,Istanbul,12,13,2001,39.9
Middle East,Turkey,,Istanbul,12,14,2001,35.7
Middle East,Turkey,,Istanbul,12,15,2001,36.7
Middle East,Turkey,,Istanbul,12,16,2001,36.2
Middle East,Turkey,,Istanbul,12,17,2001,37.5
Middle East,Turkey,,Istanbul,12,18,2001,32.3
Middle East,Turkey,,Istanbul,12,19,2001,29.9
Middle East,Turkey,,Istanbul,12,20,2001,36.9
Middle East,Turkey,,Istanbul,12,21,2001,42.2
Middle East,Turkey,,Istanbul,12,22,2001,42.1
Middle East,Turkey,,Istanbul,12,23,2001,48.3
Middle East,Turkey,,Istanbul,12,24,2001,44.5
Middle East,Turkey,,Istanbul,12,25,2001,40.7
Middle East,Turkey,,Istanbul,12,26,2001,38.9
Middle East,Turkey,,Istanbul,12,27,2001,45.1
Middle East,Turkey,,Istanbul,12,28,2001,40.9
Middle East,Turkey,,Istanbul,12,29,2001,43.9
Middle East,Turkey,,Istanbul,12,30,2001,51.0
Middle East,Turkey,,Istanbul,12,31,2001,48.1
Middle East,Turkey,,Istanbul,1,1,2002,36.6
Middle East,Turkey,,Istanbul,1,2,2002,31.4
Middle East,Turkey,,Istanbul,1,3,2002,34.3
Middle East,Turkey,,Istanbul,1,4,2002,31.2
Middle East,Turkey,,Istanbul,1,5,2002,27.7
Middle East,Turkey,,Istanbul,1,6,2002,30.5
Middle East,Turkey,,Istanbul,1,7,2002,30.6
Middle East,Turkey,,Istanbul,1,8,2002,35.4
Middle East,Turkey,,Istanbul,1,9,2002,32.0
Middle East,Turkey,,Istanbul,1,10,2002,32.8
Middle East,Turkey,,Istanbul,1,11,2002,38.2
Middle East,Turkey,,Istanbul,1,12,2002,38.1
Middle East,Turkey,,Istanbul,1,13,2002,38.8
Middle East,Turkey,,Istanbul,1,14,2002,39.9
Middle East,Turkey,,Istanbul,1,15,2002,39.4
Middle East,Turkey,,Istanbul,1,16,2002,40.1
Middle East,Turkey,,Istanbul,1,17,2002,42.1
Middle East,Turkey,,Istanbul,1,18,2002,45.8
Middle East,Turkey,,Istanbul,1,19,2002,44.7
Middle East,Turkey,,Istanbul,1,20,2002,43.8
Middle East,Turkey,,Istanbul,1,21,2002,44.0
Middle East,Turkey,,Istanbul,1,22,2002,45.3
Middle East,Turkey,,Istanbul,1,23,2002,47.3
Middle East,Turkey,,Istanbul,1,24,2002,48.2
Middle East,Turkey,,Istanbul,1,25,2002,48.4
Middle East,Turkey,,Istanbul,1,26,2002,50.5
Middle East,Turkey,,Istanbul,1,27,2002,46.9
Middle East,Turkey,,Istanbul,1,28,2002,46.4
Middle East,Turkey,,Istanbul,1,29,2002,46.0
Middle East,Turkey,,Istanbul,1,30,2002,50.2
Middle East,Turkey,,Istanbul,1,31,2002,48.9
Middle East,Turkey,,Istanbul,2,1,2002,51.8
Middle East,Turkey,,Istanbul,2,2,2002,50.1
Middle East,Turkey,,Istanbul,2,3,2002,46.0
Middle East,Turkey,,Istanbul,2,4,2002,43.6
Middle East,Turkey,,Istanbul,2,5,2002,43.8
Middle East,Turkey,,Istanbul,2,6,2002,49.7
Middle East,Turkey,,Istanbul,2,7,2002,50.1
Middle East,Turkey,,Istanbul,2,8,2002,47.4
Middle East,Turkey,,Istanbul,2,9,2002,47.5
Middle East,Turkey,,Istanbul,2,10,2002,48.0
Middle East,Turkey,,Istanbul,2,11,2002,47.6
Middle East,Turkey,,Istanbul,2,12,2002,45.9
Middle East,Turkey,,Istanbul,2,13,2002,49.4
Middle East,Turkey,,Istanbul,2,14,2002,51.5
Middle East,Turkey,,Istanbul,2,15,2002,46.0
Middle East,Turkey,,Istanbul,2,16,2002,41.9
Middle East,Turkey,,Istanbul,2,17,2002,43.3
Middle East,Turkey,,Istanbul,2,18,2002,43.9
Middle East,Turkey,,Istanbul,2,19,2002,51.4
Middle East,Turkey,,Istanbul,2,20,2002,47.9
Middle East,Turkey,,Istanbul,2,21,2002,51.4
Middle East,Turkey,,Istanbul,2,22,2002,53.5
Middle East,Turkey,,Istanbul,2,23,2002,53.0
Middle East,Turkey,,Istanbul,2,24,2002,50.6
Middle East,Turkey,,Istanbul,2,25,2002,40.1
Middle East,Turkey,,Istanbul,2,26,2002,45.3
Middle East,Turkey,,Istanbul,2,27,2002,50.7
Middle East,Turkey,,Istanbul,2,28,2002,52.1
Middle East,Turkey,,Istanbul,3,1,2002,54.9
Middle East,Turkey,,Istanbul,3,2,2002,55.2
Middle East,Turkey,,Istanbul,3,3,2002,56.9
Middle East,Turkey,,Istanbul,3,4,2002,52.1
Middle East,Turkey,,Istanbul,3,5,2002,51.7
Middle East,Turkey,,Istanbul,3,6,2002,52.9
Middle East,Turkey,,Istanbul,3,7,2002,56.9
Middle East,Turkey,,Istanbul,3,8,2002,61.2
Middle East,Turkey,,Istanbul,3,9,2002,53.4
Middle East,Turkey,,Istanbul,3,10,2002,53.3
Middle East,Turkey,,Istanbul,3,11,2002,51.0
Middle East,Turkey,,Istanbul,3,12,2002,49.7
Middle East,Turkey,,Istanbul,3,13,2002,47.3
Middle East,Turkey,,Istanbul,3,14,2002,48.3
Middle East,Turkey,,Istanbul,3,15,2002,51.3
Middle East,Turkey,,Istanbul,3,16,2002,51.1
Middle East,Turkey,,Istanbul,3,17,2002,45.9
Middle East,Turkey,,Istanbul,3,18,2002,45.6
Middle East,Turkey,,Istanbul,3,19,2002,46.4
Middle East,Turkey,,Istanbul,3,20,2002,48.3
Middle East,Turkey,,Istanbul,3,21,2002,48.3
Middle East,Turkey,,Istanbul,3,22,2002,54.2
Middle East,Turkey,,Istanbul,3,23,2002,51.3
Middle East,Turkey,,Istanbul,3,24,2002,42.6
Middle East,Turkey,,Istanbul,3,25,2002,43.0
Middle East,Turkey,,Istanbul,3,26,2002,39.9
Middle East,Turkey,,Istanbul,3,27,2002,39.7
Middle East,Turkey,,Istanbul,3,28,2002,43.2
Middle East,Turkey,,Istanbul,3,29,2002,43.0
Middle East,Turkey,,Istanbul,3,30,2002,43.6
Middle East,Turkey,,Istanbul,3,31,2002,46.3
Middle East,Turkey,,Istanbul,4,1,2002,46.7
Middle East,Turkey,,Istanbul,4,2,2002,49.6
Middle East,Turkey,,Istanbul,4,3,2002,52.3
Middle East,Turkey,,Istanbul,4,4,2002,47.4
Middle East,Turkey,,Istanbul,4,5,2002,47.6
Middle East,Turkey,,Istanbul,4,6,2002,46.8
Middle East,Turkey,,Istanbul,4,7,2002,46.3
Middle East,Turkey,,Istanbul,4,8,2002,43.1
Middle East,Turkey,,Istanbul,4,9,2002,48.5
Middle East,Turkey,,Istanbul,4,10,2002,49.7
Middle East,Turkey,,Istanbul,4,11,2002,49.3
Middle East,Turkey,,Istanbul,4,12,2002,51.3
Middle East,Turkey,,Istanbul,4,13,2002,55.2
Middle East,Turkey,,Istanbul,4,14,2002,58.4
Middle East,Turkey,,Istanbul,4,15,2002,58.5
Middle East,Turkey,,Istanbul,4,16,2002,50.4
Middle East,Turkey,,Istanbul,4,17,2002,51.5
Middle East,Turkey,,Istanbul,4,18,2002,52.2
Middle East,Turkey,,Istanbul,4,19,2002,51.5
Middle East,Turkey,,Istanbul,4,20,2002,52.5
Middle East,Turkey,,Istanbul,4,21,2002,52.5
Middle East,Turkey,,Istanbul,4,22,2002,52.9
Middle East,Turkey,,Istanbul,4,23,2002,53.1
Middle East,Turkey,,Istanbul,4,24,2002,53.1
Middle East,Turkey,,Istanbul,4,25,2002,52.5
Middle East,Turkey,,Istanbul,4,26,2002,56.1
Middle East,Turkey,,Istanbul,4,27,2002,57.2
Middle East,Turkey,,Istanbul,4,28,2002,60.4
Middle East,Turkey,,Istanbul,4,29,2002,60.8
Middle East,Turkey,,Istanbul,4,30,2002,62.0
Middle East,Turkey,,Istanbul,5,1,2002,59.8
Middle East,Turkey,,Istanbul,5,2,2002,59.5
Middle East,Turkey,,Istanbul,5,3,2002,59.7
Middle East,Turkey,,Istanbul,5,4,2002,59.0
Middle East,Turkey,,Istanbul,5,5,2002,60.7
Middle East,Turkey,,Istanbul,5,6,2002,61.3
Middle East,Turkey,,Istanbul,5,7,2002,61.8
Middle East,Turkey,,Istanbul,5,8,2002,61.7
Middle East,Turkey,,Istanbul,5,9,2002,62.4
Middle East,Turkey,,Istanbul,5,10,2002,60.4
Middle East,Turkey,,Istanbul,5,11,2002,60.2
Middle East,Turkey,,Istanbul,5,12,2002,61.0
Middle East,Turkey,,Istanbul,5,13,2002,61.8
Middle East,Turkey,,Istanbul,5,14,2002,60.6
Middle East,Turkey,,Istanbul,5,15,2002,61.4
Middle East,Turkey,,Istanbul,5,16,2002,66.0
Middle East,Turkey,,Istanbul,5,17,2002,66.5
Middle East,Turkey,,Istanbul,5,18,2002,64.3
Middle East,Turkey,,Istanbul,5,19,2002,67.5
Middle East,Turkey,,Istanbul,5,20,2002,72.1
Middle East,Turkey,,Istanbul,5,21,2002,64.7
Middle East,Turkey,,Istanbul,5,22,2002,59.5
Middle East,Turkey,,Istanbul,5,23,2002,61.5
Middle East,Turkey,,Istanbul,5,24,2002,63.1
Middle East,Turkey,,Istanbul,5,25,2002,69.8
Middle East,Turkey,,Istanbul,5,26,2002,68.3
Middle East,Turkey,,Istanbul,5,27,2002,65.6
Middle East,Turkey,,Istanbul,5,28,2002,68.4
Middle East,Turkey,,Istanbul,5,29,2002,71.5
Middle East,Turkey,,Istanbul,5,30,2002,63.5
Middle East,Turkey,,Istanbul,5,31,2002,64.4
Middle East,Turkey,,Istanbul,6,1,2002,65.5
Middle East,Turkey,,Istanbul,6,2,2002,66.3
Middle East,Turkey,,Istanbul,6,3,2002,63.3
Middle East,Turkey,,Istanbul,6,4,2002,64.5
Middle East,Turkey,,Istanbul,6,5,2002,66.9
Middle East,Turkey,,Istanbul,6,6,2002,70.8
Middle East,Turkey,,Istanbul,6,7,2002,74.3
Middle East,Turkey,,Istanbul,6,8,2002,75.2
Middle East,Turkey,,Istanbul,6,9,2002,80.9
Middle East,Turkey,,Istanbul,6,10,2002,79.1
Middle East,Turkey,,Istanbul,6,11,2002,70.1
Middle East,Turkey,,Istanbul,6,12,2002,68.6
Middle East,Turkey,,Istanbul,6,13,2002,73.1
Middle East,Turkey,,Istanbul,6,14,2002,73.7
Middle East,Turkey,,Istanbul,6,15,2002,75.1
Middle East,Turkey,,Istanbul,6,16,2002,74.9
Middle East,Turkey,,Istanbul,6,17,2002,74.8
Middle East,Turkey,,Istanbul,6,18,2002,-99
Middle East,Turkey,,Istanbul,6,19,2002,-99
Middle East,Turkey,,Istanbul,6,20,2002,-99
Middle East,Turkey,,Istanbul,6,21,2002,-99
Middle East,Turkey,,Istanbul,6,22,2002,77.3
Middle East,Turkey,,Istanbul,6,23,2002,80.1
Middle East,Turkey,,Istanbul,6,24,2002,80.0
Middle East,Turkey,,Istanbul,6,25,2002,77.7
Middle East,Turkey,,Istanbul,6,26,2002,75.3
Middle East,Turkey,,Istanbul,6,27,2002,73.8
Middle East,Turkey,,Istanbul,6,28,2002,75.2
Middle East,Turkey,,Istanbul,6,29,2002,75.8
Middle East,Turkey,,Istanbul,6,30,2002,76.7
Middle East,Turkey,,Istanbul,7,1,2002,75.8
Middle East,Turkey,,Istanbul,7,2,2002,75.5
Middle East,Turkey,,Istanbul,7,3,2002,77.8
Middle East,Turkey,,Istanbul,7,4,2002,78.5
Middle East,Turkey,,Istanbul,7,5,2002,78.8
Middle East,Turkey,,Istanbul,7,6,2002,79.5
Middle East,Turkey,,Istanbul,7,7,2002,79.1
Middle East,Turkey,,Istanbul,7,8,2002,80.2
Middle East,Turkey,,Istanbul,7,9,2002,79.4
Middle East,Turkey,,Istanbul,7,10,2002,77.7
Middle East,Turkey,,Istanbul,7,11,2002,79.0
Middle East,Turkey,,Istanbul,7,12,2002,80.5
Middle East,Turkey,,Istanbul,7,13,2002,81.6
Middle East,Turkey,,Istanbul,7,14,2002,81.9
Middle East,Turkey,,Istanbul,7,15,2002,83.0
Middle East,Turkey,,Istanbul,7,16,2002,84.8
Middle East,Turkey,,Istanbul,7,17,2002,87.1
Middle East,Turkey,,Istanbul,7,18,2002,86.3
Middle East,Turkey,,Istanbul,7,19,2002,83.7
Middle East,Turkey,,Istanbul,7,20,2002,82.7
Middle East,Turkey,,Istanbul,7,21,2002,81.0
Middle East,Turkey,,Istanbul,7,22,2002,80.6
Middle East,Turkey,,Istanbul,7,23,2002,78.9
Middle East,Turkey,,Istanbul,7,24,2002,76.8
Middle East,Turkey,,Istanbul,7,25,2002,80.0
Middle East,Turkey,,Istanbul,7,26,2002,82.0
Middle East,Turkey,,Istanbul,7,27,2002,80.9
Middle East,Turkey,,Istanbul,7,28,2002,80.0
Middle East,Turkey,,Istanbul,7,29,2002,81.9
Middle East,Turkey,,Istanbul,7,30,2002,80.9
Middle East,Turkey,,Istanbul,7,31,2002,81.8
Middle East,Turkey,,Istanbul,8,1,2002,81.4
Middle East,Turkey,,Istanbul,8,2,2002,78.9
Middle East,Turkey,,Istanbul,8,3,2002,80.5
Middle East,Turkey,,Istanbul,8,4,2002,81.0
Middle East,Turkey,,Istanbul,8,5,2002,81.8
Middle East,Turkey,,Istanbul,8,6,2002,81.0
Middle East,Turkey,,Istanbul,8,7,2002,81.3
Middle East,Turkey,,Istanbul,8,8,2002,74.2
Middle East,Turkey,,Istanbul,8,9,2002,74.6
Middle East,Turkey,,Istanbul,8,10,2002,77.3
Middle East,Turkey,,Istanbul,8,11,2002,81.4
Middle East,Turkey,,Istanbul,8,12,2002,88.0
Middle East,Turkey,,Istanbul,8,13,2002,81.7
Middle East,Turkey,,Istanbul,8,14,2002,77.3
Middle East,Turkey,,Istanbul,8,15,2002,75.3
Middle East,Turkey,,Istanbul,8,16,2002,74.8
Middle East,Turkey,,Istanbul,8,17,2002,73.4
Middle East,Turkey,,Istanbul,8,18,2002,72.4
Middle East,Turkey,,Istanbul,8,19,2002,72.3
Middle East,Turkey,,Istanbul,8,20,2002,71.0
Middle East,Turkey,,Istanbul,8,21,2002,72.7
Middle East,Turkey,,Istanbul,8,22,2002,72.3
Middle East,Turkey,,Istanbul,8,23,2002,74.9
Middle East,Turkey,,Istanbul,8,24,2002,76.6
Middle East,Turkey,,Istanbul,8,25,2002,76.8
Middle East,Turkey,,Istanbul,8,26,2002,75.0
Middle East,Turkey,,Istanbul,8,27,2002,75.1
Middle East,Turkey,,Istanbul,8,28,2002,75.1
Middle East,Turkey,,Istanbul,8,29,2002,74.4
Middle East,Turkey,,Istanbul,8,30,2002,74.5
Middle East,Turkey,,Istanbul,8,31,2002,74.3
Middle East,Turkey,,Istanbul,9,1,2002,71.7
Middle East,Turkey,,Istanbul,9,2,2002,71.6
Middle East,Turkey,,Istanbul,9,3,2002,72.2
Middle East,Turkey,,Istanbul,9,4,2002,70.8
Middle East,Turkey,,Istanbul,9,5,2002,70.8
Middle East,Turkey,,Istanbul,9,6,2002,71.4
Middle East,Turkey,,Istanbul,9,7,2002,72.4
Middle East,Turkey,,Istanbul,9,8,2002,73.2
Middle East,Turkey,,Istanbul,9,9,2002,73.3
Middle East,Turkey,,Istanbul,9,10,2002,71.9
Middle East,Turkey,,Istanbul,9,11,2002,70.2
Middle East,Turkey,,Istanbul,9,12,2002,69.9
Middle East,Turkey,,Istanbul,9,13,2002,69.9
Middle East,Turkey,,Istanbul,9,14,2002,65.2
Middle East,Turkey,,Istanbul,9,15,2002,66.0
Middle East,Turkey,,Istanbul,9,16,2002,65.0
Middle East,Turkey,,Istanbul,9,17,2002,65.0
Middle East,Turkey,,Istanbul,9,18,2002,64.8
Middle East,Turkey,,Istanbul,9,19,2002,66.7
Middle East,Turkey,,Istanbul,9,20,2002,67.6
Middle East,Turkey,,Istanbul,9,21,2002,66.7
Middle East,Turkey,,Istanbul,9,22,2002,71.6
Middle East,Turkey,,Istanbul,9,23,2002,73.9
Middle East,Turkey,,Istanbul,9,24,2002,75.9
Middle East,Turkey,,Istanbul,9,25,2002,74.4
Middle East,Turkey,,Istanbul,9,26,2002,74.8
Middle East,Turkey,,Istanbul,9,27,2002,69.2
Middle East,Turkey,,Istanbul,9,28,2002,67.3
Middle East,Turkey,,Istanbul,9,29,2002,70.2
Middle East,Turkey,,Istanbul,9,30,2002,67.5
Middle East,Turkey,,Istanbul,10,1,2002,59.8
Middle East,Turkey,,Istanbul,10,2,2002,58.1
Middle East,Turkey,,Istanbul,10,3,2002,59.9
Middle East,Turkey,,Istanbul,10,4,2002,61.8
Middle East,Turkey,,Istanbul,10,5,2002,62.6
Middle East,Turkey,,Istanbul,10,6,2002,66.0
Middle East,Turkey,,Istanbul,10,7,2002,67.1
Middle East,Turkey,,Istanbul,10,8,2002,62.4
Middle East,Turkey,,Istanbul,10,9,2002,66.0
Middle East,Turkey,,Istanbul,10,10,2002,65.8
Middle East,Turkey,,Istanbul,10,11,2002,68.8
Middle East,Turkey,,Istanbul,10,12,2002,71.4
Middle East,Turkey,,Istanbul,10,13,2002,68.6
Middle East,Turkey,,Istanbul,10,14,2002,67.1
Middle East,Turkey,,Istanbul,10,15,2002,61.2
Middle East,Turkey,,Istanbul,10,16,2002,60.7
Middle East,Turkey,,Istanbul,10,17,2002,61.7
Middle East,Turkey,,Istanbul,10,18,2002,65.9
Middle East,Turkey,,Istanbul,10,19,2002,66.1
Middle East,Turkey,,Istanbul,10,20,2002,60.2
Middle East,Turkey,,Istanbul,10,21,2002,58.1
Middle East,Turkey,,Istanbul,10,22,2002,61.0
Middle East,Turkey,,Istanbul,10,23,2002,67.2
Middle East,Turkey,,Istanbul,10,24,2002,68.2
Middle East,Turkey,,Istanbul,10,25,2002,60.4
Middle East,Turkey,,Istanbul,10,26,2002,60.0
Middle East,Turkey,,Istanbul,10,27,2002,60.9
Middle East,Turkey,,Istanbul,10,28,2002,62.0
Middle East,Turkey,,Istanbul,10,29,2002,55.0
Middle East,Turkey,,Istanbul,10,30,2002,53.5
Middle East,Turkey,,Istanbul,10,31,2002,57.7
Middle East,Turkey,,Istanbul,11,1,2002,58.0
Middle East,Turkey,,Istanbul,11,2,2002,57.0
Middle East,Turkey,,Istanbul,11,3,2002,61.9
Middle East,Turkey,,Istanbul,11,4,2002,62.5
Middle East,Turkey,,Istanbul,11,5,2002,60.3
Middle East,Turkey,,Istanbul,11,6,2002,51.8
Middle East,Turkey,,Istanbul,11,7,2002,61.8
Middle East,Turkey,,Istanbul,11,8,2002,60.0
Middle East,Turkey,,Istanbul,11,9,2002,56.5
Middle East,Turkey,,Istanbul,11,10,2002,57.5
Middle East,Turkey,,Istanbul,11,11,2002,47.9
Middle East,Turkey,,Istanbul,11,12,2002,52.0
Middle East,Turkey,,Istanbul,11,13,2002,53.0
Middle East,Turkey,,Istanbul,11,14,2002,56.5
Middle East,Turkey,,Istanbul,11,15,2002,60.2
Middle East,Turkey,,Istanbul,11,16,2002,59.6
Middle East,Turkey,,Istanbul,11,17,2002,60.1
Middle East,Turkey,,Istanbul,11,18,2002,57.8
Middle East,Turkey,,Istanbul,11,19,2002,56.4
Middle East,Turkey,,Istanbul,11,20,2002,58.3
Middle East,Turkey,,Istanbul,11,21,2002,56.7
Middle East,Turkey,,Istanbul,11,22,2002,58.0
Middle East,Turkey,,Istanbul,11,23,2002,56.2
Middle East,Turkey,,Istanbul,11,24,2002,54.3
Middle East,Turkey,,Istanbul,11,25,2002,54.9
Middle East,Turkey,,Istanbul,11,26,2002,53.8
Middle East,Turkey,,Istanbul,11,27,2002,55.7
Middle East,Turkey,,Istanbul,11,28,2002,53.8
Middle East,Turkey,,Istanbul,11,29,2002,51.8
Middle East,Turkey,,Istanbul,11,30,2002,52.0
Middle East,Turkey,,Istanbul,12,1,2002,52.5
Middle East,Turkey,,Istanbul,12,2,2002,51.7
Middle East,Turkey,,Istanbul,12,3,2002,55.8
Middle East,Turkey,,Istanbul,12,4,2002,59.3
Middle East,Turkey,,Istanbul,12,5,2002,57.2
Middle East,Turkey,,Istanbul,12,6,2002,53.8
Middle East,Turkey,,Istanbul,12,7,2002,47.9
Middle East,Turkey,,Istanbul,12,8,2002,44.1
Middle East,Turkey,,Istanbul,12,9,2002,36.3
Middle East,Turkey,,Istanbul,12,10,2002,35.8
Middle East,Turkey,,Istanbul,12,11,2002,36.7
Middle East,Turkey,,Istanbul,12,12,2002,34.6
Middle East,Turkey,,Istanbul,12,13,2002,37.7
Middle East,Turkey,,Istanbul,12,14,2002,43.8
Middle East,Turkey,,Istanbul,12,15,2002,43.7
Middle East,Turkey,,Istanbul,12,16,2002,43.8
Middle East,Turkey,,Istanbul,12,17,2002,42.5
Middle East,Turkey,,Istanbul,12,18,2002,42.5
Middle East,Turkey,,Istanbul,12,19,2002,41.9
Middle East,Turkey,,Istanbul,12,20,2002,33.9
Middle East,Turkey,,Istanbul,12,21,2002,35.4
Middle East,Turkey,,Istanbul,12,22,2002,43.0
Middle East,Turkey,,Istanbul,12,23,2002,46.8
Middle East,Turkey,,Istanbul,12,24,2002,41.1
Middle East,Turkey,,Istanbul,12,25,2002,35.8
Middle East,Turkey,,Istanbul,12,26,2002,36.5
Middle East,Turkey,,Istanbul,12,27,2002,36.8
Middle East,Turkey,,Istanbul,12,28,2002,45.3
Middle East,Turkey,,Istanbul,12,29,2002,52.5
Middle East,Turkey,,Istanbul,12,30,2002,50.4
Middle East,Turkey,,Istanbul,12,31,2002,53.1
Middle East,Turkey,,Istanbul,1,1,2003,47.6
Middle East,Turkey,,Istanbul,1,2,2003,41.4
Middle East,Turkey,,Istanbul,1,3,2003,49.7
Middle East,Turkey,,Istanbul,1,4,2003,52.1
Middle East,Turkey,,Istanbul,1,5,2003,51.6
Middle East,Turkey,,Istanbul,1,6,2003,51.2
Middle East,Turkey,,Istanbul,1,7,2003,51.2
Middle East,Turkey,,Istanbul,1,8,2003,52.6
Middle East,Turkey,,Istanbul,1,9,2003,49.8
Middle East,Turkey,,Istanbul,1,10,2003,54.4
Middle East,Turkey,,Istanbul,1,11,2003,47.7
Middle East,Turkey,,Istanbul,1,12,2003,40.4
Middle East,Turkey,,Istanbul,1,13,2003,-99
Middle East,Turkey,,Istanbul,1,14,2003,37.3
Middle East,Turkey,,Istanbul,1,15,2003,40.3
Middle East,Turkey,,Istanbul,1,16,2003,45.1
Middle East,Turkey,,Istanbul,1,17,2003,43.9
Middle East,Turkey,,Istanbul,1,18,2003,44.1
Middle East,Turkey,,Istanbul,1,19,2003,45.8
Middle East,Turkey,,Istanbul,1,20,2003,45.2
Middle East,Turkey,,Istanbul,1,21,2003,45.9
Middle East,Turkey,,Istanbul,1,22,2003,47.0
Middle East,Turkey,,Istanbul,1,23,2003,48.8
Middle East,Turkey,,Istanbul,1,24,2003,45.8
Middle East,Turkey,,Istanbul,1,25,2003,45.7
Middle East,Turkey,,Istanbul,1,26,2003,43.5
Middle East,Turkey,,Istanbul,1,27,2003,42.5
Middle East,Turkey,,Istanbul,1,28,2003,40.8
Middle East,Turkey,,Istanbul,1,29,2003,47.0
Middle East,Turkey,,Istanbul,1,30,2003,52.3
Middle East,Turkey,,Istanbul,1,31,2003,52.2
Middle East,Turkey,,Istanbul,2,1,2003,45.3
Middle East,Turkey,,Istanbul,2,2,2003,41.6
Middle East,Turkey,,Istanbul,2,3,2003,33.3
Middle East,Turkey,,Istanbul,2,4,2003,42.1
Middle East,Turkey,,Istanbul,2,5,2003,53.1
Middle East,Turkey,,Istanbul,2,6,2003,47.9
Middle East,Turkey,,Istanbul,2,7,2003,37.1
Middle East,Turkey,,Istanbul,2,8,2003,31.7
Middle East,Turkey,,Istanbul,2,9,2003,33.1
Middle East,Turkey,,Istanbul,2,10,2003,32.2
Middle East,Turkey,,Istanbul,2,11,2003,36.1
Middle East,Turkey,,Istanbul,2,12,2003,37.4
Middle East,Turkey,,Istanbul,2,13,2003,38.1
Middle East,Turkey,,Istanbul,2,14,2003,32.3
Middle East,Turkey,,Istanbul,2,15,2003,33.7
Middle East,Turkey,,Istanbul,2,16,2003,35.7
Middle East,Turkey,,Istanbul,2,17,2003,39.1
Middle East,Turkey,,Istanbul,2,18,2003,36.2
Middle East,Turkey,,Istanbul,2,19,2003,34.1
Middle East,Turkey,,Istanbul,2,20,2003,33.5
Middle East,Turkey,,Istanbul,2,21,2003,33.8
Middle East,Turkey,,Istanbul,2,22,2003,30.2
Middle East,Turkey,,Istanbul,2,23,2003,32.6
Middle East,Turkey,,Istanbul,2,24,2003,32.3
Middle East,Turkey,,Istanbul,2,25,2003,33.6
Middle East,Turkey,,Istanbul,2,26,2003,33.1
Middle East,Turkey,,Istanbul,2,27,2003,36.0
Middle East,Turkey,,Istanbul,2,28,2003,38.7
Middle East,Turkey,,Istanbul,3,1,2003,42.5
Middle East,Turkey,,Istanbul,3,2,2003,43.6
Middle East,Turkey,,Istanbul,3,3,2003,41.2
Middle East,Turkey,,Istanbul,3,4,2003,41.2
Middle East,Turkey,,Istanbul,3,5,2003,41.4
Middle East,Turkey,,Istanbul,3,6,2003,39.7
Middle East,Turkey,,Istanbul,3,7,2003,38.7
Middle East,Turkey,,Istanbul,3,8,2003,40.6
Middle East,Turkey,,Istanbul,3,9,2003,40.8
Middle East,Turkey,,Istanbul,3,10,2003,42.0
Middle East,Turkey,,Istanbul,3,11,2003,42.1
Middle East,Turkey,,Istanbul,3,12,2003,41.5
Middle East,Turkey,,Istanbul,3,13,2003,46.9
Middle East,Turkey,,Istanbul,3,14,2003,38.9
Middle East,Turkey,,Istanbul,3,15,2003,40.6
Middle East,Turkey,,Istanbul,3,16,2003,41.6
Middle East,Turkey,,Istanbul,3,17,2003,42.3
Middle East,Turkey,,Istanbul,3,18,2003,42.7
Middle East,Turkey,,Istanbul,3,19,2003,40.4
Middle East,Turkey,,Istanbul,3,20,2003,43.1
Middle East,Turkey,,Istanbul,3,21,2003,39.0
Middle East,Turkey,,Istanbul,3,22,2003,33.8
Middle East,Turkey,,Istanbul,3,23,2003,32.3
Middle East,Turkey,,Istanbul,3,24,2003,34.5
Middle East,Turkey,,Istanbul,3,25,2003,41.2
Middle East,Turkey,,Istanbul,3,26,2003,45.3
Middle East,Turkey,,Istanbul,3,27,2003,46.7
Middle East,Turkey,,Istanbul,3,28,2003,43.8
Middle East,Turkey,,Istanbul,3,29,2003,44.1
Middle East,Turkey,,Istanbul,3,30,2003,43.2
Middle East,Turkey,,Istanbul,3,31,2003,47.1
Middle East,Turkey,,Istanbul,4,1,2003,46.0
Middle East,Turkey,,Istanbul,4,2,2003,46.5
Middle East,Turkey,,Istanbul,4,3,2003,45.7
Middle East,Turkey,,Istanbul,4,4,2003,49.2
Middle East,Turkey,,Istanbul,4,5,2003,43.6
Middle East,Turkey,,Istanbul,4,6,2003,44.4
Middle East,Turkey,,Istanbul,4,7,2003,46.2
Middle East,Turkey,,Istanbul,4,8,2003,38.4
Middle East,Turkey,,Istanbul,4,9,2003,42.5
Middle East,Turkey,,Istanbul,4,10,2003,46.8
Middle East,Turkey,,Istanbul,4,11,2003,53.0
Middle East,Turkey,,Istanbul,4,12,2003,57.1
Middle East,Turkey,,Istanbul,4,13,2003,52.5
Middle East,Turkey,,Istanbul,4,14,2003,48.6
Middle East,Turkey,,Istanbul,4,15,2003,49.6
Middle East,Turkey,,Istanbul,4,16,2003,48.2
Middle East,Turkey,,Istanbul,4,17,2003,46.2
Middle East,Turkey,,Istanbul,4,18,2003,45.9
Middle East,Turkey,,Istanbul,4,19,2003,46.2
Middle East,Turkey,,Istanbul,4,20,2003,47.5
Middle East,Turkey,,Istanbul,4,21,2003,50.3
Middle East,Turkey,,Istanbul,4,22,2003,52.7
Middle East,Turkey,,Istanbul,4,23,2003,52.1
Middle East,Turkey,,Istanbul,4,24,2003,50.3
Middle East,Turkey,,Istanbul,4,25,2003,49.1
Middle East,Turkey,,Istanbul,4,26,2003,51.7
Middle East,Turkey,,Istanbul,4,27,2003,52.0
Middle East,Turkey,,Istanbul,4,28,2003,52.1
Middle East,Turkey,,Istanbul,4,29,2003,56.7
Middle East,Turkey,,Istanbul,4,30,2003,63.1
Middle East,Turkey,,Istanbul,5,1,2003,65.0
Middle East,Turkey,,Istanbul,5,2,2003,67.4
Middle East,Turkey,,Istanbul,5,3,2003,67.9
Middle East,Turkey,,Istanbul,5,4,2003,66.6
Middle East,Turkey,,Istanbul,5,5,2003,66.2
Middle East,Turkey,,Istanbul,5,6,2003,63.9
Middle East,Turkey,,Istanbul,5,7,2003,59.4
Middle East,Turkey,,Istanbul,5,8,2003,57.6
Middle East,Turkey,,Istanbul,5,9,2003,60.0
Middle East,Turkey,,Istanbul,5,10,2003,61.0
Middle East,Turkey,,Istanbul,5,11,2003,63.9
Middle East,Turkey,,Istanbul,5,12,2003,62.1
Middle East,Turkey,,Istanbul,5,13,2003,61.3
Middle East,Turkey,,Istanbul,5,14,2003,65.2
Middle East,Turkey,,Istanbul,5,15,2003,65.0
Middle East,Turkey,,Istanbul,5,16,2003,68.9
Middle East,Turkey,,Istanbul,5,17,2003,66.7
Middle East,Turkey,,Istanbul,5,18,2003,64.4
Middle East,Turkey,,Istanbul,5,19,2003,64.6
Middle East,Turkey,,Istanbul,5,20,2003,66.4
Middle East,Turkey,,Istanbul,5,21,2003,66.2
Middle East,Turkey,,Istanbul,5,22,2003,67.2
Middle East,Turkey,,Istanbul,5,23,2003,66.7
Middle East,Turkey,,Istanbul,5,24,2003,64.2
Middle East,Turkey,,Istanbul,5,25,2003,64.8
Middle East,Turkey,,Istanbul,5,26,2003,65.7
Middle East,Turkey,,Istanbul,5,27,2003,67.2
Middle East,Turkey,,Istanbul,5,28,2003,67.3
Middle East,Turkey,,Istanbul,5,29,2003,67.7
Middle East,Turkey,,Istanbul,5,30,2003,66.4
Middle East,Turkey,,Istanbul,5,31,2003,69.2
Middle East,Turkey,,Istanbul,6,1,2003,67.1
Middle East,Turkey,,Istanbul,6,2,2003,66.0
Middle East,Turkey,,Istanbul,6,3,2003,68.1
Middle East,Turkey,,Istanbul,6,4,2003,72.0
Middle East,Turkey,,Istanbul,6,5,2003,71.7
Middle East,Turkey,,Istanbul,6,6,2003,69.3
Middle East,Turkey,,Istanbul,6,7,2003,71.8
Middle East,Turkey,,Istanbul,6,8,2003,73.5
Middle East,Turkey,,Istanbul,6,9,2003,74.5
Middle East,Turkey,,Istanbul,6,10,2003,74.8
Middle East,Turkey,,Istanbul,6,11,2003,74.5
Middle East,Turkey,,Istanbul,6,12,2003,76.0
Middle East,Turkey,,Istanbul,6,13,2003,77.9
Middle East,Turkey,,Istanbul,6,14,2003,77.2
Middle East,Turkey,,Istanbul,6,15,2003,78.4
Middle East,Turkey,,Istanbul,6,16,2003,78.3
Middle East,Turkey,,Istanbul,6,17,2003,73.9
Middle East,Turkey,,Istanbul,6,18,2003,72.5
Middle East,Turkey,,Istanbul,6,19,2003,72.1
Middle East,Turkey,,Istanbul,6,20,2003,72.4
Middle East,Turkey,,Istanbul,6,21,2003,72.3
Middle East,Turkey,,Istanbul,6,22,2003,74.4
Middle East,Turkey,,Istanbul,6,23,2003,73.8
Middle East,Turkey,,Istanbul,6,24,2003,77.2
Middle East,Turkey,,Istanbul,6,25,2003,79.6
Middle East,Turkey,,Istanbul,6,26,2003,77.0
Middle East,Turkey,,Istanbul,6,27,2003,75.9
Middle East,Turkey,,Istanbul,6,28,2003,76.0
Middle East,Turkey,,Istanbul,6,29,2003,78.9
Middle East,Turkey,,Istanbul,6,30,2003,78.1
Middle East,Turkey,,Istanbul,7,1,2003,74.3
Middle East,Turkey,,Istanbul,7,2,2003,77.9
Middle East,Turkey,,Istanbul,7,3,2003,81.5
Middle East,Turkey,,Istanbul,7,4,2003,82.4
Middle East,Turkey,,Istanbul,7,5,2003,84.2
Middle East,Turkey,,Istanbul,7,6,2003,75.4
Middle East,Turkey,,Istanbul,7,7,2003,75.5
Middle East,Turkey,,Istanbul,7,8,2003,74.0
Middle East,Turkey,,Istanbul,7,9,2003,74.4
Middle East,Turkey,,Istanbul,7,10,2003,76.7
Middle East,Turkey,,Istanbul,7,11,2003,78.1
Middle East,Turkey,,Istanbul,7,12,2003,73.6
Middle East,Turkey,,Istanbul,7,13,2003,74.7
Middle East,Turkey,,Istanbul,7,14,2003,75.1
Middle East,Turkey,,Istanbul,7,15,2003,76.4
Middle East,Turkey,,Istanbul,7,16,2003,77.1
Middle East,Turkey,,Istanbul,7,17,2003,77.8
Middle East,Turkey,,Istanbul,7,18,2003,77.7
Middle East,Turkey,,Istanbul,7,19,2003,77.7
Middle East,Turkey,,Istanbul,7,20,2003,77.8
Middle East,Turkey,,Istanbul,7,21,2003,78.1
Middle East,Turkey,,Istanbul,7,22,2003,78.6
Middle East,Turkey,,Istanbul,7,23,2003,78.6
Middle East,Turkey,,Istanbul,7,24,2003,79.9
Middle East,Turkey,,Istanbul,7,25,2003,78.1
Middle East,Turkey,,Istanbul,7,26,2003,76.7
Middle East,Turkey,,Istanbul,7,27,2003,77.6
Middle East,Turkey,,Istanbul,7,28,2003,78.5
Middle East,Turkey,,Istanbul,7,29,2003,76.7
Middle East,Turkey,,Istanbul,7,30,2003,77.3
Middle East,Turkey,,Istanbul,7,31,2003,78.6
Middle East,Turkey,,Istanbul,8,1,2003,79.6
Middle East,Turkey,,Istanbul,8,2,2003,79.6
Middle East,Turkey,,Istanbul,8,3,2003,79.7
Middle East,Turkey,,Istanbul,8,4,2003,79.4
Middle East,Turkey,,Istanbul,8,5,2003,76.9
Middle East,Turkey,,Istanbul,8,6,2003,78.1
Middle East,Turkey,,Istanbul,8,7,2003,79.2
Middle East,Turkey,,Istanbul,8,8,2003,78.6
Middle East,Turkey,,Istanbul,8,9,2003,77.6
Middle East,Turkey,,Istanbul,8,10,2003,75.2
Middle East,Turkey,,Istanbul,8,11,2003,75.9
Middle East,Turkey,,Istanbul,8,12,2003,74.3
Middle East,Turkey,,Istanbul,8,13,2003,74.4
Middle East,Turkey,,Istanbul,8,14,2003,75.0
Middle East,Turkey,,Istanbul,8,15,2003,81.0
Middle East,Turkey,,Istanbul,8,16,2003,79.2
Middle East,Turkey,,Istanbul,8,17,2003,79.3
Middle East,Turkey,,Istanbul,8,18,2003,79.1
Middle East,Turkey,,Istanbul,8,19,2003,79.5
Middle East,Turkey,,Istanbul,8,20,2003,78.6
Middle East,Turkey,,Istanbul,8,21,2003,77.9
Middle East,Turkey,,Istanbul,8,22,2003,77.6
Middle East,Turkey,,Istanbul,8,23,2003,78.3
Middle East,Turkey,,Istanbul,8,24,2003,79.5
Middle East,Turkey,,Istanbul,8,25,2003,81.0
Middle East,Turkey,,Istanbul,8,26,2003,81.5
Middle East,Turkey,,Istanbul,8,27,2003,83.3
Middle East,Turkey,,Istanbul,8,28,2003,80.6
Middle East,Turkey,,Istanbul,8,29,2003,79.4
Middle East,Turkey,,Istanbul,8,30,2003,76.2
Middle East,Turkey,,Istanbul,8,31,2003,79.4
Middle East,Turkey,,Istanbul,9,1,2003,80.4
Middle East,Turkey,,Istanbul,9,2,2003,76.6
Middle East,Turkey,,Istanbul,9,3,2003,73.8
Middle East,Turkey,,Istanbul,9,4,2003,64.1
Middle East,Turkey,,Istanbul,9,5,2003,63.4
Middle East,Turkey,,Istanbul,9,6,2003,63.8
Middle East,Turkey,,Istanbul,9,7,2003,64.5
Middle East,Turkey,,Istanbul,9,8,2003,67.2
Middle East,Turkey,,Istanbul,9,9,2003,67.9
Middle East,Turkey,,Istanbul,9,10,2003,73.3
Middle East,Turkey,,Istanbul,9,11,2003,72.0
Middle East,Turkey,,Istanbul,9,12,2003,69.7
Middle East,Turkey,,Istanbul,9,13,2003,66.5
Middle East,Turkey,,Istanbul,9,14,2003,64.1
Middle East,Turkey,,Istanbul,9,15,2003,63.3
Middle East,Turkey,,Istanbul,9,16,2003,64.2
Middle East,Turkey,,Istanbul,9,17,2003,67.9
Middle East,Turkey,,Istanbul,9,18,2003,67.2
Middle East,Turkey,,Istanbul,9,19,2003,67.3
Middle East,Turkey,,Istanbul,9,20,2003,66.6
Middle East,Turkey,,Istanbul,9,21,2003,69.1
Middle East,Turkey,,Istanbul,9,22,2003,69.6
Middle East,Turkey,,Istanbul,9,23,2003,70.4
Middle East,Turkey,,Istanbul,9,24,2003,67.9
Middle East,Turkey,,Istanbul,9,25,2003,69.5
Middle East,Turkey,,Istanbul,9,26,2003,70.0
Middle East,Turkey,,Istanbul,9,27,2003,67.1
Middle East,Turkey,,Istanbul,9,28,2003,67.8
Middle East,Turkey,,Istanbul,9,29,2003,68.2
Middle East,Turkey,,Istanbul,9,30,2003,66.7
Middle East,Turkey,,Istanbul,10,1,2003,66.3
Middle East,Turkey,,Istanbul,10,2,2003,65.7
Middle East,Turkey,,Istanbul,10,3,2003,64.5
Middle East,Turkey,,Istanbul,10,4,2003,68.8
Middle East,Turkey,,Istanbul,10,5,2003,75.4
Middle East,Turkey,,Istanbul,10,6,2003,76.4
Middle East,Turkey,,Istanbul,10,7,2003,66.6
Middle East,Turkey,,Istanbul,10,8,2003,70.1
Middle East,Turkey,,Istanbul,10,9,2003,59.5
Middle East,Turkey,,Istanbul,10,10,2003,55.8
Middle East,Turkey,,Istanbul,10,11,2003,57.7
Middle East,Turkey,,Istanbul,10,12,2003,60.1
Middle East,Turkey,,Istanbul,10,13,2003,61.4
Middle East,Turkey,,Istanbul,10,14,2003,62.6
Middle East,Turkey,,Istanbul,10,15,2003,61.1
Middle East,Turkey,,Istanbul,10,16,2003,62.4
Middle East,Turkey,,Istanbul,10,17,2003,60.1
Middle East,Turkey,,Istanbul,10,18,2003,57.2
Middle East,Turkey,,Istanbul,10,19,2003,59.3
Middle East,Turkey,,Istanbul,10,20,2003,63.5
Middle East,Turkey,,Istanbul,10,21,2003,67.7
Middle East,Turkey,,Istanbul,10,22,2003,70.7
Middle East,Turkey,,Istanbul,10,23,2003,71.8
Middle East,Turkey,,Istanbul,10,24,2003,68.2
Middle East,Turkey,,Istanbul,10,25,2003,57.5
Middle East,Turkey,,Istanbul,10,26,2003,51.4
Middle East,Turkey,,Istanbul,10,27,2003,54.1
Middle East,Turkey,,Istanbul,10,28,2003,46.8
Middle East,Turkey,,Istanbul,10,29,2003,46.8
Middle East,Turkey,,Istanbul,10,30,2003,51.7
Middle East,Turkey,,Istanbul,10,31,2003,63.3
Middle East,Turkey,,Istanbul,11,1,2003,63.8
Middle East,Turkey,,Istanbul,11,2,2003,64.6
Middle East,Turkey,,Istanbul,11,3,2003,69.1
Middle East,Turkey,,Istanbul,11,4,2003,61.9
Middle East,Turkey,,Istanbul,11,5,2003,57.4
Middle East,Turkey,,Istanbul,11,6,2003,55.7
Middle East,Turkey,,Istanbul,11,7,2003,54.9
Middle East,Turkey,,Istanbul,11,8,2003,50.8
Middle East,Turkey,,Istanbul,11,9,2003,48.6
Middle East,Turkey,,Istanbul,11,10,2003,47.0
Middle East,Turkey,,Istanbul,11,11,2003,44.0
Middle East,Turkey,,Istanbul,11,12,2003,40.8
Middle East,Turkey,,Istanbul,11,13,2003,43.6
Middle East,Turkey,,Istanbul,11,14,2003,49.1
Middle East,Turkey,,Istanbul,11,15,2003,48.0
Middle East,Turkey,,Istanbul,11,16,2003,49.2
Middle East,Turkey,,Istanbul,11,17,2003,53.0
Middle East,Turkey,,Istanbul,11,18,2003,52.2
Middle East,Turkey,,Istanbul,11,19,2003,50.0
Middle East,Turkey,,Istanbul,11,20,2003,55.8
Middle East,Turkey,,Istanbul,11,21,2003,55.3
Middle East,Turkey,,Istanbul,11,22,2003,53.2
Middle East,Turkey,,Istanbul,11,23,2003,49.6
Middle East,Turkey,,Istanbul,11,24,2003,49.0
Middle East,Turkey,,Istanbul,11,25,2003,49.6
Middle East,Turkey,,Istanbul,11,26,2003,49.7
Middle East,Turkey,,Istanbul,11,27,2003,48.7
Middle East,Turkey,,Istanbul,11,28,2003,48.4
Middle East,Turkey,,Istanbul,11,29,2003,50.9
Middle East,Turkey,,Istanbul,11,30,2003,52.7
Middle East,Turkey,,Istanbul,12,1,2003,53.2
Middle East,Turkey,,Istanbul,12,2,2003,49.8
Middle East,Turkey,,Istanbul,12,3,2003,46.5
Middle East,Turkey,,Istanbul,12,4,2003,45.6
Middle East,Turkey,,Istanbul,12,5,2003,44.6
Middle East,Turkey,,Istanbul,12,6,2003,49.8
Middle East,Turkey,,Istanbul,12,7,2003,44.0
Middle East,Turkey,,Istanbul,12,8,2003,42.2
Middle East,Turkey,,Istanbul,12,9,2003,43.4
Middle East,Turkey,,Istanbul,12,10,2003,46.9
Middle East,Turkey,,Istanbul,12,11,2003,49.4
Middle East,Turkey,,Istanbul,12,12,2003,49.0
Middle East,Turkey,,Istanbul,12,13,2003,47.1
Middle East,Turkey,,Istanbul,12,14,2003,48.0
Middle East,Turkey,,Istanbul,12,15,2003,49.4
Middle East,Turkey,,Istanbul,12,16,2003,40.1
Middle East,Turkey,,Istanbul,12,17,2003,39.6
Middle East,Turkey,,Istanbul,12,18,2003,36.2
Middle East,Turkey,,Istanbul,12,19,2003,38.9
Middle East,Turkey,,Istanbul,12,20,2003,45.6
Middle East,Turkey,,Istanbul,12,21,2003,48.8
Middle East,Turkey,,Istanbul,12,22,2003,51.9
Middle East,Turkey,,Istanbul,12,23,2003,52.3
Middle East,Turkey,,Istanbul,12,24,2003,52.0
Middle East,Turkey,,Istanbul,12,25,2003,48.3
Middle East,Turkey,,Istanbul,12,26,2003,40.0
Middle East,Turkey,,Istanbul,12,27,2003,37.9
Middle East,Turkey,,Istanbul,12,28,2003,38.8
Middle East,Turkey,,Istanbul,12,29,2003,45.1
Middle East,Turkey,,Istanbul,12,30,2003,49.5
Middle East,Turkey,,Istanbul,12,31,2003,48.5
Middle East,Turkey,,Istanbul,1,1,2004,50.5
Middle East,Turkey,,Istanbul,1,2,2004,49.5
Middle East,Turkey,,Istanbul,1,3,2004,47.6
Middle East,Turkey,,Istanbul,1,4,2004,44.4
Middle East,Turkey,,Istanbul,1,5,2004,36.8
Middle East,Turkey,,Istanbul,1,6,2004,30.7
Middle East,Turkey,,Istanbul,1,7,2004,26.2
Middle East,Turkey,,Istanbul,1,8,2004,30.2
Middle East,Turkey,,Istanbul,1,9,2004,30.7
Middle East,Turkey,,Istanbul,1,10,2004,37.8
Middle East,Turkey,,Istanbul,1,11,2004,40.7
Middle East,Turkey,,Istanbul,1,12,2004,42.0
Middle East,Turkey,,Istanbul,1,13,2004,44.8
Middle East,Turkey,,Istanbul,1,14,2004,49.4
Middle East,Turkey,,Istanbul,1,15,2004,52.7
Middle East,Turkey,,Istanbul,1,16,2004,46.6
Middle East,Turkey,,Istanbul,1,17,2004,43.3
Middle East,Turkey,,Istanbul,1,18,2004,48.9
Middle East,Turkey,,Istanbul,1,19,2004,49.2
Middle East,Turkey,,Istanbul,1,20,2004,52.0
Middle East,Turkey,,Istanbul,1,21,2004,46.1
Middle East,Turkey,,Istanbul,1,22,2004,33.1
Middle East,Turkey,,Istanbul,1,23,2004,26.2
Middle East,Turkey,,Istanbul,1,24,2004,27.8
Middle East,Turkey,,Istanbul,1,25,2004,34.1
Middle East,Turkey,,Istanbul,1,26,2004,34.1
Middle East,Turkey,,Istanbul,1,27,2004,38.9
Middle East,Turkey,,Istanbul,1,28,2004,50.3
Middle East,Turkey,,Istanbul,1,29,2004,53.9
Middle East,Turkey,,Istanbul,1,30,2004,42.1
Middle East,Turkey,,Istanbul,1,31,2004,41.5
Middle East,Turkey,,Istanbul,2,1,2004,39.4
Middle East,Turkey,,Istanbul,2,2,2004,43.9
Middle East,Turkey,,Istanbul,2,3,2004,43.6
Middle East,Turkey,,Istanbul,2,4,2004,39.9
Middle East,Turkey,,Istanbul,2,5,2004,42.2
Middle East,Turkey,,Istanbul,2,6,2004,48.4
Middle East,Turkey,,Istanbul,2,7,2004,51.7
Middle East,Turkey,,Istanbul,2,8,2004,54.4
Middle East,Turkey,,Istanbul,2,9,2004,49.7
Middle East,Turkey,,Istanbul,2,10,2004,42.9
Middle East,Turkey,,Istanbul,2,11,2004,38.5
Middle East,Turkey,,Istanbul,2,12,2004,35.3
Middle East,Turkey,,Istanbul,2,13,2004,24.3
Middle East,Turkey,,Istanbul,2,14,2004,24.4
Middle East,Turkey,,Istanbul,2,15,2004,34.3
Middle East,Turkey,,Istanbul,2,16,2004,35.5
Middle East,Turkey,,Istanbul,2,17,2004,37.2
Middle East,Turkey,,Istanbul,2,18,2004,38.6
Middle East,Turkey,,Istanbul,2,19,2004,39.2
Middle East,Turkey,,Istanbul,2,20,2004,39.2
Middle East,Turkey,,Istanbul,2,21,2004,28.2
Middle East,Turkey,,Istanbul,2,22,2004,34.7
Middle East,Turkey,,Istanbul,2,23,2004,42.4
Middle East,Turkey,,Istanbul,2,24,2004,49.1
Middle East,Turkey,,Istanbul,2,25,2004,51.3
Middle East,Turkey,,Istanbul,2,26,2004,54.0
Middle East,Turkey,,Istanbul,2,27,2004,57.2
Middle East,Turkey,,Istanbul,2,28,2004,57.3
Middle East,Turkey,,Istanbul,2,29,2004,55.3
Middle East,Turkey,,Istanbul,3,1,2004,52.7
Middle East,Turkey,,Istanbul,3,2,2004,49.6
Middle East,Turkey,,Istanbul,3,3,2004,43.6
Middle East,Turkey,,Istanbul,3,4,2004,37.5
Middle East,Turkey,,Istanbul,3,5,2004,36.3
Middle East,Turkey,,Istanbul,3,6,2004,33.3
Middle East,Turkey,,Istanbul,3,7,2004,35.5
Middle East,Turkey,,Istanbul,3,8,2004,43.7
Middle East,Turkey,,Istanbul,3,9,2004,49.0
Middle East,Turkey,,Istanbul,3,10,2004,45.2
Middle East,Turkey,,Istanbul,3,11,2004,40.0
Middle East,Turkey,,Istanbul,3,12,2004,44.1
Middle East,Turkey,,Istanbul,3,13,2004,43.9
Middle East,Turkey,,Istanbul,3,14,2004,43.6
Middle East,Turkey,,Istanbul,3,15,2004,45.4
Middle East,Turkey,,Istanbul,3,16,2004,45.9
Middle East,Turkey,,Istanbul,3,17,2004,43.9
Middle East,Turkey,,Istanbul,3,18,2004,49.0
Middle East,Turkey,,Istanbul,3,19,2004,45.8
Middle East,Turkey,,Istanbul,3,20,2004,50.8
Middle East,Turkey,,Istanbul,3,21,2004,55.5
Middle East,Turkey,,Istanbul,3,22,2004,56.8
Middle East,Turkey,,Istanbul,3,23,2004,56.2
Middle East,Turkey,,Istanbul,3,24,2004,58.3
Middle East,Turkey,,Istanbul,3,25,2004,54.6
Middle East,Turkey,,Istanbul,3,26,2004,56.3
Middle East,Turkey,,Istanbul,3,27,2004,62.4
Middle East,Turkey,,Istanbul,3,28,2004,52.5
Middle East,Turkey,,Istanbul,3,29,2004,48.7
Middle East,Turkey,,Istanbul,3,30,2004,48.6
Middle East,Turkey,,Istanbul,3,31,2004,48.5
Middle East,Turkey,,Istanbul,4,1,2004,48.5
Middle East,Turkey,,Istanbul,4,2,2004,47.2
Middle East,Turkey,,Istanbul,4,3,2004,42.9
Middle East,Turkey,,Istanbul,4,4,2004,42.1
Middle East,Turkey,,Istanbul,4,5,2004,44.7
Middle East,Turkey,,Istanbul,4,6,2004,53.3
Middle East,Turkey,,Istanbul,4,7,2004,56.4
Middle East,Turkey,,Istanbul,4,8,2004,57.5
Middle East,Turkey,,Istanbul,4,9,2004,61.3
Middle East,Turkey,,Istanbul,4,10,2004,63.3
Middle East,Turkey,,Istanbul,4,11,2004,64.8
Middle East,Turkey,,Istanbul,4,12,2004,63.8
Middle East,Turkey,,Istanbul,4,13,2004,67.0
Middle East,Turkey,,Istanbul,4,14,2004,57.9
Middle East,Turkey,,Istanbul,4,15,2004,47.4
Middle East,Turkey,,Istanbul,4,16,2004,51.7
Middle East,Turkey,,Istanbul,4,17,2004,54.7
Middle East,Turkey,,Istanbul,4,18,2004,56.8
Middle East,Turkey,,Istanbul,4,19,2004,51.4
Middle East,Turkey,,Istanbul,4,20,2004,54.2
Middle East,Turkey,,Istanbul,4,21,2004,51.9
Middle East,Turkey,,Istanbul,4,22,2004,53.6
Middle East,Turkey,,Istanbul,4,23,2004,54.2
Middle East,Turkey,,Istanbul,4,24,2004,56.3
Middle East,Turkey,,Istanbul,4,25,2004,55.5
Middle East,Turkey,,Istanbul,4,26,2004,54.1
Middle East,Turkey,,Istanbul,4,27,2004,52.5
Middle East,Turkey,,Istanbul,4,28,2004,51.2
Middle East,Turkey,,Istanbul,4,29,2004,55.4
Middle East,Turkey,,Istanbul,4,30,2004,58.6
Middle East,Turkey,,Istanbul,5,1,2004,57.7
Middle East,Turkey,,Istanbul,5,2,2004,56.0
Middle East,Turkey,,Istanbul,5,3,2004,55.2
Middle East,Turkey,,Istanbul,5,4,2004,60.9
Middle East,Turkey,,Istanbul,5,5,2004,64.6
Middle East,Turkey,,Istanbul,5,6,2004,65.9
Middle East,Turkey,,Istanbul,5,7,2004,64.0
Middle East,Turkey,,Istanbul,5,8,2004,63.9
Middle East,Turkey,,Istanbul,5,9,2004,68.4
Middle East,Turkey,,Istanbul,5,10,2004,64.1
Middle East,Turkey,,Istanbul,5,11,2004,60.5
Middle East,Turkey,,Istanbul,5,12,2004,61.9
Middle East,Turkey,,Istanbul,5,13,2004,67.4
Middle East,Turkey,,Istanbul,5,14,2004,61.4
Middle East,Turkey,,Istanbul,5,15,2004,58.8
Middle East,Turkey,,Istanbul,5,16,2004,57.1
Middle East,Turkey,,Istanbul,5,17,2004,58.9
Middle East,Turkey,,Istanbul,5,18,2004,59.1
Middle East,Turkey,,Istanbul,5,19,2004,58.0
Middle East,Turkey,,Istanbul,5,20,2004,62.0
Middle East,Turkey,,Istanbul,5,21,2004,67.5
Middle East,Turkey,,Istanbul,5,22,2004,65.5
Middle East,Turkey,,Istanbul,5,23,2004,68.5
Middle East,Turkey,,Istanbul,5,24,2004,61.0
Middle East,Turkey,,Istanbul,5,25,2004,55.6
Middle East,Turkey,,Istanbul,5,26,2004,58.8
Middle East,Turkey,,Istanbul,5,27,2004,60.8
Middle East,Turkey,,Istanbul,5,28,2004,63.2
Middle East,Turkey,,Istanbul,5,29,2004,62.0
Middle East,Turkey,,Istanbul,5,30,2004,65.3
Middle East,Turkey,,Istanbul,5,31,2004,61.1
Middle East,Turkey,,Istanbul,6,1,2004,63.6
Middle East,Turkey,,Istanbul,6,2,2004,66.6
Middle East,Turkey,,Istanbul,6,3,2004,65.4
Middle East,Turkey,,Istanbul,6,4,2004,66.3
Middle East,Turkey,,Istanbul,6,5,2004,67.1
Middle East,Turkey,,Istanbul,6,6,2004,67.9
Middle East,Turkey,,Istanbul,6,7,2004,68.3
Middle East,Turkey,,Istanbul,6,8,2004,65.1
Middle East,Turkey,,Istanbul,6,9,2004,67.5
Middle East,Turkey,,Istanbul,6,10,2004,68.2
Middle East,Turkey,,Istanbul,6,11,2004,66.8
Middle East,Turkey,,Istanbul,6,12,2004,69.6
Middle East,Turkey,,Istanbul,6,13,2004,78.0
Middle East,Turkey,,Istanbul,6,14,2004,73.9
Middle East,Turkey,,Istanbul,6,15,2004,72.7
Middle East,Turkey,,Istanbul,6,16,2004,71.5
Middle East,Turkey,,Istanbul,6,17,2004,72.6
Middle East,Turkey,,Istanbul,6,18,2004,75.3
Middle East,Turkey,,Istanbul,6,19,2004,71.3
Middle East,Turkey,,Istanbul,6,20,2004,71.7
Middle East,Turkey,,Istanbul,6,21,2004,72.5
Middle East,Turkey,,Istanbul,6,22,2004,74.5
Middle East,Turkey,,Istanbul,6,23,2004,68.3
Middle East,Turkey,,Istanbul,6,24,2004,71.8
Middle East,Turkey,,Istanbul,6,25,2004,73.2
Middle East,Turkey,,Istanbul,6,26,2004,75.4
Middle East,Turkey,,Istanbul,6,27,2004,72.7
Middle East,Turkey,,Istanbul,6,28,2004,73.1
Middle East,Turkey,,Istanbul,6,29,2004,75.7
Middle East,Turkey,,Istanbul,6,30,2004,73.2
Middle East,Turkey,,Istanbul,7,1,2004,74.3
Middle East,Turkey,,Istanbul,7,2,2004,70.3
Middle East,Turkey,,Istanbul,7,3,2004,73.8
Middle East,Turkey,,Istanbul,7,4,2004,75.2
Middle East,Turkey,,Istanbul,7,5,2004,74.2
Middle East,Turkey,,Istanbul,7,6,2004,74.5
Middle East,Turkey,,Istanbul,7,7,2004,73.9
Middle East,Turkey,,Istanbul,7,8,2004,76.9
Middle East,Turkey,,Istanbul,7,9,2004,75.5
Middle East,Turkey,,Istanbul,7,10,2004,77.8
Middle East,Turkey,,Istanbul,7,11,2004,75.3
Middle East,Turkey,,Istanbul,7,12,2004,76.8
Middle East,Turkey,,Istanbul,7,13,2004,76.5
Middle East,Turkey,,Istanbul,7,14,2004,71.3
Middle East,Turkey,,Istanbul,7,15,2004,71.6
Middle East,Turkey,,Istanbul,7,16,2004,69.5
Middle East,Turkey,,Istanbul,7,17,2004,71.4
Middle East,Turkey,,Istanbul,7,18,2004,72.6
Middle East,Turkey,,Istanbul,7,19,2004,75.1
Middle East,Turkey,,Istanbul,7,20,2004,76.6
Middle East,Turkey,,Istanbul,7,21,2004,74.9
Middle East,Turkey,,Istanbul,7,22,2004,76.0
Middle East,Turkey,,Istanbul,7,23,2004,78.0
Middle East,Turkey,,Istanbul,7,24,2004,77.6
Middle East,Turkey,,Istanbul,7,25,2004,76.7
Middle East,Turkey,,Istanbul,7,26,2004,77.5
Middle East,Turkey,,Istanbul,7,27,2004,79.1
Middle East,Turkey,,Istanbul,7,28,2004,79.8
Middle East,Turkey,,Istanbul,7,29,2004,79.3
Middle East,Turkey,,Istanbul,7,30,2004,78.4
Middle East,Turkey,,Istanbul,7,31,2004,76.6
Middle East,Turkey,,Istanbul,8,1,2004,75.7
Middle East,Turkey,,Istanbul,8,2,2004,77.2
Middle East,Turkey,,Istanbul,8,3,2004,76.1
Middle East,Turkey,,Istanbul,8,4,2004,76.5
Middle East,Turkey,,Istanbul,8,5,2004,77.0
Middle East,Turkey,,Istanbul,8,6,2004,78.3
Middle East,Turkey,,Istanbul,8,7,2004,78.3
Middle East,Turkey,,Istanbul,8,8,2004,77.5
Middle East,Turkey,,Istanbul,8,9,2004,77.5
Middle East,Turkey,,Istanbul,8,10,2004,74.4
Middle East,Turkey,,Istanbul,8,11,2004,72.4
Middle East,Turkey,,Istanbul,8,12,2004,75.1
Middle East,Turkey,,Istanbul,8,13,2004,77.1
Middle East,Turkey,,Istanbul,8,14,2004,80.8
Middle East,Turkey,,Istanbul,8,15,2004,74.0
Middle East,Turkey,,Istanbul,8,16,2004,72.7
Middle East,Turkey,,Istanbul,8,17,2004,70.9
Middle East,Turkey,,Istanbul,8,18,2004,71.9
Middle East,Turkey,,Istanbul,8,19,2004,73.1
Middle East,Turkey,,Istanbul,8,20,2004,74.6
Middle East,Turkey,,Istanbul,8,21,2004,77.9
Middle East,Turkey,,Istanbul,8,22,2004,81.1
Middle East,Turkey,,Istanbul,8,23,2004,71.2
Middle East,Turkey,,Istanbul,8,24,2004,71.4
Middle East,Turkey,,Istanbul,8,25,2004,72.5
Middle East,Turkey,,Istanbul,8,26,2004,75.0
Middle East,Turkey,,Istanbul,8,27,2004,80.2
Middle East,Turkey,,Istanbul,8,28,2004,70.2
Middle East,Turkey,,Istanbul,8,29,2004,68.8
Middle East,Turkey,,Istanbul,8,30,2004,72.1
Middle East,Turkey,,Istanbul,8,31,2004,73.5
Middle East,Turkey,,Istanbul,9,1,2004,75.1
Middle East,Turkey,,Istanbul,9,2,2004,76.2
Middle East,Turkey,,Istanbul,9,3,2004,76.5
Middle East,Turkey,,Istanbul,9,4,2004,75.0
Middle East,Turkey,,Istanbul,9,5,2004,72.1
Middle East,Turkey,,Istanbul,9,6,2004,68.3
Middle East,Turkey,,Istanbul,9,7,2004,68.1
Middle East,Turkey,,Istanbul,9,8,2004,68.6
Middle East,Turkey,,Istanbul,9,9,2004,64.8
Middle East,Turkey,,Istanbul,9,10,2004,61.6
Middle East,Turkey,,Istanbul,9,11,2004,60.4
Middle East,Turkey,,Istanbul,9,12,2004,62.1
Middle East,Turkey,,Istanbul,9,13,2004,65.8
Middle East,Turkey,,Istanbul,9,14,2004,67.3
Middle East,Turkey,,Istanbul,9,15,2004,68.3
Middle East,Turkey,,Istanbul,9,16,2004,67.9
Middle East,Turkey,,Istanbul,9,17,2004,69.7
Middle East,Turkey,,Istanbul,9,18,2004,69.7
Middle East,Turkey,,Istanbul,9,19,2004,70.8
Middle East,Turkey,,Istanbul,9,20,2004,70.6
Middle East,Turkey,,Istanbul,9,21,2004,70.3
Middle East,Turkey,,Istanbul,9,22,2004,69.0
Middle East,Turkey,,Istanbul,9,23,2004,69.3
Middle East,Turkey,,Istanbul,9,24,2004,74.0
Middle East,Turkey,,Istanbul,9,25,2004,75.8
Middle East,Turkey,,Istanbul,9,26,2004,78.0
Middle East,Turkey,,Istanbul,9,27,2004,79.6
Middle East,Turkey,,Istanbul,9,28,2004,74.5
Middle East,Turkey,,Istanbul,9,29,2004,72.8
Middle East,Turkey,,Istanbul,9,30,2004,69.4
Middle East,Turkey,,Istanbul,10,1,2004,67.9
Middle East,Turkey,,Istanbul,10,2,2004,67.2
Middle East,Turkey,,Istanbul,10,3,2004,66.0
Middle East,Turkey,,Istanbul,10,4,2004,64.9
Middle East,Turkey,,Istanbul,10,5,2004,65.9
Middle East,Turkey,,Istanbul,10,6,2004,64.3
Middle East,Turkey,,Istanbul,10,7,2004,61.6
Middle East,Turkey,,Istanbul,10,8,2004,60.0
Middle East,Turkey,,Istanbul,10,9,2004,62.6
Middle East,Turkey,,Istanbul,10,10,2004,65.8
Middle East,Turkey,,Istanbul,10,11,2004,69.6
Middle East,Turkey,,Istanbul,10,12,2004,59.2
Middle East,Turkey,,Istanbul,10,13,2004,58.0
Middle East,Turkey,,Istanbul,10,14,2004,58.4
Middle East,Turkey,,Istanbul,10,15,2004,60.0
Middle East,Turkey,,Istanbul,10,16,2004,67.0
Middle East,Turkey,,Istanbul,10,17,2004,72.5
Middle East,Turkey,,Istanbul,10,18,2004,67.4
Middle East,Turkey,,Istanbul,10,19,2004,65.2
Middle East,Turkey,,Istanbul,10,20,2004,66.3
Middle East,Turkey,,Istanbul,10,21,2004,65.5
Middle East,Turkey,,Istanbul,10,22,2004,63.5
Middle East,Turkey,,Istanbul,10,23,2004,61.8
Middle East,Turkey,,Istanbul,10,24,2004,58.9
Middle East,Turkey,,Istanbul,10,25,2004,61.5
Middle East,Turkey,,Istanbul,10,26,2004,61.2
Middle East,Turkey,,Istanbul,10,27,2004,61.3
Middle East,Turkey,,Istanbul,10,28,2004,64.8
Middle East,Turkey,,Istanbul,10,29,2004,65.1
Middle East,Turkey,,Istanbul,10,30,2004,62.2
Middle East,Turkey,,Istanbul,10,31,2004,62.2
Middle East,Turkey,,Istanbul,11,1,2004,61.8
Middle East,Turkey,,Istanbul,11,2,2004,62.7
Middle East,Turkey,,Istanbul,11,3,2004,60.8
Middle East,Turkey,,Istanbul,11,4,2004,59.6
Middle East,Turkey,,Istanbul,11,5,2004,58.9
Middle East,Turkey,,Istanbul,11,6,2004,56.1
Middle East,Turkey,,Istanbul,11,7,2004,57.1
Middle East,Turkey,,Istanbul,11,8,2004,62.4
Middle East,Turkey,,Istanbul,11,9,2004,65.9
Middle East,Turkey,,Istanbul,11,10,2004,62.1
Middle East,Turkey,,Istanbul,11,11,2004,62.8
Middle East,Turkey,,Istanbul,11,12,2004,63.0
Middle East,Turkey,,Istanbul,11,13,2004,59.6
Middle East,Turkey,,Istanbul,11,14,2004,67.2
Middle East,Turkey,,Istanbul,11,15,2004,61.9
Middle East,Turkey,,Istanbul,11,16,2004,51.5
Middle East,Turkey,,Istanbul,11,17,2004,49.3
Middle East,Turkey,,Istanbul,11,18,2004,50.0
Middle East,Turkey,,Istanbul,11,19,2004,57.3
Middle East,Turkey,,Istanbul,11,20,2004,48.1
Middle East,Turkey,,Istanbul,11,21,2004,40.1
Middle East,Turkey,,Istanbul,11,22,2004,38.9
Middle East,Turkey,,Istanbul,11,23,2004,43.6
Middle East,Turkey,,Istanbul,11,24,2004,45.7
Middle East,Turkey,,Istanbul,11,25,2004,36.6
Middle East,Turkey,,Istanbul,11,26,2004,36.4
Middle East,Turkey,,Istanbul,11,27,2004,46.7
Middle East,Turkey,,Istanbul,11,28,2004,51.1
Middle East,Turkey,,Istanbul,11,29,2004,55.1
Middle East,Turkey,,Istanbul,11,30,2004,55.8
Middle East,Turkey,,Istanbul,12,1,2004,54.2
Middle East,Turkey,,Istanbul,12,2,2004,56.4
Middle East,Turkey,,Istanbul,12,3,2004,57.7
Middle East,Turkey,,Istanbul,12,4,2004,57.1
Middle East,Turkey,,Istanbul,12,5,2004,53.2
Middle East,Turkey,,Istanbul,12,6,2004,50.2
Middle East,Turkey,,Istanbul,12,7,2004,46.5
Middle East,Turkey,,Istanbul,12,8,2004,46.7
Middle East,Turkey,,Istanbul,12,9,2004,45.2
Middle East,Turkey,,Istanbul,12,10,2004,44.6
Middle East,Turkey,,Istanbul,12,11,2004,42.9
Middle East,Turkey,,Istanbul,12,12,2004,42.3
Middle East,Turkey,,Istanbul,12,13,2004,44.1
Middle East,Turkey,,Istanbul,12,14,2004,43.3
Middle East,Turkey,,Istanbul,12,15,2004,40.9
Middle East,Turkey,,Istanbul,12,16,2004,41.0
Middle East,Turkey,,Istanbul,12,17,2004,43.3
Middle East,Turkey,,Istanbul,12,18,2004,52.1
Middle East,Turkey,,Istanbul,12,19,2004,54.0
Middle East,Turkey,,Istanbul,12,20,2004,49.0
Middle East,Turkey,,Istanbul,12,21,2004,46.6
Middle East,Turkey,,Istanbul,12,22,2004,43.1
Middle East,Turkey,,Istanbul,12,23,2004,41.0
Middle East,Turkey,,Istanbul,12,24,2004,41.7
Middle East,Turkey,,Istanbul,12,25,2004,42.7
Middle East,Turkey,,Istanbul,12,26,2004,47.5
Middle East,Turkey,,Istanbul,12,27,2004,55.4
Middle East,Turkey,,Istanbul,12,28,2004,54.4
Middle East,Turkey,,Istanbul,12,29,2004,56.0
Middle East,Turkey,,Istanbul,12,30,2004,49.2
Middle East,Turkey,,Istanbul,12,31,2004,47.0
Middle East,Turkey,,Istanbul,1,1,2005,46.2
Middle East,Turkey,,Istanbul,1,2,2005,42.3
Middle East,Turkey,,Istanbul,1,3,2005,43.5
Middle East,Turkey,,Istanbul,1,4,2005,41.6
Middle East,Turkey,,Istanbul,1,5,2005,46.4
Middle East,Turkey,,Istanbul,1,6,2005,48.3
Middle East,Turkey,,Istanbul,1,7,2005,46.1
Middle East,Turkey,,Istanbul,1,8,2005,44.5
Middle East,Turkey,,Istanbul,1,9,2005,46.6
Middle East,Turkey,,Istanbul,1,10,2005,46.3
Middle East,Turkey,,Istanbul,1,11,2005,44.8
Middle East,Turkey,,Istanbul,1,12,2005,42.6
Middle East,Turkey,,Istanbul,1,13,2005,42.0
Middle East,Turkey,,Istanbul,1,14,2005,42.7
Middle East,Turkey,,Istanbul,1,15,2005,42.2
Middle East,Turkey,,Istanbul,1,16,2005,42.3
Middle East,Turkey,,Istanbul,1,17,2005,45.1
Middle East,Turkey,,Istanbul,1,18,2005,42.3
Middle East,Turkey,,Istanbul,1,19,2005,45.3
Middle East,Turkey,,Istanbul,1,20,2005,44.1
Middle East,Turkey,,Istanbul,1,21,2005,48.7
Middle East,Turkey,,Istanbul,1,22,2005,44.4
Middle East,Turkey,,Istanbul,1,23,2005,41.0
Middle East,Turkey,,Istanbul,1,24,2005,40.5
Middle East,Turkey,,Istanbul,1,25,2005,51.1
Middle East,Turkey,,Istanbul,1,26,2005,56.2
Middle East,Turkey,,Istanbul,1,27,2005,50.4
Middle East,Turkey,,Istanbul,1,28,2005,49.3
Middle East,Turkey,,Istanbul,1,29,2005,49.3
Middle East,Turkey,,Istanbul,1,30,2005,35.4
Middle East,Turkey,,Istanbul,1,31,2005,32.7
Middle East,Turkey,,Istanbul,2,1,2005,38.4
Middle East,Turkey,,Istanbul,2,2,2005,39.9
Middle East,Turkey,,Istanbul,2,3,2005,44.0
Middle East,Turkey,,Istanbul,2,4,2005,37.1
Middle East,Turkey,,Istanbul,2,5,2005,34.6
Middle East,Turkey,,Istanbul,2,6,2005,29.5
Middle East,Turkey,,Istanbul,2,7,2005,29.8
Middle East,Turkey,,Istanbul,2,8,2005,32.9
Middle East,Turkey,,Istanbul,2,9,2005,32.6
Middle East,Turkey,,Istanbul,2,10,2005,33.9
Middle East,Turkey,,Istanbul,2,11,2005,32.9
Middle East,Turkey,,Istanbul,2,12,2005,34.0
Middle East,Turkey,,Istanbul,2,13,2005,46.4
Middle East,Turkey,,Istanbul,2,14,2005,52.7
Middle East,Turkey,,Istanbul,2,15,2005,55.6
Middle East,Turkey,,Istanbul,2,16,2005,48.0
Middle East,Turkey,,Istanbul,2,17,2005,47.7
Middle East,Turkey,,Istanbul,2,18,2005,44.1
Middle East,Turkey,,Istanbul,2,19,2005,43.5
Middle East,Turkey,,Istanbul,2,20,2005,43.3
Middle East,Turkey,,Istanbul,2,21,2005,46.3
Middle East,Turkey,,Istanbul,2,22,2005,51.2
Middle East,Turkey,,Istanbul,2,23,2005,51.6
Middle East,Turkey,,Istanbul,2,24,2005,51.4
Middle East,Turkey,,Istanbul,2,25,2005,50.2
Middle East,Turkey,,Istanbul,2,26,2005,49.5
Middle East,Turkey,,Istanbul,2,27,2005,49.9
Middle East,Turkey,,Istanbul,2,28,2005,40.7
Middle East,Turkey,,Istanbul,3,1,2005,36.8
Middle East,Turkey,,Istanbul,3,2,2005,39.7
Middle East,Turkey,,Istanbul,3,3,2005,40.0
Middle East,Turkey,,Istanbul,3,4,2005,42.0
Middle East,Turkey,,Istanbul,3,5,2005,48.5
Middle East,Turkey,,Istanbul,3,6,2005,51.4
Middle East,Turkey,,Istanbul,3,7,2005,48.6
Middle East,Turkey,,Istanbul,3,8,2005,37.6
Middle East,Turkey,,Istanbul,3,9,2005,39.3
Middle East,Turkey,,Istanbul,3,10,2005,39.3
Middle East,Turkey,,Istanbul,3,11,2005,33.4
Middle East,Turkey,,Istanbul,3,12,2005,42.5
Middle East,Turkey,,Istanbul,3,13,2005,50.2
Middle East,Turkey,,Istanbul,3,14,2005,46.9
Middle East,Turkey,,Istanbul,3,15,2005,42.8
Middle East,Turkey,,Istanbul,3,16,2005,47.5
Middle East,Turkey,,Istanbul,3,17,2005,44.6
Middle East,Turkey,,Istanbul,3,18,2005,51.9
Middle East,Turkey,,Istanbul,3,19,2005,51.8
Middle East,Turkey,,Istanbul,3,20,2005,40.0
Middle East,Turkey,,Istanbul,3,21,2005,40.2
Middle East,Turkey,,Istanbul,3,22,2005,41.8
Middle East,Turkey,,Istanbul,3,23,2005,43.6
Middle East,Turkey,,Istanbul,3,24,2005,45.4
Middle East,Turkey,,Istanbul,3,25,2005,51.8
Middle East,Turkey,,Istanbul,3,26,2005,51.0
Middle East,Turkey,,Istanbul,3,27,2005,55.0
Middle East,Turkey,,Istanbul,3,28,2005,58.0
Middle East,Turkey,,Istanbul,3,29,2005,50.1
Middle East,Turkey,,Istanbul,3,30,2005,48.2
Middle East,Turkey,,Istanbul,3,31,2005,45.3
Middle East,Turkey,,Istanbul,4,1,2005,43.1
Middle East,Turkey,,Istanbul,4,2,2005,41.5
Middle East,Turkey,,Istanbul,4,3,2005,42.6
Middle East,Turkey,,Istanbul,4,4,2005,43.0
Middle East,Turkey,,Istanbul,4,5,2005,46.2
Middle East,Turkey,,Istanbul,4,6,2005,46.9
Middle East,Turkey,,Istanbul,4,7,2005,48.7
Middle East,Turkey,,Istanbul,4,8,2005,51.9
Middle East,Turkey,,Istanbul,4,9,2005,57.3
Middle East,Turkey,,Istanbul,4,10,2005,62.9
Middle East,Turkey,,Istanbul,4,11,2005,65.7
Middle East,Turkey,,Istanbul,4,12,2005,55.2
Middle East,Turkey,,Istanbul,4,13,2005,55.7
Middle East,Turkey,,Istanbul,4,14,2005,55.4
Middle East,Turkey,,Istanbul,4,15,2005,55.7
Middle East,Turkey,,Istanbul,4,16,2005,59.3
Middle East,Turkey,,Istanbul,4,17,2005,63.6
Middle East,Turkey,,Istanbul,4,18,2005,61.4
Middle East,Turkey,,Istanbul,4,19,2005,56.8
Middle East,Turkey,,Istanbul,4,20,2005,60.2
Middle East,Turkey,,Istanbul,4,21,2005,64.2
Middle East,Turkey,,Istanbul,4,22,2005,58.5
Middle East,Turkey,,Istanbul,4,23,2005,50.2
Middle East,Turkey,,Istanbul,4,24,2005,53.1
Middle East,Turkey,,Istanbul,4,25,2005,54.2
Middle East,Turkey,,Istanbul,4,26,2005,60.3
Middle East,Turkey,,Istanbul,4,27,2005,56.7
Middle East,Turkey,,Istanbul,4,28,2005,60.5
Middle East,Turkey,,Istanbul,4,29,2005,53.8
Middle East,Turkey,,Istanbul,4,30,2005,52.4
Middle East,Turkey,,Istanbul,5,1,2005,55.0
Middle East,Turkey,,Istanbul,5,2,2005,56.0
Middle East,Turkey,,Istanbul,5,3,2005,58.2
Middle East,Turkey,,Istanbul,5,4,2005,57.0
Middle East,Turkey,,Istanbul,5,5,2005,63.3
Middle East,Turkey,,Istanbul,5,6,2005,66.6
Middle East,Turkey,,Istanbul,5,7,2005,66.9
Middle East,Turkey,,Istanbul,5,8,2005,58.8
Middle East,Turkey,,Istanbul,5,9,2005,62.1
Middle East,Turkey,,Istanbul,5,10,2005,62.8
Middle East,Turkey,,Istanbul,5,11,2005,63.6
Middle East,Turkey,,Istanbul,5,12,2005,61.8
Middle East,Turkey,,Istanbul,5,13,2005,60.0
Middle East,Turkey,,Istanbul,5,14,2005,60.6
Middle East,Turkey,,Istanbul,5,15,2005,60.5
Middle East,Turkey,,Istanbul,5,16,2005,60.2
Middle East,Turkey,,Istanbul,5,17,2005,60.6
Middle East,Turkey,,Istanbul,5,18,2005,64.5
Middle East,Turkey,,Istanbul,5,19,2005,68.3
Middle East,Turkey,,Istanbul,5,20,2005,65.5
Middle East,Turkey,,Istanbul,5,21,2005,59.7
Middle East,Turkey,,Istanbul,5,22,2005,60.9
Middle East,Turkey,,Istanbul,5,23,2005,62.2
Middle East,Turkey,,Istanbul,5,24,2005,61.8
Middle East,Turkey,,Istanbul,5,25,2005,65.2
Middle East,Turkey,,Istanbul,5,26,2005,64.6
Middle East,Turkey,,Istanbul,5,27,2005,66.4
Middle East,Turkey,,Istanbul,5,28,2005,66.6
Middle East,Turkey,,Istanbul,5,29,2005,67.6
Middle East,Turkey,,Istanbul,5,30,2005,66.4
Middle East,Turkey,,Istanbul,5,31,2005,68.0
Middle East,Turkey,,Istanbul,6,1,2005,66.5
Middle East,Turkey,,Istanbul,6,2,2005,65.6
Middle East,Turkey,,Istanbul,6,3,2005,67.0
Middle East,Turkey,,Istanbul,6,4,2005,66.3
Middle East,Turkey,,Istanbul,6,5,2005,66.8
Middle East,Turkey,,Istanbul,6,6,2005,67.3
Middle East,Turkey,,Istanbul,6,7,2005,70.7
Middle East,Turkey,,Istanbul,6,8,2005,70.3
Middle East,Turkey,,Istanbul,6,9,2005,70.0
Middle East,Turkey,,Istanbul,6,10,2005,67.5
Middle East,Turkey,,Istanbul,6,11,2005,63.2
Middle East,Turkey,,Istanbul,6,12,2005,67.3
Middle East,Turkey,,Istanbul,6,13,2005,67.6
Middle East,Turkey,,Istanbul,6,14,2005,68.2
Middle East,Turkey,,Istanbul,6,15,2005,70.9
Middle East,Turkey,,Istanbul,6,16,2005,74.2
Middle East,Turkey,,Istanbul,6,17,2005,78.3
Middle East,Turkey,,Istanbul,6,18,2005,74.3
Middle East,Turkey,,Istanbul,6,19,2005,69.3
Middle East,Turkey,,Istanbul,6,20,2005,67.5
Middle East,Turkey,,Istanbul,6,21,2005,70.3
Middle East,Turkey,,Istanbul,6,22,2005,70.0
Middle East,Turkey,,Istanbul,6,23,2005,72.0
Middle East,Turkey,,Istanbul,6,24,2005,68.9
Middle East,Turkey,,Istanbul,6,25,2005,70.4
Middle East,Turkey,,Istanbul,6,26,2005,73.4
Middle East,Turkey,,Istanbul,6,27,2005,75.3
Middle East,Turkey,,Istanbul,6,28,2005,73.7
Middle East,Turkey,,Istanbul,6,29,2005,73.3
Middle East,Turkey,,Istanbul,6,30,2005,72.4
Middle East,Turkey,,Istanbul,7,1,2005,77.9
Middle East,Turkey,,Istanbul,7,2,2005,78.1
Middle East,Turkey,,Istanbul,7,3,2005,76.9
Middle East,Turkey,,Istanbul,7,4,2005,68.7
Middle East,Turkey,,Istanbul,7,5,2005,72.7
Middle East,Turkey,,Istanbul,7,6,2005,71.7
Middle East,Turkey,,Istanbul,7,7,2005,77.6
Middle East,Turkey,,Istanbul,7,8,2005,77.2
Middle East,Turkey,,Istanbul,7,9,2005,76.4
Middle East,Turkey,,Istanbul,7,10,2005,77.0
Middle East,Turkey,,Istanbul,7,11,2005,77.2
Middle East,Turkey,,Istanbul,7,12,2005,77.9
Middle East,Turkey,,Istanbul,7,13,2005,77.0
Middle East,Turkey,,Istanbul,7,14,2005,75.7
Middle East,Turkey,,Istanbul,7,15,2005,74.6
Middle East,Turkey,,Istanbul,7,16,2005,74.2
Middle East,Turkey,,Istanbul,7,17,2005,75.5
Middle East,Turkey,,Istanbul,7,18,2005,77.7
Middle East,Turkey,,Istanbul,7,19,2005,78.9
Middle East,Turkey,,Istanbul,7,20,2005,79.7
Middle East,Turkey,,Istanbul,7,21,2005,79.2
Middle East,Turkey,,Istanbul,7,22,2005,77.9
Middle East,Turkey,,Istanbul,7,23,2005,78.4
Middle East,Turkey,,Istanbul,7,24,2005,78.1
Middle East,Turkey,,Istanbul,7,25,2005,76.9
Middle East,Turkey,,Istanbul,7,26,2005,77.9
Middle East,Turkey,,Istanbul,7,27,2005,77.8
Middle East,Turkey,,Istanbul,7,28,2005,78.7
Middle East,Turkey,,Istanbul,7,29,2005,80.6
Middle East,Turkey,,Istanbul,7,30,2005,80.6
Middle East,Turkey,,Istanbul,7,31,2005,81.1
Middle East,Turkey,,Istanbul,8,1,2005,81.1
Middle East,Turkey,,Istanbul,8,2,2005,81.9
Middle East,Turkey,,Istanbul,8,3,2005,82.4
Middle East,Turkey,,Istanbul,8,4,2005,83.8
Middle East,Turkey,,Istanbul,8,5,2005,82.7
Middle East,Turkey,,Istanbul,8,6,2005,80.1
Middle East,Turkey,,Istanbul,8,7,2005,75.3
Middle East,Turkey,,Istanbul,8,8,2005,79.0
Middle East,Turkey,,Istanbul,8,9,2005,74.0
Middle East,Turkey,,Istanbul,8,10,2005,75.0
Middle East,Turkey,,Istanbul,8,11,2005,75.8
Middle East,Turkey,,Istanbul,8,12,2005,76.2
Middle East,Turkey,,Istanbul,8,13,2005,80.9
Middle East,Turkey,,Istanbul,8,14,2005,81.0
Middle East,Turkey,,Istanbul,8,15,2005,79.5
Middle East,Turkey,,Istanbul,8,16,2005,79.8
Middle East,Turkey,,Istanbul,8,17,2005,79.3
Middle East,Turkey,,Istanbul,8,18,2005,77.9
Middle East,Turkey,,Istanbul,8,19,2005,76.0
Middle East,Turkey,,Istanbul,8,20,2005,74.3
Middle East,Turkey,,Istanbul,8,21,2005,74.3
Middle East,Turkey,,Istanbul,8,22,2005,76.9
Middle East,Turkey,,Istanbul,8,23,2005,77.4
Middle East,Turkey,,Istanbul,8,24,2005,76.9
Middle East,Turkey,,Istanbul,8,25,2005,77.0
Middle East,Turkey,,Istanbul,8,26,2005,78.1
Middle East,Turkey,,Istanbul,8,27,2005,77.5
Middle East,Turkey,,Istanbul,8,28,2005,78.2
Middle East,Turkey,,Istanbul,8,29,2005,79.1
Middle East,Turkey,,Istanbul,8,30,2005,79.3
Middle East,Turkey,,Istanbul,8,31,2005,79.2
Middle East,Turkey,,Istanbul,9,1,2005,77.7
Middle East,Turkey,,Istanbul,9,2,2005,74.9
Middle East,Turkey,,Istanbul,9,3,2005,66.9
Middle East,Turkey,,Istanbul,9,4,2005,66.8
Middle East,Turkey,,Istanbul,9,5,2005,69.8
Middle East,Turkey,,Istanbul,9,6,2005,72.8
Middle East,Turkey,,Istanbul,9,7,2005,73.3
Middle East,Turkey,,Istanbul,9,8,2005,73.7
Middle East,Turkey,,Istanbul,9,9,2005,73.7
Middle East,Turkey,,Istanbul,9,10,2005,71.7
Middle East,Turkey,,Istanbul,9,11,2005,71.9
Middle East,Turkey,,Istanbul,9,12,2005,74.3
Middle East,Turkey,,Istanbul,9,13,2005,73.8
Middle East,Turkey,,Istanbul,9,14,2005,74.6
Middle East,Turkey,,Istanbul,9,15,2005,74.9
Middle East,Turkey,,Istanbul,9,16,2005,72.3
Middle East,Turkey,,Istanbul,9,17,2005,72.3
Middle East,Turkey,,Istanbul,9,18,2005,74.3
Middle East,Turkey,,Istanbul,9,19,2005,76.7
Middle East,Turkey,,Istanbul,9,20,2005,71.7
Middle East,Turkey,,Istanbul,9,21,2005,69.7
Middle East,Turkey,,Istanbul,9,22,2005,66.0
Middle East,Turkey,,Istanbul,9,23,2005,66.2
Middle East,Turkey,,Istanbul,9,24,2005,66.3
Middle East,Turkey,,Istanbul,9,25,2005,65.9
Middle East,Turkey,,Istanbul,9,26,2005,66.3
Middle East,Turkey,,Istanbul,9,27,2005,66.5
Middle East,Turkey,,Istanbul,9,28,2005,65.6
Middle East,Turkey,,Istanbul,9,29,2005,63.4
Middle East,Turkey,,Istanbul,9,30,2005,66.1
Middle East,Turkey,,Istanbul,10,1,2005,69.8
Middle East,Turkey,,Istanbul,10,2,2005,66.6
Middle East,Turkey,,Istanbul,10,3,2005,65.3
Middle East,Turkey,,Istanbul,10,4,2005,66.8
Middle East,Turkey,,Istanbul,10,5,2005,67.7
Middle East,Turkey,,Istanbul,10,6,2005,67.0
Middle East,Turkey,,Istanbul,10,7,2005,63.8
Middle East,Turkey,,Istanbul,10,8,2005,64.6
Middle East,Turkey,,Istanbul,10,9,2005,65.4
Middle East,Turkey,,Istanbul,10,10,2005,64.1
Middle East,Turkey,,Istanbul,10,11,2005,63.0
Middle East,Turkey,,Istanbul,10,12,2005,61.5
Middle East,Turkey,,Istanbul,10,13,2005,60.7
Middle East,Turkey,,Istanbul,10,14,2005,60.7
Middle East,Turkey,,Istanbul,10,15,2005,58.2
Middle East,Turkey,,Istanbul,10,16,2005,57.8
Middle East,Turkey,,Istanbul,10,17,2005,52.8
Middle East,Turkey,,Istanbul,10,18,2005,51.8
Middle East,Turkey,,Istanbul,10,19,2005,51.1
Middle East,Turkey,,Istanbul,10,20,2005,53.3
Middle East,Turkey,,Istanbul,10,21,2005,53.7
Middle East,Turkey,,Istanbul,10,22,2005,56.1
Middle East,Turkey,,Istanbul,10,23,2005,62.4
Middle East,Turkey,,Istanbul,10,24,2005,63.2
Middle East,Turkey,,Istanbul,10,25,2005,61.9
Middle East,Turkey,,Istanbul,10,26,2005,60.1
Middle East,Turkey,,Istanbul,10,27,2005,59.6
Middle East,Turkey,,Istanbul,10,28,2005,57.4
Middle East,Turkey,,Istanbul,10,29,2005,51.2
Middle East,Turkey,,Istanbul,10,30,2005,49.1
Middle East,Turkey,,Istanbul,10,31,2005,48.1
Middle East,Turkey,,Istanbul,11,1,2005,46.5
Middle East,Turkey,,Istanbul,11,2,2005,44.6
Middle East,Turkey,,Istanbul,11,3,2005,48.4
Middle East,Turkey,,Istanbul,11,4,2005,49.9
Middle East,Turkey,,Istanbul,11,5,2005,51.6
Middle East,Turkey,,Istanbul,11,6,2005,52.2
Middle East,Turkey,,Istanbul,11,7,2005,52.0
Middle East,Turkey,,Istanbul,11,8,2005,52.7
Middle East,Turkey,,Istanbul,11,9,2005,54.3
Middle East,Turkey,,Istanbul,11,10,2005,54.7
Middle East,Turkey,,Istanbul,11,11,2005,54.2
Middle East,Turkey,,Istanbul,11,12,2005,51.3
Middle East,Turkey,,Istanbul,11,13,2005,50.3
Middle East,Turkey,,Istanbul,11,14,2005,51.3
Middle East,Turkey,,Istanbul,11,15,2005,50.1
Middle East,Turkey,,Istanbul,11,16,2005,53.7
Middle East,Turkey,,Istanbul,11,17,2005,59.0
Middle East,Turkey,,Istanbul,11,18,2005,53.6
Middle East,Turkey,,Istanbul,11,19,2005,50.7
Middle East,Turkey,,Istanbul,11,20,2005,40.5
Middle East,Turkey,,Istanbul,11,21,2005,37.9
Middle East,Turkey,,Istanbul,11,22,2005,41.3
Middle East,Turkey,,Istanbul,11,23,2005,44.7
Middle East,Turkey,,Istanbul,11,24,2005,52.6
Middle East,Turkey,,Istanbul,11,25,2005,56.0
Middle East,Turkey,,Istanbul,11,26,2005,55.1
Middle East,Turkey,,Istanbul,11,27,2005,57.5
Middle East,Turkey,,Istanbul,11,28,2005,57.8
Middle East,Turkey,,Istanbul,11,29,2005,54.3
Middle East,Turkey,,Istanbul,11,30,2005,53.0
Middle East,Turkey,,Istanbul,12,1,2005,57.1
Middle East,Turkey,,Istanbul,12,2,2005,58.4
Middle East,Turkey,,Istanbul,12,3,2005,52.4
Middle East,Turkey,,Istanbul,12,4,2005,54.7
Middle East,Turkey,,Istanbul,12,5,2005,51.8
Middle East,Turkey,,Istanbul,12,6,2005,55.7
Middle East,Turkey,,Istanbul,12,7,2005,59.1
Middle East,Turkey,,Istanbul,12,8,2005,54.0
Middle East,Turkey,,Istanbul,12,9,2005,47.8
Middle East,Turkey,,Istanbul,12,10,2005,49.5
Middle East,Turkey,,Istanbul,12,11,2005,49.2
Middle East,Turkey,,Istanbul,12,12,2005,47.1
Middle East,Turkey,,Istanbul,12,13,2005,48.6
Middle East,Turkey,,Istanbul,12,14,2005,48.7
Middle East,Turkey,,Istanbul,12,15,2005,48.6
Middle East,Turkey,,Istanbul,12,16,2005,44.2
Middle East,Turkey,,Istanbul,12,17,2005,47.7
Middle East,Turkey,,Istanbul,12,18,2005,40.6
Middle East,Turkey,,Istanbul,12,19,2005,35.1
Middle East,Turkey,,Istanbul,12,20,2005,33.1
Middle East,Turkey,,Istanbul,12,21,2005,34.5
Middle East,Turkey,,Istanbul,12,22,2005,38.0
Middle East,Turkey,,Istanbul,12,23,2005,35.7
Middle East,Turkey,,Istanbul,12,24,2005,33.6
Middle East,Turkey,,Istanbul,12,25,2005,40.2
Middle East,Turkey,,Istanbul,12,26,2005,46.5
Middle East,Turkey,,Istanbul,12,27,2005,50.7
Middle East,Turkey,,Istanbul,12,28,2005,54.1
Middle East,Turkey,,Istanbul,12,29,2005,52.7
Middle East,Turkey,,Istanbul,12,30,2005,53.0
Middle East,Turkey,,Istanbul,12,31,2005,49.6
Middle East,Turkey,,Istanbul,1,1,2006,45.7
Middle East,Turkey,,Istanbul,1,2,2006,49.9
Middle East,Turkey,,Istanbul,1,3,2006,54.1
Middle East,Turkey,,Istanbul,1,4,2006,50.3
Middle East,Turkey,,Istanbul,1,5,2006,49.1
Middle East,Turkey,,Istanbul,1,6,2006,47.8
Middle East,Turkey,,Istanbul,1,7,2006,41.3
Middle East,Turkey,,Istanbul,1,8,2006,38.5
Middle East,Turkey,,Istanbul,1,9,2006,38.3
Middle East,Turkey,,Istanbul,1,10,2006,38.7
Middle East,Turkey,,Istanbul,1,11,2006,38.7
Middle East,Turkey,,Istanbul,1,12,2006,40.3
Middle East,Turkey,,Istanbul,1,13,2006,39.3
Middle East,Turkey,,Istanbul,1,14,2006,39.6
Middle East,Turkey,,Istanbul,1,15,2006,40.6
Middle East,Turkey,,Istanbul,1,16,2006,38.7
Middle East,Turkey,,Istanbul,1,17,2006,39.0
Middle East,Turkey,,Istanbul,1,18,2006,44.4
Middle East,Turkey,,Istanbul,1,19,2006,44.5
Middle East,Turkey,,Istanbul,1,20,2006,36.4
Middle East,Turkey,,Istanbul,1,21,2006,41.3
Middle East,Turkey,,Istanbul,1,22,2006,42.9
Middle East,Turkey,,Istanbul,1,23,2006,30.8
Middle East,Turkey,,Istanbul,1,24,2006,31.4
Middle East,Turkey,,Istanbul,1,25,2006,31.8
Middle East,Turkey,,Istanbul,1,26,2006,28.2
Middle East,Turkey,,Istanbul,1,27,2006,29.7
Middle East,Turkey,,Istanbul,1,28,2006,31.7
Middle East,Turkey,,Istanbul,1,29,2006,34.6
Middle East,Turkey,,Istanbul,1,30,2006,37.5
Middle East,Turkey,,Istanbul,1,31,2006,40.3
Middle East,Turkey,,Istanbul,2,1,2006,40.8
Middle East,Turkey,,Istanbul,2,2,2006,40.6
Middle East,Turkey,,Istanbul,2,3,2006,40.4
Middle East,Turkey,,Istanbul,2,4,2006,39.6
Middle East,Turkey,,Istanbul,2,5,2006,39.1
Middle East,Turkey,,Istanbul,2,6,2006,33.2
Middle East,Turkey,,Istanbul,2,7,2006,32.2
Middle East,Turkey,,Istanbul,2,8,2006,34.9
Middle East,Turkey,,Istanbul,2,9,2006,37.9
Middle East,Turkey,,Istanbul,2,10,2006,41.7
Middle East,Turkey,,Istanbul,2,11,2006,38.1
Middle East,Turkey,,Istanbul,2,12,2006,36.2
Middle East,Turkey,,Istanbul,2,13,2006,34.6
Middle East,Turkey,,Istanbul,2,14,2006,32.9
Middle East,Turkey,,Istanbul,2,15,2006,30.0
Middle East,Turkey,,Istanbul,2,16,2006,36.2
Middle East,Turkey,,Istanbul,2,17,2006,46.0
Middle East,Turkey,,Istanbul,2,18,2006,50.4
Middle East,Turkey,,Istanbul,2,19,2006,50.4
Middle East,Turkey,,Istanbul,2,20,2006,51.5
Middle East,Turkey,,Istanbul,2,21,2006,52.6
Middle East,Turkey,,Istanbul,2,22,2006,49.8
Middle East,Turkey,,Istanbul,2,23,2006,49.6
Middle East,Turkey,,Istanbul,2,24,2006,44.8
Middle East,Turkey,,Istanbul,2,25,2006,46.5
Middle East,Turkey,,Istanbul,2,26,2006,47.6
Middle East,Turkey,,Istanbul,2,27,2006,46.8
Middle East,Turkey,,Istanbul,2,28,2006,51.3
Middle East,Turkey,,Istanbul,3,1,2006,51.0
Middle East,Turkey,,Istanbul,3,2,2006,50.2
Middle East,Turkey,,Istanbul,3,3,2006,47.8
Middle East,Turkey,,Istanbul,3,4,2006,46.2
Middle East,Turkey,,Istanbul,3,5,2006,52.7
Middle East,Turkey,,Istanbul,3,6,2006,55.5
Middle East,Turkey,,Istanbul,3,7,2006,46.5
Middle East,Turkey,,Istanbul,3,8,2006,36.4
Middle East,Turkey,,Istanbul,3,9,2006,35.3
Middle East,Turkey,,Istanbul,3,10,2006,40.5
Middle East,Turkey,,Istanbul,3,11,2006,50.7
Middle East,Turkey,,Istanbul,3,12,2006,55.3
Middle East,Turkey,,Istanbul,3,13,2006,50.5
Middle East,Turkey,,Istanbul,3,14,2006,39.9
Middle East,Turkey,,Istanbul,3,15,2006,39.2
Middle East,Turkey,,Istanbul,3,16,2006,41.1
Middle East,Turkey,,Istanbul,3,17,2006,42.9
Middle East,Turkey,,Istanbul,3,18,2006,43.2
Middle East,Turkey,,Istanbul,3,19,2006,41.1
Middle East,Turkey,,Istanbul,3,20,2006,44.9
Middle East,Turkey,,Istanbul,3,21,2006,47.8
Middle East,Turkey,,Istanbul,3,22,2006,56.2
Middle East,Turkey,,Istanbul,3,23,2006,58.7
Middle East,Turkey,,Istanbul,3,24,2006,43.6
Middle East,Turkey,,Istanbul,3,25,2006,43.3
Middle East,Turkey,,Istanbul,3,26,2006,43.6
Middle East,Turkey,,Istanbul,3,27,2006,43.8
Middle East,Turkey,,Istanbul,3,28,2006,51.0
Middle East,Turkey,,Istanbul,3,29,2006,57.1
Middle East,Turkey,,Istanbul,3,30,2006,51.5
Middle East,Turkey,,Istanbul,3,31,2006,50.1
Middle East,Turkey,,Istanbul,4,1,2006,51.1
Middle East,Turkey,,Istanbul,4,2,2006,55.4
Middle East,Turkey,,Istanbul,4,3,2006,56.6
Middle East,Turkey,,Istanbul,4,4,2006,48.7
Middle East,Turkey,,Istanbul,4,5,2006,48.0
Middle East,Turkey,,Istanbul,4,6,2006,51.9
Middle East,Turkey,,Istanbul,4,7,2006,60.7
Middle East,Turkey,,Istanbul,4,8,2006,50.6
Middle East,Turkey,,Istanbul,4,9,2006,48.0
Middle East,Turkey,,Istanbul,4,10,2006,48.8
Middle East,Turkey,,Istanbul,4,11,2006,53.8
Middle East,Turkey,,Istanbul,4,12,2006,60.0
Middle East,Turkey,,Istanbul,4,13,2006,57.7
Middle East,Turkey,,Istanbul,4,14,2006,51.7
Middle East,Turkey,,Istanbul,4,15,2006,52.8
Middle East,Turkey,,Istanbul,4,16,2006,58.7
Middle East,Turkey,,Istanbul,4,17,2006,60.5
Middle East,Turkey,,Istanbul,4,18,2006,63.1
Middle East,Turkey,,Istanbul,4,19,2006,64.0
Middle East,Turkey,,Istanbul,4,20,2006,55.3
Middle East,Turkey,,Istanbul,4,21,2006,54.2
Middle East,Turkey,,Istanbul,4,22,2006,57.7
Middle East,Turkey,,Istanbul,4,23,2006,54.0
Middle East,Turkey,,Istanbul,4,24,2006,54.4
Middle East,Turkey,,Istanbul,4,25,2006,55.4
Middle East,Turkey,,Istanbul,4,26,2006,53.7
Middle East,Turkey,,Istanbul,4,27,2006,55.3
Middle East,Turkey,,Istanbul,4,28,2006,54.9
Middle East,Turkey,,Istanbul,4,29,2006,52.0
Middle East,Turkey,,Istanbul,4,30,2006,53.9
Middle East,Turkey,,Istanbul,5,1,2006,53.6
Middle East,Turkey,,Istanbul,5,2,2006,54.3
Middle East,Turkey,,Istanbul,5,3,2006,53.8
Middle East,Turkey,,Istanbul,5,4,2006,53.5
Middle East,Turkey,,Istanbul,5,5,2006,53.4
Middle East,Turkey,,Istanbul,5,6,2006,53.6
Middle East,Turkey,,Istanbul,5,7,2006,52.5
Middle East,Turkey,,Istanbul,5,8,2006,55.9
Middle East,Turkey,,Istanbul,5,9,2006,57.6
Middle East,Turkey,,Istanbul,5,10,2006,62.0
Middle East,Turkey,,Istanbul,5,11,2006,62.4
Middle East,Turkey,,Istanbul,5,12,2006,60.6
Middle East,Turkey,,Istanbul,5,13,2006,59.2
Middle East,Turkey,,Istanbul,5,14,2006,61.7
Middle East,Turkey,,Istanbul,5,15,2006,62.0
Middle East,Turkey,,Istanbul,5,16,2006,60.9
Middle East,Turkey,,Istanbul,5,17,2006,61.6
Middle East,Turkey,,Istanbul,5,18,2006,63.6
Middle East,Turkey,,Istanbul,5,19,2006,66.1
Middle East,Turkey,,Istanbul,5,20,2006,65.4
Middle East,Turkey,,Istanbul,5,21,2006,69.2
Middle East,Turkey,,Istanbul,5,22,2006,73.4
Middle East,Turkey,,Istanbul,5,23,2006,73.2
Middle East,Turkey,,Istanbul,5,24,2006,71.6
Middle East,Turkey,,Istanbul,5,25,2006,70.5
Middle East,Turkey,,Istanbul,5,26,2006,68.6
Middle East,Turkey,,Istanbul,5,27,2006,67.8
Middle East,Turkey,,Istanbul,5,28,2006,69.3
Middle East,Turkey,,Istanbul,5,29,2006,71.7
Middle East,Turkey,,Istanbul,5,30,2006,74.7
Middle East,Turkey,,Istanbul,5,31,2006,76.0
Middle East,Turkey,,Istanbul,6,1,2006,71.0
Middle East,Turkey,,Istanbul,6,2,2006,78.3
Middle East,Turkey,,Istanbul,6,3,2006,75.5
Middle East,Turkey,,Istanbul,6,4,2006,72.4
Middle East,Turkey,,Istanbul,6,5,2006,69.8
Middle East,Turkey,,Istanbul,6,6,2006,68.3
Middle East,Turkey,,Istanbul,6,7,2006,67.6
Middle East,Turkey,,Istanbul,6,8,2006,66.6
Middle East,Turkey,,Istanbul,6,9,2006,64.7
Middle East,Turkey,,Istanbul,6,10,2006,66.1
Middle East,Turkey,,Istanbul,6,11,2006,68.8
Middle East,Turkey,,Istanbul,6,12,2006,68.7
Middle East,Turkey,,Istanbul,6,13,2006,63.0
Middle East,Turkey,,Istanbul,6,14,2006,64.0
Middle East,Turkey,,Istanbul,6,15,2006,64.0
Middle East,Turkey,,Istanbul,6,16,2006,66.3
Middle East,Turkey,,Istanbul,6,17,2006,69.8
Middle East,Turkey,,Istanbul,6,18,2006,74.2
Middle East,Turkey,,Istanbul,6,19,2006,78.1
Middle East,Turkey,,Istanbul,6,20,2006,76.6
Middle East,Turkey,,Istanbul,6,21,2006,73.8
Middle East,Turkey,,Istanbul,6,22,2006,74.2
Middle East,Turkey,,Istanbul,6,23,2006,73.4
Middle East,Turkey,,Istanbul,6,24,2006,76.2
Middle East,Turkey,,Istanbul,6,25,2006,77.3
Middle East,Turkey,,Istanbul,6,26,2006,79.1
Middle East,Turkey,,Istanbul,6,27,2006,79.8
Middle East,Turkey,,Istanbul,6,28,2006,78.9
Middle East,Turkey,,Istanbul,6,29,2006,81.2
Middle East,Turkey,,Istanbul,6,30,2006,80.1
Middle East,Turkey,,Istanbul,7,1,2006,79.9
Middle East,Turkey,,Istanbul,7,2,2006,80.0
Middle East,Turkey,,Istanbul,7,3,2006,71.3
Middle East,Turkey,,Istanbul,7,4,2006,70.3
Middle East,Turkey,,Istanbul,7,5,2006,74.2
Middle East,Turkey,,Istanbul,7,6,2006,73.7
Middle East,Turkey,,Istanbul,7,7,2006,73.9
Middle East,Turkey,,Istanbul,7,8,2006,73.4
Middle East,Turkey,,Istanbul,7,9,2006,74.4
Middle East,Turkey,,Istanbul,7,10,2006,73.3
Middle East,Turkey,,Istanbul,7,11,2006,74.4
Middle East,Turkey,,Istanbul,7,12,2006,75.3
Middle East,Turkey,,Istanbul,7,13,2006,76.4
Middle East,Turkey,,Istanbul,7,14,2006,76.6
Middle East,Turkey,,Istanbul,7,15,2006,77.4
Middle East,Turkey,,Istanbul,7,16,2006,77.1
Middle East,Turkey,,Istanbul,7,17,2006,75.2
Middle East,Turkey,,Istanbul,7,18,2006,72.0
Middle East,Turkey,,Istanbul,7,19,2006,73.6
Middle East,Turkey,,Istanbul,7,20,2006,76.6
Middle East,Turkey,,Istanbul,7,21,2006,76.9
Middle East,Turkey,,Istanbul,7,22,2006,74.8
Middle East,Turkey,,Istanbul,7,23,2006,74.7
Middle East,Turkey,,Istanbul,7,24,2006,76.2
Middle East,Turkey,,Istanbul,7,25,2006,78.4
Middle East,Turkey,,Istanbul,7,26,2006,78.1
Middle East,Turkey,,Istanbul,7,27,2006,79.4
Middle East,Turkey,,Istanbul,7,28,2006,80.3
Middle East,Turkey,,Istanbul,7,29,2006,80.9
Middle East,Turkey,,Istanbul,7,30,2006,80.1
Middle East,Turkey,,Istanbul,7,31,2006,77.6
Middle East,Turkey,,Istanbul,8,1,2006,78.6
Middle East,Turkey,,Istanbul,8,2,2006,78.0
Middle East,Turkey,,Istanbul,8,3,2006,78.6
Middle East,Turkey,,Istanbul,8,4,2006,79.9
Middle East,Turkey,,Istanbul,8,5,2006,82.7
Middle East,Turkey,,Istanbul,8,6,2006,82.5
Middle East,Turkey,,Istanbul,8,7,2006,79.7
Middle East,Turkey,,Istanbul,8,8,2006,78.7
Middle East,Turkey,,Istanbul,8,9,2006,79.6
Middle East,Turkey,,Istanbul,8,10,2006,81.1
Middle East,Turkey,,Istanbul,8,11,2006,81.3
Middle East,Turkey,,Istanbul,8,12,2006,81.0
Middle East,Turkey,,Istanbul,8,13,2006,80.3
Middle East,Turkey,,Istanbul,8,14,2006,79.5
Middle East,Turkey,,Istanbul,8,15,2006,81.1
Middle East,Turkey,,Istanbul,8,16,2006,81.1
Middle East,Turkey,,Istanbul,8,17,2006,82.7
Middle East,Turkey,,Istanbul,8,18,2006,83.7
Middle East,Turkey,,Istanbul,8,19,2006,82.0
Middle East,Turkey,,Istanbul,8,20,2006,83.8
Middle East,Turkey,,Istanbul,8,21,2006,84.9
Middle East,Turkey,,Istanbul,8,22,2006,81.9
Middle East,Turkey,,Istanbul,8,23,2006,79.4
Middle East,Turkey,,Istanbul,8,24,2006,78.5
Middle East,Turkey,,Istanbul,8,25,2006,78.9
Middle East,Turkey,,Istanbul,8,26,2006,79.2
Middle East,Turkey,,Istanbul,8,27,2006,81.1
Middle East,Turkey,,Istanbul,8,28,2006,76.4
Middle East,Turkey,,Istanbul,8,29,2006,74.0
Middle East,Turkey,,Istanbul,8,30,2006,80.4
Middle East,Turkey,,Istanbul,8,31,2006,65.5
Middle East,Turkey,,Istanbul,9,1,2006,66.5
Middle East,Turkey,,Istanbul,9,2,2006,65.0
Middle East,Turkey,,Istanbul,9,3,2006,70.6
Middle East,Turkey,,Istanbul,9,4,2006,71.8
Middle East,Turkey,,Istanbul,9,5,2006,76.3
Middle East,Turkey,,Istanbul,9,6,2006,75.3
Middle East,Turkey,,Istanbul,9,7,2006,73.0
Middle East,Turkey,,Istanbul,9,8,2006,72.7
Middle East,Turkey,,Istanbul,9,9,2006,72.2
Middle East,Turkey,,Istanbul,9,10,2006,70.8
Middle East,Turkey,,Istanbul,9,11,2006,68.0
Middle East,Turkey,,Istanbul,9,12,2006,70.2
Middle East,Turkey,,Istanbul,9,13,2006,70.7
Middle East,Turkey,,Istanbul,9,14,2006,70.7
Middle East,Turkey,,Istanbul,9,15,2006,70.3
Middle East,Turkey,,Istanbul,9,16,2006,70.6
Middle East,Turkey,,Istanbul,9,17,2006,71.8
Middle East,Turkey,,Istanbul,9,18,2006,70.1
Middle East,Turkey,,Istanbul,9,19,2006,69.4
Middle East,Turkey,,Istanbul,9,20,2006,71.2
Middle East,Turkey,,Istanbul,9,21,2006,67.9
Middle East,Turkey,,Istanbul,9,22,2006,67.0
Middle East,Turkey,,Istanbul,9,23,2006,65.7
Middle East,Turkey,,Istanbul,9,24,2006,69.0
Middle East,Turkey,,Istanbul,9,25,2006,66.7
Middle East,Turkey,,Istanbul,9,26,2006,67.5
Middle East,Turkey,,Istanbul,9,27,2006,69.9
Middle East,Turkey,,Istanbul,9,28,2006,69.9
Middle East,Turkey,,Istanbul,9,29,2006,67.4
Middle East,Turkey,,Istanbul,9,30,2006,67.1
Middle East,Turkey,,Istanbul,10,1,2006,66.3
Middle East,Turkey,,Istanbul,10,2,2006,66.2
Middle East,Turkey,,Istanbul,10,3,2006,64.9
Middle East,Turkey,,Istanbul,10,4,2006,67.6
Middle East,Turkey,,Istanbul,10,5,2006,68.7
Middle East,Turkey,,Istanbul,10,6,2006,68.5
Middle East,Turkey,,Istanbul,10,7,2006,69.5
Middle East,Turkey,,Istanbul,10,8,2006,70.1
Middle East,Turkey,,Istanbul,10,9,2006,68.1
Middle East,Turkey,,Istanbul,10,10,2006,66.5
Middle East,Turkey,,Istanbul,10,11,2006,66.5
Middle East,Turkey,,Istanbul,10,12,2006,66.2
Middle East,Turkey,,Istanbul,10,13,2006,64.1
Middle East,Turkey,,Istanbul,10,14,2006,63.2
Middle East,Turkey,,Istanbul,10,15,2006,61.7
Middle East,Turkey,,Istanbul,10,16,2006,57.5
Middle East,Turkey,,Istanbul,10,17,2006,54.3
Middle East,Turkey,,Istanbul,10,18,2006,55.2
Middle East,Turkey,,Istanbul,10,19,2006,61.0
Middle East,Turkey,,Istanbul,10,20,2006,60.7
Middle East,Turkey,,Istanbul,10,21,2006,62.0
Middle East,Turkey,,Istanbul,10,22,2006,63.9
Middle East,Turkey,,Istanbul,10,23,2006,63.0
Middle East,Turkey,,Istanbul,10,24,2006,62.0
Middle East,Turkey,,Istanbul,10,25,2006,62.7
Middle East,Turkey,,Istanbul,10,26,2006,62.2
Middle East,Turkey,,Istanbul,10,27,2006,58.0
Middle East,Turkey,,Istanbul,10,28,2006,60.4
Middle East,Turkey,,Istanbul,10,29,2006,60.0
Middle East,Turkey,,Istanbul,10,30,2006,57.7
Middle East,Turkey,,Istanbul,10,31,2006,53.8
Middle East,Turkey,,Istanbul,11,1,2006,54.5
Middle East,Turkey,,Istanbul,11,2,2006,57.4
Middle East,Turkey,,Istanbul,11,3,2006,41.1
Middle East,Turkey,,Istanbul,11,4,2006,36.8
Middle East,Turkey,,Istanbul,11,5,2006,41.6
Middle East,Turkey,,Istanbul,11,6,2006,48.4
Middle East,Turkey,,Istanbul,11,7,2006,52.5
Middle East,Turkey,,Istanbul,11,8,2006,55.1
Middle East,Turkey,,Istanbul,11,9,2006,56.0
Middle East,Turkey,,Istanbul,11,10,2006,55.9
Middle East,Turkey,,Istanbul,11,11,2006,48.7
Middle East,Turkey,,Istanbul,11,12,2006,47.7
Middle East,Turkey,,Istanbul,11,13,2006,49.2
Middle East,Turkey,,Istanbul,11,14,2006,48.0
Middle East,Turkey,,Istanbul,11,15,2006,52.1
Middle East,Turkey,,Istanbul,11,16,2006,51.9
Middle East,Turkey,,Istanbul,11,17,2006,54.3
Middle East,Turkey,,Istanbul,11,18,2006,51.4
Middle East,Turkey,,Istanbul,11,19,2006,53.2
Middle East,Turkey,,Istanbul,11,20,2006,52.5
Middle East,Turkey,,Istanbul,11,21,2006,51.5
Middle East,Turkey,,Istanbul,11,22,2006,53.6
Middle East,Turkey,,Istanbul,11,23,2006,58.7
Middle East,Turkey,,Istanbul,11,24,2006,60.5
Middle East,Turkey,,Istanbul,11,25,2006,54.6
Middle East,Turkey,,Istanbul,11,26,2006,51.4
Middle East,Turkey,,Istanbul,11,27,2006,51.2
Middle East,Turkey,,Istanbul,11,28,2006,51.0
Middle East,Turkey,,Istanbul,11,29,2006,52.7
Middle East,Turkey,,Istanbul,11,30,2006,52.0
Middle East,Turkey,,Istanbul,12,1,2006,51.1
Middle East,Turkey,,Istanbul,12,2,2006,51.5
Middle East,Turkey,,Istanbul,12,3,2006,48.6
Middle East,Turkey,,Istanbul,12,4,2006,48.7
Middle East,Turkey,,Istanbul,12,5,2006,48.0
Middle East,Turkey,,Istanbul,12,6,2006,48.1
Middle East,Turkey,,Istanbul,12,7,2006,49.0
Middle East,Turkey,,Istanbul,12,8,2006,48.2
Middle East,Turkey,,Istanbul,12,9,2006,48.9
Middle East,Turkey,,Istanbul,12,10,2006,50.6
Middle East,Turkey,,Istanbul,12,11,2006,51.1
Middle East,Turkey,,Istanbul,12,12,2006,51.4
Middle East,Turkey,,Istanbul,12,13,2006,50.8
Middle East,Turkey,,Istanbul,12,14,2006,46.8
Middle East,Turkey,,Istanbul,12,15,2006,45.3
Middle East,Turkey,,Istanbul,12,16,2006,47.8
Middle East,Turkey,,Istanbul,12,17,2006,51.8
Middle East,Turkey,,Istanbul,12,18,2006,51.5
Middle East,Turkey,,Istanbul,12,19,2006,52.3
Middle East,Turkey,,Istanbul,12,20,2006,50.2
Middle East,Turkey,,Istanbul,12,21,2006,44.9
Middle East,Turkey,,Istanbul,12,22,2006,43.1
Middle East,Turkey,,Istanbul,12,23,2006,42.6
Middle East,Turkey,,Istanbul,12,24,2006,44.5
Middle East,Turkey,,Istanbul,12,25,2006,42.7
Middle East,Turkey,,Istanbul,12,26,2006,34.8
Middle East,Turkey,,Istanbul,12,27,2006,33.0
Middle East,Turkey,,Istanbul,12,28,2006,37.1
Middle East,Turkey,,Istanbul,12,29,2006,43.8
Middle East,Turkey,,Istanbul,12,30,2006,41.8
Middle East,Turkey,,Istanbul,12,31,2006,42.2
Middle East,Turkey,,Istanbul,1,1,2007,46.1
Middle East,Turkey,,Istanbul,1,2,2007,51.1
Middle East,Turkey,,Istanbul,1,3,2007,50.7
Middle East,Turkey,,Istanbul,1,4,2007,44.6
Middle East,Turkey,,Istanbul,1,5,2007,41.9
Middle East,Turkey,,Istanbul,1,6,2007,42.9
Middle East,Turkey,,Istanbul,1,7,2007,45.1
Middle East,Turkey,,Istanbul,1,8,2007,47.8
Middle East,Turkey,,Istanbul,1,9,2007,48.2
Middle East,Turkey,,Istanbul,1,10,2007,44.5
Middle East,Turkey,,Istanbul,1,11,2007,43.0
Middle East,Turkey,,Istanbul,1,12,2007,47.8
Middle East,Turkey,,Istanbul,1,13,2007,47.9
Middle East,Turkey,,Istanbul,1,14,2007,47.8
Middle East,Turkey,,Istanbul,1,15,2007,47.6
Middle East,Turkey,,Istanbul,1,16,2007,43.1
Middle East,Turkey,,Istanbul,1,17,2007,47.6
Middle East,Turkey,,Istanbul,1,18,2007,48.0
Middle East,Turkey,,Istanbul,1,19,2007,51.5
Middle East,Turkey,,Istanbul,1,20,2007,48.4
Middle East,Turkey,,Istanbul,1,21,2007,49.3
Middle East,Turkey,,Istanbul,1,22,2007,51.7
Middle East,Turkey,,Istanbul,1,23,2007,53.3
Middle East,Turkey,,Istanbul,1,24,2007,56.8
Middle East,Turkey,,Istanbul,1,25,2007,56.0
Middle East,Turkey,,Istanbul,1,26,2007,55.2
Middle East,Turkey,,Istanbul,1,27,2007,47.6
Middle East,Turkey,,Istanbul,1,28,2007,37.8
Middle East,Turkey,,Istanbul,1,29,2007,43.4
Middle East,Turkey,,Istanbul,1,30,2007,40.3
Middle East,Turkey,,Istanbul,1,31,2007,41.7
Middle East,Turkey,,Istanbul,2,1,2007,48.4
Middle East,Turkey,,Istanbul,2,2,2007,43.7
Middle East,Turkey,,Istanbul,2,3,2007,35.7
Middle East,Turkey,,Istanbul,2,4,2007,36.2
Middle East,Turkey,,Istanbul,2,5,2007,36.9
Middle East,Turkey,,Istanbul,2,6,2007,39.0
Middle East,Turkey,,Istanbul,2,7,2007,46.3
Middle East,Turkey,,Istanbul,2,8,2007,52.4
Middle East,Turkey,,Istanbul,2,9,2007,52.2
Middle East,Turkey,,Istanbul,2,10,2007,51.7
Middle East,Turkey,,Istanbul,2,11,2007,53.5
Middle East,Turkey,,Istanbul,2,12,2007,52.3
Middle East,Turkey,,Istanbul,2,13,2007,54.5
Middle East,Turkey,,Istanbul,2,14,2007,51.4
Middle East,Turkey,,Istanbul,2,15,2007,48.8
Middle East,Turkey,,Istanbul,2,16,2007,48.4
Middle East,Turkey,,Istanbul,2,17,2007,45.8
Middle East,Turkey,,Istanbul,2,18,2007,43.2
Middle East,Turkey,,Istanbul,2,19,2007,43.2
Middle East,Turkey,,Istanbul,2,20,2007,47.8
Middle East,Turkey,,Istanbul,2,21,2007,48.4
Middle East,Turkey,,Istanbul,2,22,2007,49.9
Middle East,Turkey,,Istanbul,2,23,2007,44.9
Middle East,Turkey,,Istanbul,2,24,2007,38.6
Middle East,Turkey,,Istanbul,2,25,2007,41.4
Middle East,Turkey,,Istanbul,2,26,2007,41.4
Middle East,Turkey,,Istanbul,2,27,2007,46.8
Middle East,Turkey,,Istanbul,2,28,2007,42.9
Middle East,Turkey,,Istanbul,3,1,2007,46.7
Middle East,Turkey,,Istanbul,3,2,2007,52.8
Middle East,Turkey,,Istanbul,3,3,2007,52.1
Middle East,Turkey,,Istanbul,3,4,2007,51.3
Middle East,Turkey,,Istanbul,3,5,2007,46.1
Middle East,Turkey,,Istanbul,3,6,2007,46.9
Middle East,Turkey,,Istanbul,3,7,2007,47.1
Middle East,Turkey,,Istanbul,3,8,2007,46.2
Middle East,Turkey,,Istanbul,3,9,2007,46.6
Middle East,Turkey,,Istanbul,3,10,2007,45.8
Middle East,Turkey,,Istanbul,3,11,2007,46.0
Middle East,Turkey,,Istanbul,3,12,2007,48.2
Middle East,Turkey,,Istanbul,3,13,2007,44.1
Middle East,Turkey,,Istanbul,3,14,2007,42.2
Middle East,Turkey,,Istanbul,3,15,2007,45.4
Middle East,Turkey,,Istanbul,3,16,2007,44.7
Middle East,Turkey,,Istanbul,3,17,2007,45.3
Middle East,Turkey,,Istanbul,3,18,2007,52.3
Middle East,Turkey,,Istanbul,3,19,2007,56.3
Middle East,Turkey,,Istanbul,3,20,2007,58.8
Middle East,Turkey,,Istanbul,3,21,2007,61.4
Middle East,Turkey,,Istanbul,3,22,2007,56.7
Middle East,Turkey,,Istanbul,3,23,2007,55.1
Middle East,Turkey,,Istanbul,3,24,2007,51.3
Middle East,Turkey,,Istanbul,3,25,2007,49.6
Middle East,Turkey,,Istanbul,3,26,2007,47.2
Middle East,Turkey,,Istanbul,3,27,2007,45.0
Middle East,Turkey,,Istanbul,3,28,2007,45.6
Middle East,Turkey,,Istanbul,3,29,2007,46.8
Middle East,Turkey,,Istanbul,3,30,2007,50.5
Middle East,Turkey,,Istanbul,3,31,2007,49.1
Middle East,Turkey,,Istanbul,4,1,2007,47.7
Middle East,Turkey,,Istanbul,4,2,2007,50.4
Middle East,Turkey,,Istanbul,4,3,2007,49.0
Middle East,Turkey,,Istanbul,4,4,2007,55.2
Middle East,Turkey,,Istanbul,4,5,2007,55.0
Middle East,Turkey,,Istanbul,4,6,2007,52.2
Middle East,Turkey,,Istanbul,4,7,2007,52.7
Middle East,Turkey,,Istanbul,4,8,2007,54.7
Middle East,Turkey,,Istanbul,4,9,2007,52.4
Middle East,Turkey,,Istanbul,4,10,2007,53.5
Middle East,Turkey,,Istanbul,4,11,2007,51.9
Middle East,Turkey,,Istanbul,4,12,2007,53.8
Middle East,Turkey,,Istanbul,4,13,2007,52.8
Middle East,Turkey,,Istanbul,4,14,2007,54.1
Middle East,Turkey,,Istanbul,4,15,2007,53.8
Middle East,Turkey,,Istanbul,4,16,2007,49.4
Middle East,Turkey,,Istanbul,4,17,2007,49.9
Middle East,Turkey,,Istanbul,4,18,2007,48.5
Middle East,Turkey,,Istanbul,4,19,2007,52.4
Middle East,Turkey,,Istanbul,4,20,2007,52.7
Middle East,Turkey,,Istanbul,4,21,2007,57.1
Middle East,Turkey,,Istanbul,4,22,2007,57.7
Middle East,Turkey,,Istanbul,4,23,2007,55.6
Middle East,Turkey,,Istanbul,4,24,2007,54.3
Middle East,Turkey,,Istanbul,4,25,2007,55.1
Middle East,Turkey,,Istanbul,4,26,2007,54.4
Middle East,Turkey,,Istanbul,4,27,2007,55.7
Middle East,Turkey,,Istanbul,4,28,2007,56.2
Middle East,Turkey,,Istanbul,4,29,2007,55.1
Middle East,Turkey,,Istanbul,4,30,2007,58.5
Middle East,Turkey,,Istanbul,5,1,2007,61.3
Middle East,Turkey,,Istanbul,5,2,2007,55.6
Middle East,Turkey,,Istanbul,5,3,2007,56.2
Middle East,Turkey,,Istanbul,5,4,2007,59.8
Middle East,Turkey,,Istanbul,5,5,2007,61.5
Middle East,Turkey,,Istanbul,5,6,2007,67.0
Middle East,Turkey,,Istanbul,5,7,2007,67.9
Middle East,Turkey,,Istanbul,5,8,2007,66.8
Middle East,Turkey,,Istanbul,5,9,2007,65.3
Middle East,Turkey,,Istanbul,5,10,2007,67.5
Middle East,Turkey,,Istanbul,5,11,2007,66.9
Middle East,Turkey,,Istanbul,5,12,2007,64.3
Middle East,Turkey,,Istanbul,5,13,2007,62.8
Middle East,Turkey,,Istanbul,5,14,2007,65.2
Middle East,Turkey,,Istanbul,5,15,2007,65.4
Middle East,Turkey,,Istanbul,5,16,2007,62.8
Middle East,Turkey,,Istanbul,5,17,2007,71.3
Middle East,Turkey,,Istanbul,5,18,2007,71.4
Middle East,Turkey,,Istanbul,5,19,2007,69.0
Middle East,Turkey,,Istanbul,5,20,2007,69.1
Middle East,Turkey,,Istanbul,5,21,2007,65.6
Middle East,Turkey,,Istanbul,5,22,2007,67.2
Middle East,Turkey,,Istanbul,5,23,2007,65.6
Middle East,Turkey,,Istanbul,5,24,2007,68.4
Middle East,Turkey,,Istanbul,5,25,2007,69.5
Middle East,Turkey,,Istanbul,5,26,2007,71.9
Middle East,Turkey,,Istanbul,5,27,2007,70.8
Middle East,Turkey,,Istanbul,5,28,2007,74.4
Middle East,Turkey,,Istanbul,5,29,2007,72.2
Middle East,Turkey,,Istanbul,5,30,2007,74.4
Middle East,Turkey,,Istanbul,5,31,2007,70.9
Middle East,Turkey,,Istanbul,6,1,2007,70.7
Middle East,Turkey,,Istanbul,6,2,2007,73.1
Middle East,Turkey,,Istanbul,6,3,2007,75.1
Middle East,Turkey,,Istanbul,6,4,2007,74.0
Middle East,Turkey,,Istanbul,6,5,2007,73.8
Middle East,Turkey,,Istanbul,6,6,2007,71.8
Middle East,Turkey,,Istanbul,6,7,2007,68.6
Middle East,Turkey,,Istanbul,6,8,2007,70.1
Middle East,Turkey,,Istanbul,6,9,2007,71.4
Middle East,Turkey,,Istanbul,6,10,2007,72.3
Middle East,Turkey,,Istanbul,6,11,2007,72.1
Middle East,Turkey,,Istanbul,6,12,2007,72.8
Middle East,Turkey,,Istanbul,6,13,2007,77.2
Middle East,Turkey,,Istanbul,6,14,2007,78.0
Middle East,Turkey,,Istanbul,6,15,2007,75.3
Middle East,Turkey,,Istanbul,6,16,2007,75.3
Middle East,Turkey,,Istanbul,6,17,2007,76.1
Middle East,Turkey,,Istanbul,6,18,2007,78.2
Middle East,Turkey,,Istanbul,6,19,2007,77.3
Middle East,Turkey,,Istanbul,6,20,2007,77.8
Middle East,Turkey,,Istanbul,6,21,2007,79.6
Middle East,Turkey,,Istanbul,6,22,2007,77.9
Middle East,Turkey,,Istanbul,6,23,2007,81.7
Middle East,Turkey,,Istanbul,6,24,2007,84.4
Middle East,Turkey,,Istanbul,6,25,2007,81.4
Middle East,Turkey,,Istanbul,6,26,2007,84.3
Middle East,Turkey,,Istanbul,6,27,2007,86.6
Middle East,Turkey,,Istanbul,6,28,2007,84.1
Middle East,Turkey,,Istanbul,6,29,2007,78.9
Middle East,Turkey,,Istanbul,6,30,2007,76.5
Middle East,Turkey,,Istanbul,7,1,2007,76.1
Middle East,Turkey,,Istanbul,7,2,2007,76.8
Middle East,Turkey,,Istanbul,7,3,2007,77.2
Middle East,Turkey,,Istanbul,7,4,2007,76.2
Middle East,Turkey,,Istanbul,7,5,2007,79.5
Middle East,Turkey,,Istanbul,7,6,2007,71.8
Middle East,Turkey,,Istanbul,7,7,2007,74.0
Middle East,Turkey,,Istanbul,7,8,2007,78.5
Middle East,Turkey,,Istanbul,7,9,2007,80.1
Middle East,Turkey,,Istanbul,7,10,2007,80.6
Middle East,Turkey,,Istanbul,7,11,2007,79.0
Middle East,Turkey,,Istanbul,7,12,2007,77.1
Middle East,Turkey,,Istanbul,7,13,2007,73.2
Middle East,Turkey,,Istanbul,7,14,2007,73.1
Middle East,Turkey,,Istanbul,7,15,2007,75.9
Middle East,Turkey,,Istanbul,7,16,2007,78.3
Middle East,Turkey,,Istanbul,7,17,2007,80.5
Middle East,Turkey,,Istanbul,7,18,2007,82.6
Middle East,Turkey,,Istanbul,7,19,2007,83.7
Middle East,Turkey,,Istanbul,7,20,2007,80.4
Middle East,Turkey,,Istanbul,7,21,2007,80.6
Middle East,Turkey,,Istanbul,7,22,2007,80.5
Middle East,Turkey,,Istanbul,7,23,2007,82.2
Middle East,Turkey,,Istanbul,7,24,2007,83.9
Middle East,Turkey,,Istanbul,7,25,2007,87.0
Middle East,Turkey,,Istanbul,7,26,2007,82.4
Middle East,Turkey,,Istanbul,7,27,2007,80.5
Middle East,Turkey,,Istanbul,7,28,2007,80.0
Middle East,Turkey,,Istanbul,7,29,2007,79.3
Middle East,Turkey,,Istanbul,7,30,2007,80.6
Middle East,Turkey,,Istanbul,7,31,2007,80.2
Middle East,Turkey,,Istanbul,8,1,2007,78.2
Middle East,Turkey,,Istanbul,8,2,2007,72.7
Middle East,Turkey,,Istanbul,8,3,2007,76.6
Middle East,Turkey,,Istanbul,8,4,2007,76.9
Middle East,Turkey,,Istanbul,8,5,2007,78.6
Middle East,Turkey,,Istanbul,8,6,2007,79.1
Middle East,Turkey,,Istanbul,8,7,2007,76.0
Middle East,Turkey,,Istanbul,8,8,2007,75.5
Middle East,Turkey,,Istanbul,8,9,2007,80.4
Middle East,Turkey,,Istanbul,8,10,2007,82.1
Middle East,Turkey,,Istanbul,8,11,2007,80.8
Middle East,Turkey,,Istanbul,8,12,2007,79.1
Middle East,Turkey,,Istanbul,8,13,2007,79.1
Middle East,Turkey,,Istanbul,8,14,2007,80.5
Middle East,Turkey,,Istanbul,8,15,2007,79.8
Middle East,Turkey,,Istanbul,8,16,2007,79.9
Middle East,Turkey,,Istanbul,8,17,2007,80.7
Middle East,Turkey,,Istanbul,8,18,2007,79.8
Middle East,Turkey,,Istanbul,8,19,2007,80.6
Middle East,Turkey,,Istanbul,8,20,2007,81.0
Middle East,Turkey,,Istanbul,8,21,2007,81.7
Middle East,Turkey,,Istanbul,8,22,2007,82.8
Middle East,Turkey,,Istanbul,8,23,2007,82.7
Middle East,Turkey,,Istanbul,8,24,2007,84.3
Middle East,Turkey,,Istanbul,8,25,2007,84.5
Middle East,Turkey,,Istanbul,8,26,2007,82.2
Middle East,Turkey,,Istanbul,8,27,2007,76.9
Middle East,Turkey,,Istanbul,8,28,2007,-99
Middle East,Turkey,,Istanbul,8,29,2007,79.6
Middle East,Turkey,,Istanbul,8,30,2007,79.7
Middle East,Turkey,,Istanbul,8,31,2007,81.9
Middle East,Turkey,,Istanbul,9,1,2007,82.5
Middle East,Turkey,,Istanbul,9,2,2007,77.3
Middle East,Turkey,,Istanbul,9,3,2007,78.2
Middle East,Turkey,,Istanbul,9,4,2007,78.6
Middle East,Turkey,,Istanbul,9,5,2007,79.7
Middle East,Turkey,,Istanbul,9,6,2007,75.0
Middle East,Turkey,,Istanbul,9,7,2007,71.4
Middle East,Turkey,,Istanbul,9,8,2007,64.9
Middle East,Turkey,,Istanbul,9,9,2007,65.8
Middle East,Turkey,,Istanbul,9,10,2007,69.9
Middle East,Turkey,,Istanbul,9,11,2007,73.2
Middle East,Turkey,,Istanbul,9,12,2007,69.1
Middle East,Turkey,,Istanbul,9,13,2007,67.9
Middle East,Turkey,,Istanbul,9,14,2007,68.9
Middle East,Turkey,,Istanbul,9,15,2007,69.6
Middle East,Turkey,,Istanbul,9,16,2007,69.1
Middle East,Turkey,,Istanbul,9,17,2007,68.5
Middle East,Turkey,,Istanbul,9,18,2007,69.6
Middle East,Turkey,,Istanbul,9,19,2007,71.0
Middle East,Turkey,,Istanbul,9,20,2007,72.0
Middle East,Turkey,,Istanbul,9,21,2007,66.6
Middle East,Turkey,,Istanbul,9,22,2007,64.6
Middle East,Turkey,,Istanbul,9,23,2007,65.2
Middle East,Turkey,,Istanbul,9,24,2007,63.7
Middle East,Turkey,,Istanbul,9,25,2007,66.5
Middle East,Turkey,,Istanbul,9,26,2007,69.3
Middle East,Turkey,,Istanbul,9,27,2007,73.7
Middle East,Turkey,,Istanbul,9,28,2007,72.1
Middle East,Turkey,,Istanbul,9,29,2007,71.1
Middle East,Turkey,,Istanbul,9,30,2007,69.7
Middle East,Turkey,,Istanbul,10,1,2007,68.8
Middle East,Turkey,,Istanbul,10,2,2007,69.4
Middle East,Turkey,,Istanbul,10,3,2007,69.6
Middle East,Turkey,,Istanbul,10,4,2007,68.5
Middle East,Turkey,,Istanbul,10,5,2007,68.2
Middle East,Turkey,,Istanbul,10,6,2007,65.1
Middle East,Turkey,,Istanbul,10,7,2007,69.4
Middle East,Turkey,,Istanbul,10,8,2007,70.0
Middle East,Turkey,,Istanbul,10,9,2007,70.3
Middle East,Turkey,,Istanbul,10,10,2007,70.4
Middle East,Turkey,,Istanbul,10,11,2007,70.9
Middle East,Turkey,,Istanbul,10,12,2007,69.0
Middle East,Turkey,,Istanbul,10,13,2007,63.0
Middle East,Turkey,,Istanbul,10,14,2007,52.5
Middle East,Turkey,,Istanbul,10,15,2007,52.5
Middle East,Turkey,,Istanbul,10,16,2007,55.1
Middle East,Turkey,,Istanbul,10,17,2007,60.1
Middle East,Turkey,,Istanbul,10,18,2007,62.8
Middle East,Turkey,,Istanbul,10,19,2007,63.6
Middle East,Turkey,,Istanbul,10,20,2007,62.1
Middle East,Turkey,,Istanbul,10,21,2007,61.9
Middle East,Turkey,,Istanbul,10,22,2007,64.0
Middle East,Turkey,,Istanbul,10,23,2007,64.8
Middle East,Turkey,,Istanbul,10,24,2007,61.2
Middle East,Turkey,,Istanbul,10,25,2007,61.0
Middle East,Turkey,,Istanbul,10,26,2007,60.7
Middle East,Turkey,,Istanbul,10,27,2007,59.7
Middle East,Turkey,,Istanbul,10,28,2007,61.0
Middle East,Turkey,,Istanbul,10,29,2007,60.5
Middle East,Turkey,,Istanbul,10,30,2007,58.8
Middle East,Turkey,,Istanbul,10,31,2007,60.4
Middle East,Turkey,,Istanbul,11,1,2007,65.8
Middle East,Turkey,,Istanbul,11,2,2007,58.5
Middle East,Turkey,,Istanbul,11,3,2007,56.3
Middle East,Turkey,,Istanbul,11,4,2007,56.7
Middle East,Turkey,,Istanbul,11,5,2007,54.0
Middle East,Turkey,,Istanbul,11,6,2007,49.6
Middle East,Turkey,,Istanbul,11,7,2007,47.1
Middle East,Turkey,,Istanbul,11,8,2007,48.2
Middle East,Turkey,,Istanbul,11,9,2007,52.2
Middle East,Turkey,,Istanbul,11,10,2007,53.5
Middle East,Turkey,,Istanbul,11,11,2007,50.0
Middle East,Turkey,,Istanbul,11,12,2007,57.8
Middle East,Turkey,,Istanbul,11,13,2007,45.3
Middle East,Turkey,,Istanbul,11,14,2007,49.9
Middle East,Turkey,,Istanbul,11,15,2007,62.2
Middle East,Turkey,,Istanbul,11,16,2007,57.9
Middle East,Turkey,,Istanbul,11,17,2007,58.8
Middle East,Turkey,,Istanbul,11,18,2007,57.6
Middle East,Turkey,,Istanbul,11,19,2007,53.7
Middle East,Turkey,,Istanbul,11,20,2007,47.6
Middle East,Turkey,,Istanbul,11,21,2007,48.7
Middle East,Turkey,,Istanbul,11,22,2007,48.9
Middle East,Turkey,,Istanbul,11,23,2007,48.5
Middle East,Turkey,,Istanbul,11,24,2007,48.0
Middle East,Turkey,,Istanbul,11,25,2007,51.1
Middle East,Turkey,,Istanbul,11,26,2007,58.3
Middle East,Turkey,,Istanbul,11,27,2007,44.5
Middle East,Turkey,,Istanbul,11,28,2007,41.1
Middle East,Turkey,,Istanbul,11,29,2007,42.2
Middle East,Turkey,,Istanbul,11,30,2007,48.3
Middle East,Turkey,,Istanbul,12,1,2007,47.7
Middle East,Turkey,,Istanbul,12,2,2007,45.0
Middle East,Turkey,,Istanbul,12,3,2007,49.7
Middle East,Turkey,,Istanbul,12,4,2007,56.5
Middle East,Turkey,,Istanbul,12,5,2007,45.3
Middle East,Turkey,,Istanbul,12,6,2007,45.5
Middle East,Turkey,,Istanbul,12,7,2007,45.0
Middle East,Turkey,,Istanbul,12,8,2007,50.5
Middle East,Turkey,,Istanbul,12,9,2007,53.9
Middle East,Turkey,,Istanbul,12,10,2007,54.1
Middle East,Turkey,,Istanbul,12,11,2007,54.5
Middle East,Turkey,,Istanbul,12,12,2007,49.9
Middle East,Turkey,,Istanbul,12,13,2007,42.9
Middle East,Turkey,,Istanbul,12,14,2007,41.0
Middle East,Turkey,,Istanbul,12,15,2007,45.4
Middle East,Turkey,,Istanbul,12,16,2007,46.3
Middle East,Turkey,,Istanbul,12,17,2007,38.3
Middle East,Turkey,,Istanbul,12,18,2007,37.2
Middle East,Turkey,,Istanbul,12,19,2007,37.0
Middle East,Turkey,,Istanbul,12,20,2007,37.7
Middle East,Turkey,,Istanbul,12,21,2007,38.9
Middle East,Turkey,,Istanbul,12,22,2007,40.4
Middle East,Turkey,,Istanbul,12,23,2007,41.0
Middle East,Turkey,,Istanbul,12,24,2007,41.4
Middle East,Turkey,,Istanbul,12,25,2007,44.5
Middle East,Turkey,,Istanbul,12,26,2007,41.9
Middle East,Turkey,,Istanbul,12,27,2007,45.4
Middle East,Turkey,,Istanbul,12,28,2007,44.3
Middle East,Turkey,,Istanbul,12,29,2007,41.6
Middle East,Turkey,,Istanbul,12,30,2007,42.7
Middle East,Turkey,,Istanbul,12,31,2007,43.6
Middle East,Turkey,,Istanbul,1,1,2008,44.4
Middle East,Turkey,,Istanbul,1,2,2008,44.1
Middle East,Turkey,,Istanbul,1,3,2008,32.6
Middle East,Turkey,,Istanbul,1,4,2008,30.1
Middle East,Turkey,,Istanbul,1,5,2008,29.9
Middle East,Turkey,,Istanbul,1,6,2008,37.4
Middle East,Turkey,,Istanbul,1,7,2008,41.1
Middle East,Turkey,,Istanbul,1,8,2008,39.9
Middle East,Turkey,,Istanbul,1,9,2008,40.3
Middle East,Turkey,,Istanbul,1,10,2008,40.7
Middle East,Turkey,,Istanbul,1,11,2008,39.2
Middle East,Turkey,,Istanbul,1,12,2008,37.3
Middle East,Turkey,,Istanbul,1,13,2008,37.5
Middle East,Turkey,,Istanbul,1,14,2008,40.2
Middle East,Turkey,,Istanbul,1,15,2008,42.1
Middle East,Turkey,,Istanbul,1,16,2008,43.0
Middle East,Turkey,,Istanbul,1,17,2008,47.8
Middle East,Turkey,,Istanbul,1,18,2008,48.3
Middle East,Turkey,,Istanbul,1,19,2008,45.0
Middle East,Turkey,,Istanbul,1,20,2008,42.3
Middle East,Turkey,,Istanbul,1,21,2008,44.1
Middle East,Turkey,,Istanbul,1,22,2008,46.8
Middle East,Turkey,,Istanbul,1,23,2008,45.9
Middle East,Turkey,,Istanbul,1,24,2008,40.5
Middle East,Turkey,,Istanbul,1,25,2008,41.1
Middle East,Turkey,,Istanbul,1,26,2008,40.2
Middle East,Turkey,,Istanbul,1,27,2008,43.4
Middle East,Turkey,,Istanbul,1,28,2008,40.9
Middle East,Turkey,,Istanbul,1,29,2008,36.4
Middle East,Turkey,,Istanbul,1,30,2008,37.7
Middle East,Turkey,,Istanbul,1,31,2008,37.6
Middle East,Turkey,,Istanbul,2,1,2008,42.8
Middle East,Turkey,,Istanbul,2,2,2008,47.0
Middle East,Turkey,,Istanbul,2,3,2008,48.5
Middle East,Turkey,,Istanbul,2,4,2008,45.5
Middle East,Turkey,,Istanbul,2,5,2008,42.1
Middle East,Turkey,,Istanbul,2,6,2008,42.1
Middle East,Turkey,,Istanbul,2,7,2008,44.1
Middle East,Turkey,,Istanbul,2,8,2008,44.5
Middle East,Turkey,,Istanbul,2,9,2008,42.0
Middle East,Turkey,,Istanbul,2,10,2008,44.0
Middle East,Turkey,,Istanbul,2,11,2008,40.6
Middle East,Turkey,,Istanbul,2,12,2008,41.5
Middle East,Turkey,,Istanbul,2,13,2008,35.9
Middle East,Turkey,,Istanbul,2,14,2008,37.1
Middle East,Turkey,,Istanbul,2,15,2008,40.7
Middle East,Turkey,,Istanbul,2,16,2008,33.7
Middle East,Turkey,,Istanbul,2,17,2008,31.5
Middle East,Turkey,,Istanbul,2,18,2008,29.4
Middle East,Turkey,,Istanbul,2,19,2008,36.4
Middle East,Turkey,,Istanbul,2,20,2008,44.2
Middle East,Turkey,,Istanbul,2,21,2008,47.9
Middle East,Turkey,,Istanbul,2,22,2008,48.5
Middle East,Turkey,,Istanbul,2,23,2008,47.3
Middle East,Turkey,,Istanbul,2,24,2008,48.7
Middle East,Turkey,,Istanbul,2,25,2008,44.9
Middle East,Turkey,,Istanbul,2,26,2008,46.9
Middle East,Turkey,,Istanbul,2,27,2008,52.4
Middle East,Turkey,,Istanbul,2,28,2008,54.3
Middle East,Turkey,,Istanbul,2,29,2008,50.7
Middle East,Turkey,,Istanbul,3,1,2008,49.6
Middle East,Turkey,,Istanbul,3,2,2008,50.4
Middle East,Turkey,,Istanbul,3,3,2008,53.4
Middle East,Turkey,,Istanbul,3,4,2008,57.8
Middle East,Turkey,,Istanbul,3,5,2008,56.7
Middle East,Turkey,,Istanbul,3,6,2008,48.5
Middle East,Turkey,,Istanbul,3,7,2008,47.8
Middle East,Turkey,,Istanbul,3,8,2008,50.9
Middle East,Turkey,,Istanbul,3,9,2008,53.0
Middle East,Turkey,,Istanbul,3,10,2008,51.5
Middle East,Turkey,,Istanbul,3,11,2008,53.2
Middle East,Turkey,,Istanbul,3,12,2008,56.4
Middle East,Turkey,,Istanbul,3,13,2008,52.4
Middle East,Turkey,,Istanbul,3,14,2008,47.7
Middle East,Turkey,,Istanbul,3,15,2008,52.8
Middle East,Turkey,,Istanbul,3,16,2008,55.1
Middle East,Turkey,,Istanbul,3,17,2008,57.2
Middle East,Turkey,,Istanbul,3,18,2008,54.3
Middle East,Turkey,,Istanbul,3,19,2008,52.6
Middle East,Turkey,,Istanbul,3,20,2008,46.9
Middle East,Turkey,,Istanbul,3,21,2008,47.1
Middle East,Turkey,,Istanbul,3,22,2008,54.1
Middle East,Turkey,,Istanbul,3,23,2008,56.5
Middle East,Turkey,,Istanbul,3,24,2008,61.1
Middle East,Turkey,,Istanbul,3,25,2008,51.1
Middle East,Turkey,,Istanbul,3,26,2008,48.4
Middle East,Turkey,,Istanbul,3,27,2008,51.7
Middle East,Turkey,,Istanbul,3,28,2008,50.7
Middle East,Turkey,,Istanbul,3,29,2008,48.6
Middle East,Turkey,,Istanbul,3,30,2008,47.1
Middle East,Turkey,,Istanbul,3,31,2008,47.6
Middle East,Turkey,,Istanbul,4,1,2008,47.5
Middle East,Turkey,,Istanbul,4,2,2008,52.1
Middle East,Turkey,,Istanbul,4,3,2008,54.0
Middle East,Turkey,,Istanbul,4,4,2008,52.7
Middle East,Turkey,,Istanbul,4,5,2008,56.4
Middle East,Turkey,,Istanbul,4,6,2008,54.7
Middle East,Turkey,,Istanbul,4,7,2008,51.7
Middle East,Turkey,,Istanbul,4,8,2008,55.5
Middle East,Turkey,,Istanbul,4,9,2008,55.7
Middle East,Turkey,,Istanbul,4,10,2008,57.8
Middle East,Turkey,,Istanbul,4,11,2008,60.5
Middle East,Turkey,,Istanbul,4,12,2008,64.7
Middle East,Turkey,,Istanbul,4,13,2008,69.3
Middle East,Turkey,,Istanbul,4,14,2008,61.5
Middle East,Turkey,,Istanbul,4,15,2008,59.4
Middle East,Turkey,,Istanbul,4,16,2008,58.2
Middle East,Turkey,,Istanbul,4,17,2008,57.9
Middle East,Turkey,,Istanbul,4,18,2008,60.1
Middle East,Turkey,,Istanbul,4,19,2008,60.1
Middle East,Turkey,,Istanbul,4,20,2008,67.9
Middle East,Turkey,,Istanbul,4,21,2008,68.2
Middle East,Turkey,,Istanbul,4,22,2008,72.0
Middle East,Turkey,,Istanbul,4,23,2008,64.4
Middle East,Turkey,,Istanbul,4,24,2008,55.5
Middle East,Turkey,,Istanbul,4,25,2008,52.8
Middle East,Turkey,,Istanbul,4,26,2008,51.6
Middle East,Turkey,,Istanbul,4,27,2008,53.4
Middle East,Turkey,,Istanbul,4,28,2008,52.2
Middle East,Turkey,,Istanbul,4,29,2008,56.6
Middle East,Turkey,,Istanbul,4,30,2008,60.1
Middle East,Turkey,,Istanbul,5,1,2008,60.5
Middle East,Turkey,,Istanbul,5,2,2008,61.9
Middle East,Turkey,,Istanbul,5,3,2008,60.6
Middle East,Turkey,,Istanbul,5,4,2008,56.7
Middle East,Turkey,,Istanbul,5,5,2008,57.7
Middle East,Turkey,,Istanbul,5,6,2008,57.1
Middle East,Turkey,,Istanbul,5,7,2008,58.0
Middle East,Turkey,,Istanbul,5,8,2008,57.2
Middle East,Turkey,,Istanbul,5,9,2008,54.1
Middle East,Turkey,,Istanbul,5,10,2008,55.8
Middle East,Turkey,,Istanbul,5,11,2008,56.4
Middle East,Turkey,,Istanbul,5,12,2008,58.7
Middle East,Turkey,,Istanbul,5,13,2008,60.2
Middle East,Turkey,,Istanbul,5,14,2008,61.5
Middle East,Turkey,,Istanbul,5,15,2008,62.5
Middle East,Turkey,,Istanbul,5,16,2008,63.1
Middle East,Turkey,,Istanbul,5,17,2008,65.6
Middle East,Turkey,,Istanbul,5,18,2008,68.0
Middle East,Turkey,,Istanbul,5,19,2008,71.2
Middle East,Turkey,,Istanbul,5,20,2008,73.5
Middle East,Turkey,,Istanbul,5,21,2008,76.9
Middle East,Turkey,,Istanbul,5,22,2008,73.1
Middle East,Turkey,,Istanbul,5,23,2008,69.6
Middle East,Turkey,,Istanbul,5,24,2008,70.6
Middle East,Turkey,,Istanbul,5,25,2008,68.6
Middle East,Turkey,,Istanbul,5,26,2008,69.6
Middle East,Turkey,,Istanbul,5,27,2008,70.3
Middle East,Turkey,,Istanbul,5,28,2008,72.6
Middle East,Turkey,,Istanbul,5,29,2008,65.9
Middle East,Turkey,,Istanbul,5,30,2008,66.2
Middle East,Turkey,,Istanbul,5,31,2008,67.9
Middle East,Turkey,,Istanbul,6,1,2008,68.9
Middle East,Turkey,,Istanbul,6,2,2008,67.8
Middle East,Turkey,,Istanbul,6,3,2008,65.4
Middle East,Turkey,,Istanbul,6,4,2008,66.6
Middle East,Turkey,,Istanbul,6,5,2008,69.4
Middle East,Turkey,,Istanbul,6,6,2008,69.4
Middle East,Turkey,,Istanbul,6,7,2008,67.8
Middle East,Turkey,,Istanbul,6,8,2008,67.3
Middle East,Turkey,,Istanbul,6,9,2008,69.6
Middle East,Turkey,,Istanbul,6,10,2008,70.0
Middle East,Turkey,,Istanbul,6,11,2008,69.7
Middle East,Turkey,,Istanbul,6,12,2008,73.4
Middle East,Turkey,,Istanbul,6,13,2008,76.7
Middle East,Turkey,,Istanbul,6,14,2008,75.4
Middle East,Turkey,,Istanbul,6,15,2008,73.8
Middle East,Turkey,,Istanbul,6,16,2008,72.1
Middle East,Turkey,,Istanbul,6,17,2008,74.5
Middle East,Turkey,,Istanbul,6,18,2008,78.6
Middle East,Turkey,,Istanbul,6,19,2008,80.6
Middle East,Turkey,,Istanbul,6,20,2008,76.3
Middle East,Turkey,,Istanbul,6,21,2008,75.2
Middle East,Turkey,,Istanbul,6,22,2008,76.9
Middle East,Turkey,,Istanbul,6,23,2008,79.1
Middle East,Turkey,,Istanbul,6,24,2008,81.7
Middle East,Turkey,,Istanbul,6,25,2008,82.0
Middle East,Turkey,,Istanbul,6,26,2008,80.1
Middle East,Turkey,,Istanbul,6,27,2008,79.1
Middle East,Turkey,,Istanbul,6,28,2008,79.3
Middle East,Turkey,,Istanbul,6,29,2008,78.4
Middle East,Turkey,,Istanbul,6,30,2008,77.3
Middle East,Turkey,,Istanbul,7,1,2008,78.5
Middle East,Turkey,,Istanbul,7,2,2008,79.3
Middle East,Turkey,,Istanbul,7,3,2008,77.3
Middle East,Turkey,,Istanbul,7,4,2008,77.2
Middle East,Turkey,,Istanbul,7,5,2008,77.3
Middle East,Turkey,,Istanbul,7,6,2008,77.0
Middle East,Turkey,,Istanbul,7,7,2008,78.2
Middle East,Turkey,,Istanbul,7,8,2008,77.3
Middle East,Turkey,,Istanbul,7,9,2008,79.5
Middle East,Turkey,,Istanbul,7,10,2008,76.8
Middle East,Turkey,,Istanbul,7,11,2008,77.4
Middle East,Turkey,,Istanbul,7,12,2008,75.8
Middle East,Turkey,,Istanbul,7,13,2008,77.2
Middle East,Turkey,,Istanbul,7,14,2008,78.8
Middle East,Turkey,,Istanbul,7,15,2008,79.6
Middle East,Turkey,,Istanbul,7,16,2008,69.9
Middle East,Turkey,,Istanbul,7,17,2008,72.5
Middle East,Turkey,,Istanbul,7,18,2008,76.1
Middle East,Turkey,,Istanbul,7,19,2008,78.4
Middle East,Turkey,,Istanbul,7,20,2008,79.4
Middle East,Turkey,,Istanbul,7,21,2008,80.1
Middle East,Turkey,,Istanbul,7,22,2008,79.4
Middle East,Turkey,,Istanbul,7,23,2008,79.4
Middle East,Turkey,,Istanbul,7,24,2008,75.9
Middle East,Turkey,,Istanbul,7,25,2008,75.6
Middle East,Turkey,,Istanbul,7,26,2008,75.5
Middle East,Turkey,,Istanbul,7,27,2008,75.8
Middle East,Turkey,,Istanbul,7,28,2008,74.9
Middle East,Turkey,,Istanbul,7,29,2008,75.7
Middle East,Turkey,,Istanbul,7,30,2008,77.6
Middle East,Turkey,,Istanbul,7,31,2008,78.7
Middle East,Turkey,,Istanbul,8,1,2008,77.1
Middle East,Turkey,,Istanbul,8,2,2008,77.5
Middle East,Turkey,,Istanbul,8,3,2008,76.5
Middle East,Turkey,,Istanbul,8,4,2008,78.2
Middle East,Turkey,,Istanbul,8,5,2008,78.6
Middle East,Turkey,,Istanbul,8,6,2008,78.8
Middle East,Turkey,,Istanbul,8,7,2008,78.2
Middle East,Turkey,,Istanbul,8,8,2008,76.4
Middle East,Turkey,,Istanbul,8,9,2008,77.1
Middle East,Turkey,,Istanbul,8,10,2008,76.9
Middle East,Turkey,,Istanbul,8,11,2008,78.0
Middle East,Turkey,,Istanbul,8,12,2008,78.9
Middle East,Turkey,,Istanbul,8,13,2008,79.8
Middle East,Turkey,,Istanbul,8,14,2008,82.1
Middle East,Turkey,,Istanbul,8,15,2008,81.1
Middle East,Turkey,,Istanbul,8,16,2008,79.3
Middle East,Turkey,,Istanbul,8,17,2008,82.6
Middle East,Turkey,,Istanbul,8,18,2008,-99
Middle East,Turkey,,Istanbul,8,19,2008,80.2
Middle East,Turkey,,Istanbul,8,20,2008,80.5
Middle East,Turkey,,Istanbul,8,21,2008,80.3
Middle East,Turkey,,Istanbul,8,22,2008,81.7
Middle East,Turkey,,Istanbul,8,23,2008,82.6
Middle East,Turkey,,Istanbul,8,24,2008,81.1
Middle East,Turkey,,Istanbul,8,25,2008,78.6
Middle East,Turkey,,Istanbul,8,26,2008,80.1
Middle East,Turkey,,Istanbul,8,27,2008,78.8
Middle East,Turkey,,Istanbul,8,28,2008,78.4
Middle East,Turkey,,Istanbul,8,29,2008,78.2
Middle East,Turkey,,Istanbul,8,30,2008,77.1
Middle East,Turkey,,Istanbul,8,31,2008,74.2
Middle East,Turkey,,Istanbul,9,1,2008,73.4
Middle East,Turkey,,Istanbul,9,2,2008,74.7
Middle East,Turkey,,Istanbul,9,3,2008,74.1
Middle East,Turkey,,Istanbul,9,4,2008,75.0
Middle East,Turkey,,Istanbul,9,5,2008,74.5
Middle East,Turkey,,Istanbul,9,6,2008,75.2
Middle East,Turkey,,Istanbul,9,7,2008,76.5
Middle East,Turkey,,Istanbul,9,8,2008,77.7
Middle East,Turkey,,Istanbul,9,9,2008,76.6
Middle East,Turkey,,Istanbul,9,10,2008,74.3
Middle East,Turkey,,Istanbul,9,11,2008,73.3
Middle East,Turkey,,Istanbul,9,12,2008,73.2
Middle East,Turkey,,Istanbul,9,13,2008,76.7
Middle East,Turkey,,Istanbul,9,14,2008,74.8
Middle East,Turkey,,Istanbul,9,15,2008,76.4
Middle East,Turkey,,Istanbul,9,16,2008,78.2
Middle East,Turkey,,Istanbul,9,17,2008,72.0
Middle East,Turkey,,Istanbul,9,18,2008,64.1
Middle East,Turkey,,Istanbul,9,19,2008,63.8
Middle East,Turkey,,Istanbul,9,20,2008,66.0
Middle East,Turkey,,Istanbul,9,21,2008,59.8
Middle East,Turkey,,Istanbul,9,22,2008,62.9
Middle East,Turkey,,Istanbul,9,23,2008,66.0
Middle East,Turkey,,Istanbul,9,24,2008,-99
Middle East,Turkey,,Istanbul,9,25,2008,68.1
Middle East,Turkey,,Istanbul,9,26,2008,65.4
Middle East,Turkey,,Istanbul,9,27,2008,60.1
Middle East,Turkey,,Istanbul,9,28,2008,62.0
Middle East,Turkey,,Istanbul,9,29,2008,61.0
Middle East,Turkey,,Istanbul,9,30,2008,61.1
Middle East,Turkey,,Istanbul,10,1,2008,63.8
Middle East,Turkey,,Istanbul,10,2,2008,67.5
Middle East,Turkey,,Istanbul,10,3,2008,69.6
Middle East,Turkey,,Istanbul,10,4,2008,69.1
Middle East,Turkey,,Istanbul,10,5,2008,67.7
Middle East,Turkey,,Istanbul,10,6,2008,62.3
Middle East,Turkey,,Istanbul,10,7,2008,64.5
Middle East,Turkey,,Istanbul,10,8,2008,65.6
Middle East,Turkey,,Istanbul,10,9,2008,64.4
Middle East,Turkey,,Istanbul,10,10,2008,62.9
Middle East,Turkey,,Istanbul,10,11,2008,62.5
Middle East,Turkey,,Istanbul,10,12,2008,62.5
Middle East,Turkey,,Istanbul,10,13,2008,63.5
Middle East,Turkey,,Istanbul,10,14,2008,65.6
Middle East,Turkey,,Istanbul,10,15,2008,62.8
Middle East,Turkey,,Istanbul,10,16,2008,62.4
Middle East,Turkey,,Istanbul,10,17,2008,64.7
Middle East,Turkey,,Istanbul,10,18,2008,62.5
Middle East,Turkey,,Istanbul,10,19,2008,63.3
Middle East,Turkey,,Istanbul,10,20,2008,62.5
Middle East,Turkey,,Istanbul,10,21,2008,62.2
Middle East,Turkey,,Istanbul,10,22,2008,63.5
Middle East,Turkey,,Istanbul,10,23,2008,60.7
Middle East,Turkey,,Istanbul,10,24,2008,58.3
Middle East,Turkey,,Istanbul,10,25,2008,58.5
Middle East,Turkey,,Istanbul,10,26,2008,58.3
Middle East,Turkey,,Istanbul,10,27,2008,59.0
Middle East,Turkey,,Istanbul,10,28,2008,56.7
Middle East,Turkey,,Istanbul,10,29,2008,57.3
Middle East,Turkey,,Istanbul,10,30,2008,62.0
Middle East,Turkey,,Istanbul,10,31,2008,65.1
Middle East,Turkey,,Istanbul,11,1,2008,65.3
Middle East,Turkey,,Istanbul,11,2,2008,65.4
Middle East,Turkey,,Istanbul,11,3,2008,62.9
Middle East,Turkey,,Istanbul,11,4,2008,62.3
Middle East,Turkey,,Istanbul,11,5,2008,60.4
Middle East,Turkey,,Istanbul,11,6,2008,59.8
Middle East,Turkey,,Istanbul,11,7,2008,61.4
Middle East,Turkey,,Istanbul,11,8,2008,58.8
Middle East,Turkey,,Istanbul,11,9,2008,60.5
Middle East,Turkey,,Istanbul,11,10,2008,59.0
Middle East,Turkey,,Istanbul,11,11,2008,56.2
Middle East,Turkey,,Istanbul,11,12,2008,55.3
Middle East,Turkey,,Istanbul,11,13,2008,52.4
Middle East,Turkey,,Istanbul,11,14,2008,51.7
Middle East,Turkey,,Istanbul,11,15,2008,53.7
Middle East,Turkey,,Istanbul,11,16,2008,53.1
Middle East,Turkey,,Istanbul,11,17,2008,53.6
Middle East,Turkey,,Istanbul,11,18,2008,52.9
Middle East,Turkey,,Istanbul,11,19,2008,55.5
Middle East,Turkey,,Istanbul,11,20,2008,53.2
Middle East,Turkey,,Istanbul,11,21,2008,58.4
Middle East,Turkey,,Istanbul,11,22,2008,58.1
Middle East,Turkey,,Istanbul,11,23,2008,44.5
Middle East,Turkey,,Istanbul,11,24,2008,47.1
Middle East,Turkey,,Istanbul,11,25,2008,59.4
Middle East,Turkey,,Istanbul,11,26,2008,59.1
Middle East,Turkey,,Istanbul,11,27,2008,45.8
Middle East,Turkey,,Istanbul,11,28,2008,45.9
Middle East,Turkey,,Istanbul,11,29,2008,50.4
Middle East,Turkey,,Istanbul,11,30,2008,55.4
Middle East,Turkey,,Istanbul,12,1,2008,56.1
Middle East,Turkey,,Istanbul,12,2,2008,58.7
Middle East,Turkey,,Istanbul,12,3,2008,60.6
Middle East,Turkey,,Istanbul,12,4,2008,62.0
Middle East,Turkey,,Istanbul,12,5,2008,62.3
Middle East,Turkey,,Istanbul,12,6,2008,60.1
Middle East,Turkey,,Istanbul,12,7,2008,57.4
Middle East,Turkey,,Istanbul,12,8,2008,47.2
Middle East,Turkey,,Istanbul,12,9,2008,42.9
Middle East,Turkey,,Istanbul,12,10,2008,45.0
Middle East,Turkey,,Istanbul,12,11,2008,49.3
Middle East,Turkey,,Istanbul,12,12,2008,50.2
Middle East,Turkey,,Istanbul,12,13,2008,52.7
Middle East,Turkey,,Istanbul,12,14,2008,52.0
Middle East,Turkey,,Istanbul,12,15,2008,52.6
Middle East,Turkey,,Istanbul,12,16,2008,51.4
Middle East,Turkey,,Istanbul,12,17,2008,51.3
Middle East,Turkey,,Istanbul,12,18,2008,54.9
Middle East,Turkey,,Istanbul,12,19,2008,54.5
Middle East,Turkey,,Istanbul,12,20,2008,50.2
Middle East,Turkey,,Istanbul,12,21,2008,45.9
Middle East,Turkey,,Istanbul,12,22,2008,45.5
Middle East,Turkey,,Istanbul,12,23,2008,43.8
Middle East,Turkey,,Istanbul,12,24,2008,38.5
Middle East,Turkey,,Istanbul,12,25,2008,37.9
Middle East,Turkey,,Istanbul,12,26,2008,38.5
Middle East,Turkey,,Istanbul,12,27,2008,37.5
Middle East,Turkey,,Istanbul,12,28,2008,40.6
Middle East,Turkey,,Istanbul,12,29,2008,36.1
Middle East,Turkey,,Istanbul,12,30,2008,36.1
Middle East,Turkey,,Istanbul,12,31,2008,36.6
Middle East,Turkey,,Istanbul,1,1,2009,38.4
Middle East,Turkey,,Istanbul,1,2,2009,41.7
Middle East,Turkey,,Istanbul,1,3,2009,38.5
Middle East,Turkey,,Istanbul,1,4,2009,41.4
Middle East,Turkey,,Istanbul,1,5,2009,42.0
Middle East,Turkey,,Istanbul,1,6,2009,42.9
Middle East,Turkey,,Istanbul,1,7,2009,43.5
Middle East,Turkey,,Istanbul,1,8,2009,42.0
Middle East,Turkey,,Istanbul,1,9,2009,37.1
Middle East,Turkey,,Istanbul,1,10,2009,34.4
Middle East,Turkey,,Istanbul,1,11,2009,38.5
Middle East,Turkey,,Istanbul,1,12,2009,41.2
Middle East,Turkey,,Istanbul,1,13,2009,41.9
Middle East,Turkey,,Istanbul,1,14,2009,46.2
Middle East,Turkey,,Istanbul,1,15,2009,52.0
Middle East,Turkey,,Istanbul,1,16,2009,50.0
Middle East,Turkey,,Istanbul,1,17,2009,40.0
Middle East,Turkey,,Istanbul,1,18,2009,41.3
Middle East,Turkey,,Istanbul,1,19,2009,47.1
Middle East,Turkey,,Istanbul,1,20,2009,51.4
Middle East,Turkey,,Istanbul,1,21,2009,53.2
Middle East,Turkey,,Istanbul,1,22,2009,53.7
Middle East,Turkey,,Istanbul,1,23,2009,53.5
Middle East,Turkey,,Istanbul,1,24,2009,52.2
Middle East,Turkey,,Istanbul,1,25,2009,54.4
Middle East,Turkey,,Istanbul,1,26,2009,51.7
Middle East,Turkey,,Istanbul,1,27,2009,52.8
Middle East,Turkey,,Istanbul,1,28,2009,52.8
Middle East,Turkey,,Istanbul,1,29,2009,47.8
Middle East,Turkey,,Istanbul,1,30,2009,41.4
Middle East,Turkey,,Istanbul,1,31,2009,40.6
Middle East,Turkey,,Istanbul,2,1,2009,42.9
Middle East,Turkey,,Istanbul,2,2,2009,45.4
Middle East,Turkey,,Istanbul,2,3,2009,48.0
Middle East,Turkey,,Istanbul,2,4,2009,55.0
Middle East,Turkey,,Istanbul,2,5,2009,53.8
Middle East,Turkey,,Istanbul,2,6,2009,52.3
Middle East,Turkey,,Istanbul,2,7,2009,52.9
Middle East,Turkey,,Istanbul,2,8,2009,53.2
Middle East,Turkey,,Istanbul,2,9,2009,50.9
Middle East,Turkey,,Istanbul,2,10,2009,42.1
Middle East,Turkey,,Istanbul,2,11,2009,49.8
Middle East,Turkey,,Istanbul,2,12,2009,48.9
Middle East,Turkey,,Istanbul,2,13,2009,45.6
Middle East,Turkey,,Istanbul,2,14,2009,40.9
Middle East,Turkey,,Istanbul,2,15,2009,38.2
Middle East,Turkey,,Istanbul,2,16,2009,38.0
Middle East,Turkey,,Istanbul,2,17,2009,39.0
Middle East,Turkey,,Istanbul,2,18,2009,47.7
Middle East,Turkey,,Istanbul,2,19,2009,49.3
Middle East,Turkey,,Istanbul,2,20,2009,42.4
Middle East,Turkey,,Istanbul,2,21,2009,38.2
Middle East,Turkey,,Istanbul,2,22,2009,38.2
Middle East,Turkey,,Istanbul,2,23,2009,37.9
Middle East,Turkey,,Istanbul,2,24,2009,40.8
Middle East,Turkey,,Istanbul,2,25,2009,40.8
Middle East,Turkey,,Istanbul,2,26,2009,39.1
Middle East,Turkey,,Istanbul,2,27,2009,38.6
Middle East,Turkey,,Istanbul,2,28,2009,40.5
Middle East,Turkey,,Istanbul,3,1,2009,44.8
Middle East,Turkey,,Istanbul,3,2,2009,46.8
Middle East,Turkey,,Istanbul,3,3,2009,44.4
Middle East,Turkey,,Istanbul,3,4,2009,47.3
Middle East,Turkey,,Istanbul,3,5,2009,53.3
Middle East,Turkey,,Istanbul,3,6,2009,57.9
Middle East,Turkey,,Istanbul,3,7,2009,50.6
Middle East,Turkey,,Istanbul,3,8,2009,49.5
Middle East,Turkey,,Istanbul,3,9,2009,48.5
Middle East,Turkey,,Istanbul,3,10,2009,48.2
Middle East,Turkey,,Istanbul,3,11,2009,44.3
Middle East,Turkey,,Istanbul,3,12,2009,44.5
Middle East,Turkey,,Istanbul,3,13,2009,42.5
Middle East,Turkey,,Istanbul,3,14,2009,43.0
Middle East,Turkey,,Istanbul,3,15,2009,43.4
Middle East,Turkey,,Istanbul,3,16,2009,46.3
Middle East,Turkey,,Istanbul,3,17,2009,45.9
Middle East,Turkey,,Istanbul,3,18,2009,43.8
Middle East,Turkey,,Istanbul,3,19,2009,39.9
Middle East,Turkey,,Istanbul,3,20,2009,43.5
Middle East,Turkey,,Istanbul,3,21,2009,47.1
Middle East,Turkey,,Istanbul,3,22,2009,47.1
Middle East,Turkey,,Istanbul,3,23,2009,44.0
Middle East,Turkey,,Istanbul,3,24,2009,49.7
Middle East,Turkey,,Istanbul,3,25,2009,52.8
Middle East,Turkey,,Istanbul,3,26,2009,42.3
Middle East,Turkey,,Istanbul,3,27,2009,42.7
Middle East,Turkey,,Istanbul,3,28,2009,45.6
Middle East,Turkey,,Istanbul,3,29,2009,50.5
Middle East,Turkey,,Istanbul,3,30,2009,56.1
Middle East,Turkey,,Istanbul,3,31,2009,58.6
Middle East,Turkey,,Istanbul,4,1,2009,54.1
Middle East,Turkey,,Istanbul,4,2,2009,52.0
Middle East,Turkey,,Istanbul,4,3,2009,51.9
Middle East,Turkey,,Istanbul,4,4,2009,50.8
Middle East,Turkey,,Istanbul,4,5,2009,51.0
Middle East,Turkey,,Istanbul,4,6,2009,49.8
Middle East,Turkey,,Istanbul,4,7,2009,50.8
Middle East,Turkey,,Istanbul,4,8,2009,52.1
Middle East,Turkey,,Istanbul,4,9,2009,-99
Middle East,Turkey,,Istanbul,4,10,2009,55.6
Middle East,Turkey,,Istanbul,4,11,2009,52.9
Middle East,Turkey,,Istanbul,4,12,2009,49.9
Middle East,Turkey,,Istanbul,4,13,2009,52.1
Middle East,Turkey,,Istanbul,4,14,2009,56.0
Middle East,Turkey,,Istanbul,4,15,2009,53.3
Middle East,Turkey,,Istanbul,4,16,2009,53.8
Middle East,Turkey,,Istanbul,4,17,2009,56.5
Middle East,Turkey,,Istanbul,4,18,2009,58.3
Middle East,Turkey,,Istanbul,4,19,2009,60.3
Middle East,Turkey,,Istanbul,4,20,2009,62.4
Middle East,Turkey,,Istanbul,4,21,2009,60.4
Middle East,Turkey,,Istanbul,4,22,2009,53.7
Middle East,Turkey,,Istanbul,4,23,2009,49.3
Middle East,Turkey,,Istanbul,4,24,2009,50.4
Middle East,Turkey,,Istanbul,4,25,2009,50.7
Middle East,Turkey,,Istanbul,4,26,2009,51.6
Middle East,Turkey,,Istanbul,4,27,2009,48.9
Middle East,Turkey,,Istanbul,4,28,2009,51.6
Middle East,Turkey,,Istanbul,4,29,2009,54.4
Middle East,Turkey,,Istanbul,4,30,2009,56.8
Middle East,Turkey,,Istanbul,5,1,2009,58.9
Middle East,Turkey,,Istanbul,5,2,2009,54.6
Middle East,Turkey,,Istanbul,5,3,2009,57.2
Middle East,Turkey,,Istanbul,5,4,2009,57.1
Middle East,Turkey,,Istanbul,5,5,2009,57.0
Middle East,Turkey,,Istanbul,5,6,2009,56.7
Middle East,Turkey,,Istanbul,5,7,2009,59.0
Middle East,Turkey,,Istanbul,5,8,2009,61.2
Middle East,Turkey,,Istanbul,5,9,2009,62.3
Middle East,Turkey,,Istanbul,5,10,2009,64.8
Middle East,Turkey,,Istanbul,5,11,2009,65.6
Middle East,Turkey,,Istanbul,5,12,2009,64.2
Middle East,Turkey,,Istanbul,5,13,2009,65.5
Middle East,Turkey,,Istanbul,5,14,2009,66.9
Middle East,Turkey,,Istanbul,5,15,2009,73.5
Middle East,Turkey,,Istanbul,5,16,2009,73.3
Middle East,Turkey,,Istanbul,5,17,2009,76.5
Middle East,Turkey,,Istanbul,5,18,2009,72.0
Middle East,Turkey,,Istanbul,5,19,2009,66.2
Middle East,Turkey,,Istanbul,5,20,2009,64.0
Middle East,Turkey,,Istanbul,5,21,2009,66.2
Middle East,Turkey,,Istanbul,5,22,2009,67.2
Middle East,Turkey,,Istanbul,5,23,2009,67.1
Middle East,Turkey,,Istanbul,5,24,2009,68.7
Middle East,Turkey,,Istanbul,5,25,2009,68.2
Middle East,Turkey,,Istanbul,5,26,2009,66.4
Middle East,Turkey,,Istanbul,5,27,2009,65.7
Middle East,Turkey,,Istanbul,5,28,2009,67.5
Middle East,Turkey,,Istanbul,5,29,2009,66.9
Middle East,Turkey,,Istanbul,5,30,2009,70.7
Middle East,Turkey,,Istanbul,5,31,2009,65.7
Middle East,Turkey,,Istanbul,6,1,2009,68.2
Middle East,Turkey,,Istanbul,6,2,2009,71.6
Middle East,Turkey,,Istanbul,6,3,2009,75.9
Middle East,Turkey,,Istanbul,6,4,2009,66.2
Middle East,Turkey,,Istanbul,6,5,2009,68.4
Middle East,Turkey,,Istanbul,6,6,2009,71.6
Middle East,Turkey,,Istanbul,6,7,2009,76.8
Middle East,Turkey,,Istanbul,6,8,2009,76.9
Middle East,Turkey,,Istanbul,6,9,2009,74.1
Middle East,Turkey,,Istanbul,6,10,2009,75.6
Middle East,Turkey,,Istanbul,6,11,2009,72.6
Middle East,Turkey,,Istanbul,6,12,2009,75.1
Middle East,Turkey,,Istanbul,6,13,2009,72.9
Middle East,Turkey,,Istanbul,6,14,2009,71.2
Middle East,Turkey,,Istanbul,6,15,2009,72.2
Middle East,Turkey,,Istanbul,6,16,2009,74.0
Middle East,Turkey,,Istanbul,6,17,2009,74.2
Middle East,Turkey,,Istanbul,6,18,2009,73.2
Middle East,Turkey,,Istanbul,6,19,2009,72.0
Middle East,Turkey,,Istanbul,6,20,2009,72.7
Middle East,Turkey,,Istanbul,6,21,2009,72.5
Middle East,Turkey,,Istanbul,6,22,2009,79.9
Middle East,Turkey,,Istanbul,6,23,2009,79.2
Middle East,Turkey,,Istanbul,6,24,2009,80.7
Middle East,Turkey,,Istanbul,6,25,2009,75.9
Middle East,Turkey,,Istanbul,6,26,2009,73.6
Middle East,Turkey,,Istanbul,6,27,2009,75.7
Middle East,Turkey,,Istanbul,6,28,2009,76.6
Middle East,Turkey,,Istanbul,6,29,2009,75.9
Middle East,Turkey,,Istanbul,6,30,2009,76.7
Middle East,Turkey,,Istanbul,7,1,2009,79.7
Middle East,Turkey,,Istanbul,7,2,2009,78.6
Middle East,Turkey,,Istanbul,7,3,2009,78.6
Middle East,Turkey,,Istanbul,7,4,2009,77.9
Middle East,Turkey,,Istanbul,7,5,2009,75.4
Middle East,Turkey,,Istanbul,7,6,2009,79.4
Middle East,Turkey,,Istanbul,7,7,2009,80.5
Middle East,Turkey,,Istanbul,7,8,2009,79.9
Middle East,Turkey,,Istanbul,7,9,2009,81.2
Middle East,Turkey,,Istanbul,7,10,2009,82.2
Middle East,Turkey,,Istanbul,7,11,2009,80.7
Middle East,Turkey,,Istanbul,7,12,2009,76.1
Middle East,Turkey,,Istanbul,7,13,2009,74.4
Middle East,Turkey,,Istanbul,7,14,2009,76.0
Middle East,Turkey,,Istanbul,7,15,2009,76.7
Middle East,Turkey,,Istanbul,7,16,2009,79.5
Middle East,Turkey,,Istanbul,7,17,2009,81.9
Middle East,Turkey,,Istanbul,7,18,2009,81.0
Middle East,Turkey,,Istanbul,7,19,2009,81.2
Middle East,Turkey,,Istanbul,7,20,2009,78.0
Middle East,Turkey,,Istanbul,7,21,2009,78.4
Middle East,Turkey,,Istanbul,7,22,2009,77.7
Middle East,Turkey,,Istanbul,7,23,2009,79.6
Middle East,Turkey,,Istanbul,7,24,2009,82.1
Middle East,Turkey,,Istanbul,7,25,2009,81.4
Middle East,Turkey,,Istanbul,7,26,2009,79.0
Middle East,Turkey,,Istanbul,7,27,2009,78.3
Middle East,Turkey,,Istanbul,7,28,2009,76.8
Middle East,Turkey,,Istanbul,7,29,2009,76.8
Middle East,Turkey,,Istanbul,7,30,2009,78.0
Middle East,Turkey,,Istanbul,7,31,2009,76.0
Middle East,Turkey,,Istanbul,8,1,2009,76.7
Middle East,Turkey,,Istanbul,8,2,2009,79.7
Middle East,Turkey,,Istanbul,8,3,2009,80.6
Middle East,Turkey,,Istanbul,8,4,2009,80.8
Middle East,Turkey,,Istanbul,8,5,2009,79.9
Middle East,Turkey,,Istanbul,8,6,2009,80.9
Middle East,Turkey,,Istanbul,8,7,2009,79.5
Middle East,Turkey,,Istanbul,8,8,2009,77.2
Middle East,Turkey,,Istanbul,8,9,2009,77.0
Middle East,Turkey,,Istanbul,8,10,2009,75.6
Middle East,Turkey,,Istanbul,8,11,2009,75.0
Middle East,Turkey,,Istanbul,8,12,2009,74.6
Middle East,Turkey,,Istanbul,8,13,2009,74.7
Middle East,Turkey,,Istanbul,8,14,2009,76.4
Middle East,Turkey,,Istanbul,8,15,2009,76.7
Middle East,Turkey,,Istanbul,8,16,2009,77.9
Middle East,Turkey,,Istanbul,8,17,2009,78.0
Middle East,Turkey,,Istanbul,8,18,2009,77.2
Middle East,Turkey,,Istanbul,8,19,2009,77.9
Middle East,Turkey,,Istanbul,8,20,2009,78.8
Middle East,Turkey,,Istanbul,8,21,2009,75.7
Middle East,Turkey,,Istanbul,8,22,2009,74.3
Middle East,Turkey,,Istanbul,8,23,2009,75.0
Middle East,Turkey,,Istanbul,8,24,2009,75.6
Middle East,Turkey,,Istanbul,8,25,2009,75.1
Middle East,Turkey,,Istanbul,8,26,2009,76.3
Middle East,Turkey,,Istanbul,8,27,2009,76.1
Middle East,Turkey,,Istanbul,8,28,2009,75.9
Middle East,Turkey,,Istanbul,8,29,2009,75.6
Middle East,Turkey,,Istanbul,8,30,2009,74.4
Middle East,Turkey,,Istanbul,8,31,2009,76.1
Middle East,Turkey,,Istanbul,9,1,2009,71.2
Middle East,Turkey,,Istanbul,9,2,2009,71.3
Middle East,Turkey,,Istanbul,9,3,2009,73.5
Middle East,Turkey,,Istanbul,9,4,2009,77.8
Middle East,Turkey,,Istanbul,9,5,2009,78.7
Middle East,Turkey,,Istanbul,9,6,2009,76.4
Middle East,Turkey,,Istanbul,9,7,2009,73.3
Middle East,Turkey,,Istanbul,9,8,2009,71.4
Middle East,Turkey,,Istanbul,9,9,2009,69.1
Middle East,Turkey,,Istanbul,9,10,2009,71.2
Middle East,Turkey,,Istanbul,9,11,2009,72.6
Middle East,Turkey,,Istanbul,9,12,2009,69.7
Middle East,Turkey,,Istanbul,9,13,2009,68.3
Middle East,Turkey,,Istanbul,9,14,2009,70.4
Middle East,Turkey,,Istanbul,9,15,2009,70.2
Middle East,Turkey,,Istanbul,9,16,2009,71.2
Middle East,Turkey,,Istanbul,9,17,2009,71.8
Middle East,Turkey,,Istanbul,9,18,2009,72.0
Middle East,Turkey,,Istanbul,9,19,2009,71.0
Middle East,Turkey,,Istanbul,9,20,2009,64.7
Middle East,Turkey,,Istanbul,9,21,2009,62.5
Middle East,Turkey,,Istanbul,9,22,2009,64.2
Middle East,Turkey,,Istanbul,9,23,2009,66.1
Middle East,Turkey,,Istanbul,9,24,2009,67.6
Middle East,Turkey,,Istanbul,9,25,2009,68.8
Middle East,Turkey,,Istanbul,9,26,2009,69.5
Middle East,Turkey,,Istanbul,9,27,2009,66.4
Middle East,Turkey,,Istanbul,9,28,2009,65.3
Middle East,Turkey,,Istanbul,9,29,2009,64.2
Middle East,Turkey,,Istanbul,9,30,2009,66.0
Middle East,Turkey,,Istanbul,10,1,2009,67.0
Middle East,Turkey,,Istanbul,10,2,2009,68.3
Middle East,Turkey,,Istanbul,10,3,2009,71.3
Middle East,Turkey,,Istanbul,10,4,2009,68.7
Middle East,Turkey,,Istanbul,10,5,2009,65.3
Middle East,Turkey,,Istanbul,10,6,2009,67.5
Middle East,Turkey,,Istanbul,10,7,2009,68.8
Middle East,Turkey,,Istanbul,10,8,2009,67.8
Middle East,Turkey,,Istanbul,10,9,2009,66.4
Middle East,Turkey,,Istanbul,10,10,2009,67.6
Middle East,Turkey,,Istanbul,10,11,2009,66.3
Middle East,Turkey,,Istanbul,10,12,2009,67.7
Middle East,Turkey,,Istanbul,10,13,2009,70.0
Middle East,Turkey,,Istanbul,10,14,2009,56.1
Middle East,Turkey,,Istanbul,10,15,2009,61.1
Middle East,Turkey,,Istanbul,10,16,2009,64.1
Middle East,Turkey,,Istanbul,10,17,2009,63.2
Middle East,Turkey,,Istanbul,10,18,2009,66.4
Middle East,Turkey,,Istanbul,10,19,2009,67.7
Middle East,Turkey,,Istanbul,10,20,2009,66.3
Middle East,Turkey,,Istanbul,10,21,2009,62.7
Middle East,Turkey,,Istanbul,10,22,2009,62.0
Middle East,Turkey,,Istanbul,10,23,2009,63.6
Middle East,Turkey,,Istanbul,10,24,2009,65.8
Middle East,Turkey,,Istanbul,10,25,2009,67.8
Middle East,Turkey,,Istanbul,10,26,2009,66.8
Middle East,Turkey,,Istanbul,10,27,2009,64.0
Middle East,Turkey,,Istanbul,10,28,2009,60.2
Middle East,Turkey,,Istanbul,10,29,2009,58.7
Middle East,Turkey,,Istanbul,10,30,2009,55.9
Middle East,Turkey,,Istanbul,10,31,2009,52.1
Middle East,Turkey,,Istanbul,11,1,2009,50.8
Middle East,Turkey,,Istanbul,11,2,2009,47.3
Middle East,Turkey,,Istanbul,11,3,2009,49.5
Middle East,Turkey,,Istanbul,11,4,2009,55.4
Middle East,Turkey,,Istanbul,11,5,2009,56.9
Middle East,Turkey,,Istanbul,11,6,2009,63.0
Middle East,Turkey,,Istanbul,11,7,2009,64.8
Middle East,Turkey,,Istanbul,11,8,2009,64.3
Middle East,Turkey,,Istanbul,11,9,2009,61.6
Middle East,Turkey,,Istanbul,11,10,2009,62.7
Middle East,Turkey,,Istanbul,11,11,2009,59.6
Middle East,Turkey,,Istanbul,11,12,2009,54.7
Middle East,Turkey,,Istanbul,11,13,2009,52.1
Middle East,Turkey,,Istanbul,11,14,2009,51.2
Middle East,Turkey,,Istanbul,11,15,2009,54.5
Middle East,Turkey,,Istanbul,11,16,2009,53.3
Middle East,Turkey,,Istanbul,11,17,2009,54.8
Middle East,Turkey,,Istanbul,11,18,2009,52.8
Middle East,Turkey,,Istanbul,11,19,2009,53.6
Middle East,Turkey,,Istanbul,11,20,2009,54.3
Middle East,Turkey,,Istanbul,11,21,2009,50.7
Middle East,Turkey,,Istanbul,11,22,2009,51.8
Middle East,Turkey,,Istanbul,11,23,2009,54.7
Middle East,Turkey,,Istanbul,11,24,2009,51.3
Middle East,Turkey,,Istanbul,11,25,2009,50.7
Middle East,Turkey,,Istanbul,11,26,2009,52.2
Middle East,Turkey,,Istanbul,11,27,2009,52.8
Middle East,Turkey,,Istanbul,11,28,2009,56.6
Middle East,Turkey,,Istanbul,11,29,2009,55.9
Middle East,Turkey,,Istanbul,11,30,2009,55.2
Middle East,Turkey,,Istanbul,12,1,2009,57.1
Middle East,Turkey,,Istanbul,12,2,2009,58.5
Middle East,Turkey,,Istanbul,12,3,2009,55.7
Middle East,Turkey,,Istanbul,12,4,2009,54.2
Middle East,Turkey,,Istanbul,12,5,2009,57.2
Middle East,Turkey,,Istanbul,12,6,2009,54.5
Middle East,Turkey,,Istanbul,12,7,2009,48.7
Middle East,Turkey,,Istanbul,12,8,2009,48.4
Middle East,Turkey,,Istanbul,12,9,2009,50.8
Middle East,Turkey,,Istanbul,12,10,2009,53.7
Middle East,Turkey,,Istanbul,12,11,2009,48.8
Middle East,Turkey,,Istanbul,12,12,2009,45.2
Middle East,Turkey,,Istanbul,12,13,2009,40.0
Middle East,Turkey,,Istanbul,12,14,2009,43.5
Middle East,Turkey,,Istanbul,12,15,2009,51.3
Middle East,Turkey,,Istanbul,12,16,2009,48.9
Middle East,Turkey,,Istanbul,12,17,2009,43.5
Middle East,Turkey,,Istanbul,12,18,2009,46.8
Middle East,Turkey,,Istanbul,12,19,2009,42.3
Middle East,Turkey,,Istanbul,12,20,2009,55.1
Middle East,Turkey,,Istanbul,12,21,2009,38.9
Middle East,Turkey,,Istanbul,12,22,2009,44.0
Middle East,Turkey,,Istanbul,12,23,2009,53.4
Middle East,Turkey,,Istanbul,12,24,2009,56.0
Middle East,Turkey,,Istanbul,12,25,2009,57.1
Middle East,Turkey,,Istanbul,12,26,2009,58.9
Middle East,Turkey,,Istanbul,12,27,2009,57.9
Middle East,Turkey,,Istanbul,12,28,2009,53.2
Middle East,Turkey,,Istanbul,12,29,2009,45.8
Middle East,Turkey,,Istanbul,12,30,2009,48.5
Middle East,Turkey,,Istanbul,12,31,2009,56.1
Middle East,Turkey,,Istanbul,1,1,2010,60.5
Middle East,Turkey,,Istanbul,1,2,2010,54.7
Middle East,Turkey,,Istanbul,1,3,2010,43.2
Middle East,Turkey,,Istanbul,1,4,2010,36.7
Middle East,Turkey,,Istanbul,1,5,2010,42.9
Middle East,Turkey,,Istanbul,1,6,2010,54.6
Middle East,Turkey,,Istanbul,1,7,2010,57.2
Middle East,Turkey,,Istanbul,1,8,2010,59.2
Middle East,Turkey,,Istanbul,1,9,2010,57.9
Middle East,Turkey,,Istanbul,1,10,2010,56.2
Middle East,Turkey,,Istanbul,1,11,2010,51.3
Middle East,Turkey,,Istanbul,1,12,2010,51.5
Middle East,Turkey,,Istanbul,1,13,2010,48.0
Middle East,Turkey,,Istanbul,1,14,2010,45.0
Middle East,Turkey,,Istanbul,1,15,2010,42.7
Middle East,Turkey,,Istanbul,1,16,2010,41.8
Middle East,Turkey,,Istanbul,1,17,2010,46.0
Middle East,Turkey,,Istanbul,1,18,2010,47.3
Middle East,Turkey,,Istanbul,1,19,2010,34.3
Middle East,Turkey,,Istanbul,1,20,2010,34.2
Middle East,Turkey,,Istanbul,1,21,2010,37.3
Middle East,Turkey,,Istanbul,1,22,2010,39.2
Middle East,Turkey,,Istanbul,1,23,2010,29.9
Middle East,Turkey,,Istanbul,1,24,2010,28.5
Middle East,Turkey,,Istanbul,1,25,2010,25.4
Middle East,Turkey,,Istanbul,1,26,2010,30.3
Middle East,Turkey,,Istanbul,1,27,2010,34.6
Middle East,Turkey,,Istanbul,1,28,2010,36.8
Middle East,Turkey,,Istanbul,1,29,2010,41.2
Middle East,Turkey,,Istanbul,1,30,2010,48.3
Middle East,Turkey,,Istanbul,1,31,2010,50.7
Middle East,Turkey,,Istanbul,2,1,2010,50.0
Middle East,Turkey,,Istanbul,2,2,2010,37.1
Middle East,Turkey,,Istanbul,2,3,2010,33.2
Middle East,Turkey,,Istanbul,2,4,2010,38.3
Middle East,Turkey,,Istanbul,2,5,2010,34.8
Middle East,Turkey,,Istanbul,2,6,2010,38.0
Middle East,Turkey,,Istanbul,2,7,2010,46.5
Middle East,Turkey,,Istanbul,2,8,2010,43.2
Middle East,Turkey,,Istanbul,2,9,2010,34.0
Middle East,Turkey,,Istanbul,2,10,2010,45.0
Middle East,Turkey,,Istanbul,2,11,2010,52.7
Middle East,Turkey,,Istanbul,2,12,2010,52.2
Middle East,Turkey,,Istanbul,2,13,2010,50.1
Middle East,Turkey,,Istanbul,2,14,2010,51.0
Middle East,Turkey,,Istanbul,2,15,2010,49.0
Middle East,Turkey,,Istanbul,2,16,2010,44.7
Middle East,Turkey,,Istanbul,2,17,2010,50.6
Middle East,Turkey,,Istanbul,2,18,2010,54.9
Middle East,Turkey,,Istanbul,2,19,2010,52.5
Middle East,Turkey,,Istanbul,2,20,2010,57.0
Middle East,Turkey,,Istanbul,2,21,2010,53.4
Middle East,Turkey,,Istanbul,2,22,2010,45.6
Middle East,Turkey,,Istanbul,2,23,2010,49.8
Middle East,Turkey,,Istanbul,2,24,2010,53.4
Middle East,Turkey,,Istanbul,2,25,2010,52.0
Middle East,Turkey,,Istanbul,2,26,2010,47.8
Middle East,Turkey,,Istanbul,2,27,2010,49.7
Middle East,Turkey,,Istanbul,2,28,2010,47.2
Middle East,Turkey,,Istanbul,3,1,2010,49.5
Middle East,Turkey,,Istanbul,3,2,2010,51.2
Middle East,Turkey,,Istanbul,3,3,2010,48.7
Middle East,Turkey,,Istanbul,3,4,2010,51.7
Middle East,Turkey,,Istanbul,3,5,2010,48.5
Middle East,Turkey,,Istanbul,3,6,2010,39.6
Middle East,Turkey,,Istanbul,3,7,2010,39.9
Middle East,Turkey,,Istanbul,3,8,2010,43.5
Middle East,Turkey,,Istanbul,3,9,2010,43.8
Middle East,Turkey,,Istanbul,3,10,2010,43.7
Middle East,Turkey,,Istanbul,3,11,2010,46.0
Middle East,Turkey,,Istanbul,3,12,2010,47.1
Middle East,Turkey,,Istanbul,3,13,2010,48.4
Middle East,Turkey,,Istanbul,3,14,2010,45.7
Middle East,Turkey,,Istanbul,3,15,2010,43.8
Middle East,Turkey,,Istanbul,3,16,2010,43.0
Middle East,Turkey,,Istanbul,3,17,2010,43.6
Middle East,Turkey,,Istanbul,3,18,2010,39.7
Middle East,Turkey,,Istanbul,3,19,2010,44.5
Middle East,Turkey,,Istanbul,3,20,2010,45.1
Middle East,Turkey,,Istanbul,3,21,2010,52.2
Middle East,Turkey,,Istanbul,3,22,2010,53.7
Middle East,Turkey,,Istanbul,3,23,2010,56.2
Middle East,Turkey,,Istanbul,3,24,2010,49.1
Middle East,Turkey,,Istanbul,3,25,2010,51.8
Middle East,Turkey,,Istanbul,3,26,2010,49.5
Middle East,Turkey,,Istanbul,3,27,2010,47.2
Middle East,Turkey,,Istanbul,3,28,2010,52.5
Middle East,Turkey,,Istanbul,3,29,2010,47.7
Middle East,Turkey,,Istanbul,3,30,2010,52.5
Middle East,Turkey,,Istanbul,3,31,2010,56.5
Middle East,Turkey,,Istanbul,4,1,2010,57.4
Middle East,Turkey,,Istanbul,4,2,2010,58.0
Middle East,Turkey,,Istanbul,4,3,2010,54.4
Middle East,Turkey,,Istanbul,4,4,2010,57.2
Middle East,Turkey,,Istanbul,4,5,2010,56.8
Middle East,Turkey,,Istanbul,4,6,2010,54.7
Middle East,Turkey,,Istanbul,4,7,2010,50.4
Middle East,Turkey,,Istanbul,4,8,2010,51.7
Middle East,Turkey,,Istanbul,4,9,2010,50.5
Middle East,Turkey,,Istanbul,4,10,2010,51.4
Middle East,Turkey,,Istanbul,4,11,2010,51.6
Middle East,Turkey,,Istanbul,4,12,2010,52.7
Middle East,Turkey,,Istanbul,4,13,2010,54.0
Middle East,Turkey,,Istanbul,4,14,2010,53.8
Middle East,Turkey,,Istanbul,4,15,2010,58.7
Middle East,Turkey,,Istanbul,4,16,2010,63.0
Middle East,Turkey,,Istanbul,4,17,2010,57.9
Middle East,Turkey,,Istanbul,4,18,2010,58.2
Middle East,Turkey,,Istanbul,4,19,2010,56.8
Middle East,Turkey,,Istanbul,4,20,2010,58.9
Middle East,Turkey,,Istanbul,4,21,2010,55.0
Middle East,Turkey,,Istanbul,4,22,2010,56.5
Middle East,Turkey,,Istanbul,4,23,2010,64.0
Middle East,Turkey,,Istanbul,4,24,2010,62.5
Middle East,Turkey,,Istanbul,4,25,2010,59.2
Middle East,Turkey,,Istanbul,4,26,2010,59.2
Middle East,Turkey,,Istanbul,4,27,2010,54.8
Middle East,Turkey,,Istanbul,4,28,2010,54.9
Middle East,Turkey,,Istanbul,4,29,2010,55.1
Middle East,Turkey,,Istanbul,4,30,2010,57.6
Middle East,Turkey,,Istanbul,5,1,2010,58.3
Middle East,Turkey,,Istanbul,5,2,2010,56.2
Middle East,Turkey,,Istanbul,5,3,2010,60.2
Middle East,Turkey,,Istanbul,5,4,2010,60.6
Middle East,Turkey,,Istanbul,5,5,2010,60.3
Middle East,Turkey,,Istanbul,5,6,2010,61.2
Middle East,Turkey,,Istanbul,5,7,2010,64.0
Middle East,Turkey,,Istanbul,5,8,2010,63.3
Middle East,Turkey,,Istanbul,5,9,2010,66.9
Middle East,Turkey,,Istanbul,5,10,2010,63.9
Middle East,Turkey,,Istanbul,5,11,2010,67.0
Middle East,Turkey,,Istanbul,5,12,2010,73.6
Middle East,Turkey,,Istanbul,5,13,2010,76.1
Middle East,Turkey,,Istanbul,5,14,2010,71.2
Middle East,Turkey,,Istanbul,5,15,2010,70.8
Middle East,Turkey,,Istanbul,5,16,2010,69.3
Middle East,Turkey,,Istanbul,5,17,2010,65.3
Middle East,Turkey,,Istanbul,5,18,2010,59.9
Middle East,Turkey,,Istanbul,5,19,2010,62.1
Middle East,Turkey,,Istanbul,5,20,2010,61.7
Middle East,Turkey,,Istanbul,5,21,2010,64.1
Middle East,Turkey,,Istanbul,5,22,2010,61.4
Middle East,Turkey,,Istanbul,5,23,2010,62.6
Middle East,Turkey,,Istanbul,5,24,2010,64.7
Middle East,Turkey,,Istanbul,5,25,2010,66.3
Middle East,Turkey,,Istanbul,5,26,2010,70.1
Middle East,Turkey,,Istanbul,5,27,2010,71.9
Middle East,Turkey,,Istanbul,5,28,2010,73.1
Middle East,Turkey,,Istanbul,5,29,2010,73.8
Middle East,Turkey,,Istanbul,5,30,2010,74.2
Middle East,Turkey,,Istanbul,5,31,2010,77.2
Middle East,Turkey,,Istanbul,6,1,2010,78.7
Middle East,Turkey,,Istanbul,6,2,2010,66.1
Middle East,Turkey,,Istanbul,6,3,2010,68.4
Middle East,Turkey,,Istanbul,6,4,2010,72.1
Middle East,Turkey,,Istanbul,6,5,2010,73.7
Middle East,Turkey,,Istanbul,6,6,2010,69.6
Middle East,Turkey,,Istanbul,6,7,2010,66.2
Middle East,Turkey,,Istanbul,6,8,2010,65.8
Middle East,Turkey,,Istanbul,6,9,2010,69.7
Middle East,Turkey,,Istanbul,6,10,2010,74.2
Middle East,Turkey,,Istanbul,6,11,2010,74.7
Middle East,Turkey,,Istanbul,6,12,2010,74.1
Middle East,Turkey,,Istanbul,6,13,2010,75.8
Middle East,Turkey,,Istanbul,6,14,2010,77.1
Middle East,Turkey,,Istanbul,6,15,2010,79.1
Middle East,Turkey,,Istanbul,6,16,2010,80.7
Middle East,Turkey,,Istanbul,6,17,2010,77.6
Middle East,Turkey,,Istanbul,6,18,2010,76.2
Middle East,Turkey,,Istanbul,6,19,2010,75.8
Middle East,Turkey,,Istanbul,6,20,2010,77.5
Middle East,Turkey,,Istanbul,6,21,2010,77.0
Middle East,Turkey,,Istanbul,6,22,2010,72.6
Middle East,Turkey,,Istanbul,6,23,2010,67.8
Middle East,Turkey,,Istanbul,6,24,2010,64.8
Middle East,Turkey,,Istanbul,6,25,2010,64.4
Middle East,Turkey,,Istanbul,6,26,2010,69.5
Middle East,Turkey,,Istanbul,6,27,2010,73.0
Middle East,Turkey,,Istanbul,6,28,2010,73.2
Middle East,Turkey,,Istanbul,6,29,2010,71.5
Middle East,Turkey,,Istanbul,6,30,2010,72.6
Middle East,Turkey,,Istanbul,7,1,2010,73.6
Middle East,Turkey,,Istanbul,7,2,2010,77.5
Middle East,Turkey,,Istanbul,7,3,2010,77.5
Middle East,Turkey,,Istanbul,7,4,2010,78.1
Middle East,Turkey,,Istanbul,7,5,2010,77.5
Middle East,Turkey,,Istanbul,7,6,2010,76.3
Middle East,Turkey,,Istanbul,7,7,2010,78.5
Middle East,Turkey,,Istanbul,7,8,2010,71.2
Middle East,Turkey,,Istanbul,7,9,2010,68.0
Middle East,Turkey,,Istanbul,7,10,2010,71.0
Middle East,Turkey,,Istanbul,7,11,2010,73.5
Middle East,Turkey,,Istanbul,7,12,2010,76.7
Middle East,Turkey,,Istanbul,7,13,2010,78.2
Middle East,Turkey,,Istanbul,7,14,2010,79.4
Middle East,Turkey,,Istanbul,7,15,2010,80.0
Middle East,Turkey,,Istanbul,7,16,2010,81.7
Middle East,Turkey,,Istanbul,7,17,2010,81.4
Middle East,Turkey,,Istanbul,7,18,2010,81.2
Middle East,Turkey,,Istanbul,7,19,2010,82.8
Middle East,Turkey,,Istanbul,7,20,2010,76.6
Middle East,Turkey,,Istanbul,7,21,2010,77.6
Middle East,Turkey,,Istanbul,7,22,2010,81.5
Middle East,Turkey,,Istanbul,7,23,2010,83.4
Middle East,Turkey,,Istanbul,7,24,2010,80.1
Middle East,Turkey,,Istanbul,7,25,2010,81.1
Middle East,Turkey,,Istanbul,7,26,2010,80.3
Middle East,Turkey,,Istanbul,7,27,2010,78.2
Middle East,Turkey,,Istanbul,7,28,2010,77.8
Middle East,Turkey,,Istanbul,7,29,2010,77.6
Middle East,Turkey,,Istanbul,7,30,2010,79.0
Middle East,Turkey,,Istanbul,7,31,2010,82.7
Middle East,Turkey,,Istanbul,8,1,2010,81.7
Middle East,Turkey,,Istanbul,8,2,2010,81.3
Middle East,Turkey,,Istanbul,8,3,2010,81.7
Middle East,Turkey,,Istanbul,8,4,2010,83.3
Middle East,Turkey,,Istanbul,8,5,2010,83.2
Middle East,Turkey,,Istanbul,8,6,2010,85.0
Middle East,Turkey,,Istanbul,8,7,2010,83.8
Middle East,Turkey,,Istanbul,8,8,2010,83.8
Middle East,Turkey,,Istanbul,8,9,2010,82.9
Middle East,Turkey,,Istanbul,8,10,2010,84.5
Middle East,Turkey,,Istanbul,8,11,2010,83.8
Middle East,Turkey,,Istanbul,8,12,2010,83.8
Middle East,Turkey,,Istanbul,8,13,2010,85.0
Middle East,Turkey,,Istanbul,8,14,2010,85.8
Middle East,Turkey,,Istanbul,8,15,2010,85.8
Middle East,Turkey,,Istanbul,8,16,2010,86.0
Middle East,Turkey,,Istanbul,8,17,2010,86.1
Middle East,Turkey,,Istanbul,8,18,2010,84.4
Middle East,Turkey,,Istanbul,8,19,2010,84.9
Middle East,Turkey,,Istanbul,8,20,2010,83.3
Middle East,Turkey,,Istanbul,8,21,2010,80.2
Middle East,Turkey,,Istanbul,8,22,2010,78.4
Middle East,Turkey,,Istanbul,8,23,2010,78.8
Middle East,Turkey,,Istanbul,8,24,2010,78.2
Middle East,Turkey,,Istanbul,8,25,2010,79.1
Middle East,Turkey,,Istanbul,8,26,2010,80.1
Middle East,Turkey,,Istanbul,8,27,2010,81.3
Middle East,Turkey,,Istanbul,8,28,2010,77.8
Middle East,Turkey,,Istanbul,8,29,2010,80.1
Middle East,Turkey,,Istanbul,8,30,2010,79.4
Middle East,Turkey,,Istanbul,8,31,2010,78.1
Middle East,Turkey,,Istanbul,9,1,2010,65.2
Middle East,Turkey,,Istanbul,9,2,2010,68.5
Middle East,Turkey,,Istanbul,9,3,2010,73.1
Middle East,Turkey,,Istanbul,9,4,2010,76.4
Middle East,Turkey,,Istanbul,9,5,2010,71.8
Middle East,Turkey,,Istanbul,9,6,2010,74.6
Middle East,Turkey,,Istanbul,9,7,2010,74.0
Middle East,Turkey,,Istanbul,9,8,2010,74.5
Middle East,Turkey,,Istanbul,9,9,2010,76.2
Middle East,Turkey,,Istanbul,9,10,2010,74.1
Middle East,Turkey,,Istanbul,9,11,2010,72.0
Middle East,Turkey,,Istanbul,9,12,2010,69.1
Middle East,Turkey,,Istanbul,9,13,2010,70.1
Middle East,Turkey,,Istanbul,9,14,2010,69.4
Middle East,Turkey,,Istanbul,9,15,2010,71.8
Middle East,Turkey,,Istanbul,9,16,2010,71.7
Middle East,Turkey,,Istanbul,9,17,2010,73.2
Middle East,Turkey,,Istanbul,9,18,2010,72.3
Middle East,Turkey,,Istanbul,9,19,2010,75.7
Middle East,Turkey,,Istanbul,9,20,2010,72.2
Middle East,Turkey,,Istanbul,9,21,2010,67.4
Middle East,Turkey,,Istanbul,9,22,2010,68.7
Middle East,Turkey,,Istanbul,9,23,2010,69.9
Middle East,Turkey,,Istanbul,9,24,2010,71.7
Middle East,Turkey,,Istanbul,9,25,2010,72.1
Middle East,Turkey,,Istanbul,9,26,2010,76.6
Middle East,Turkey,,Istanbul,9,27,2010,74.3
Middle East,Turkey,,Istanbul,9,28,2010,73.5
Middle East,Turkey,,Istanbul,9,29,2010,72.3
Middle East,Turkey,,Istanbul,9,30,2010,65.4
Middle East,Turkey,,Istanbul,10,1,2010,64.6
Middle East,Turkey,,Istanbul,10,2,2010,63.2
Middle East,Turkey,,Istanbul,10,3,2010,61.2
Middle East,Turkey,,Istanbul,10,4,2010,61.2
Middle East,Turkey,,Istanbul,10,5,2010,62.0
Middle East,Turkey,,Istanbul,10,6,2010,61.6
Middle East,Turkey,,Istanbul,10,7,2010,58.9
Middle East,Turkey,,Istanbul,10,8,2010,52.3
Middle East,Turkey,,Istanbul,10,9,2010,51.8
Middle East,Turkey,,Istanbul,10,10,2010,55.9
Middle East,Turkey,,Istanbul,10,11,2010,57.8
Middle East,Turkey,,Istanbul,10,12,2010,60.5
Middle East,Turkey,,Istanbul,10,13,2010,62.3
Middle East,Turkey,,Istanbul,10,14,2010,62.7
Middle East,Turkey,,Istanbul,10,15,2010,60.9
Middle East,Turkey,,Istanbul,10,16,2010,63.0
Middle East,Turkey,,Istanbul,10,17,2010,65.6
Middle East,Turkey,,Istanbul,10,18,2010,65.2
Middle East,Turkey,,Istanbul,10,19,2010,68.6
Middle East,Turkey,,Istanbul,10,20,2010,66.5
Middle East,Turkey,,Istanbul,10,21,2010,65.1
Middle East,Turkey,,Istanbul,10,22,2010,58.1
Middle East,Turkey,,Istanbul,10,23,2010,58.1
Middle East,Turkey,,Istanbul,10,24,2010,61.5
Middle East,Turkey,,Istanbul,10,25,2010,60.3
Middle East,Turkey,,Istanbul,10,26,2010,63.5
Middle East,Turkey,,Istanbul,10,27,2010,59.6
Middle East,Turkey,,Istanbul,10,28,2010,53.0
Middle East,Turkey,,Istanbul,10,29,2010,48.9
Middle East,Turkey,,Istanbul,10,30,2010,51.2
Middle East,Turkey,,Istanbul,10,31,2010,54.9
Middle East,Turkey,,Istanbul,11,1,2010,55.7
Middle East,Turkey,,Istanbul,11,2,2010,55.9
Middle East,Turkey,,Istanbul,11,3,2010,55.3
Middle East,Turkey,,Istanbul,11,4,2010,54.9
Middle East,Turkey,,Istanbul,11,5,2010,55.0
Middle East,Turkey,,Istanbul,11,6,2010,54.2
Middle East,Turkey,,Istanbul,11,7,2010,56.2
Middle East,Turkey,,Istanbul,11,8,2010,62.3
Middle East,Turkey,,Istanbul,11,9,2010,67.1
Middle East,Turkey,,Istanbul,11,10,2010,67.3
Middle East,Turkey,,Istanbul,11,11,2010,65.8
Middle East,Turkey,,Istanbul,11,12,2010,62.8
Middle East,Turkey,,Istanbul,11,13,2010,62.6
Middle East,Turkey,,Istanbul,11,14,2010,63.6
Middle East,Turkey,,Istanbul,11,15,2010,65.3
Middle East,Turkey,,Istanbul,11,16,2010,60.4
Middle East,Turkey,,Istanbul,11,17,2010,61.2
Middle East,Turkey,,Istanbul,11,18,2010,61.0
Middle East,Turkey,,Istanbul,11,19,2010,58.7
Middle East,Turkey,,Istanbul,11,20,2010,56.7
Middle East,Turkey,,Istanbul,11,21,2010,54.8
Middle East,Turkey,,Istanbul,11,22,2010,55.8
Middle East,Turkey,,Istanbul,11,23,2010,62.9
Middle East,Turkey,,Istanbul,11,24,2010,60.8
Middle East,Turkey,,Istanbul,11,25,2010,58.2
Middle East,Turkey,,Istanbul,11,26,2010,60.8
Middle East,Turkey,,Istanbul,11,27,2010,63.0
Middle East,Turkey,,Istanbul,11,28,2010,61.4
Middle East,Turkey,,Istanbul,11,29,2010,67.0
Middle East,Turkey,,Istanbul,11,30,2010,64.1
Middle East,Turkey,,Istanbul,12,1,2010,64.6
Middle East,Turkey,,Istanbul,12,2,2010,67.5
Middle East,Turkey,,Istanbul,12,3,2010,66.9
Middle East,Turkey,,Istanbul,12,4,2010,64.7
Middle East,Turkey,,Istanbul,12,5,2010,48.7
Middle East,Turkey,,Istanbul,12,6,2010,48.3
Middle East,Turkey,,Istanbul,12,7,2010,51.6
Middle East,Turkey,,Istanbul,12,8,2010,56.2
Middle East,Turkey,,Istanbul,12,9,2010,59.7
Middle East,Turkey,,Istanbul,12,10,2010,44.4
Middle East,Turkey,,Istanbul,12,11,2010,39.0
Middle East,Turkey,,Istanbul,12,12,2010,36.6
Middle East,Turkey,,Istanbul,12,13,2010,40.7
Middle East,Turkey,,Istanbul,12,14,2010,42.1
Middle East,Turkey,,Istanbul,12,15,2010,40.7
Middle East,Turkey,,Istanbul,12,16,2010,46.6
Middle East,Turkey,,Istanbul,12,17,2010,40.4
Middle East,Turkey,,Istanbul,12,18,2010,49.9
Middle East,Turkey,,Istanbul,12,19,2010,48.1
Middle East,Turkey,,Istanbul,12,20,2010,52.3
Middle East,Turkey,,Istanbul,12,21,2010,57.8
Middle East,Turkey,,Istanbul,12,22,2010,55.8
Middle East,Turkey,,Istanbul,12,23,2010,54.3
Middle East,Turkey,,Istanbul,12,24,2010,56.1
Middle East,Turkey,,Istanbul,12,25,2010,59.7
Middle East,Turkey,,Istanbul,12,26,2010,57.6
Middle East,Turkey,,Istanbul,12,27,2010,53.5
Middle East,Turkey,,Istanbul,12,28,2010,42.7
Middle East,Turkey,,Istanbul,12,29,2010,41.4
Middle East,Turkey,,Istanbul,12,30,2010,41.7
Middle East,Turkey,,Istanbul,12,31,2010,39.5
Middle East,Turkey,,Istanbul,1,1,2011,40.2
Middle East,Turkey,,Istanbul,1,2,2011,47.5
Middle East,Turkey,,Istanbul,1,3,2011,45.8
Middle East,Turkey,,Istanbul,1,4,2011,41.1
Middle East,Turkey,,Istanbul,1,5,2011,43.2
Middle East,Turkey,,Istanbul,1,6,2011,38.4
Middle East,Turkey,,Istanbul,1,7,2011,42.1
Middle East,Turkey,,Istanbul,1,8,2011,41.3
Middle East,Turkey,,Istanbul,1,9,2011,43.8
Middle East,Turkey,,Istanbul,1,10,2011,45.2
Middle East,Turkey,,Istanbul,1,11,2011,47.6
Middle East,Turkey,,Istanbul,1,12,2011,49.2
Middle East,Turkey,,Istanbul,1,13,2011,47.5
Middle East,Turkey,,Istanbul,1,14,2011,47.0
Middle East,Turkey,,Istanbul,1,15,2011,47.4
Middle East,Turkey,,Istanbul,1,16,2011,48.2
Middle East,Turkey,,Istanbul,1,17,2011,44.3
Middle East,Turkey,,Istanbul,1,18,2011,43.5
Middle East,Turkey,,Istanbul,1,19,2011,43.7
Middle East,Turkey,,Istanbul,1,20,2011,44.5
Middle East,Turkey,,Istanbul,1,21,2011,49.5
Middle East,Turkey,,Istanbul,1,22,2011,53.0
Middle East,Turkey,,Istanbul,1,23,2011,49.8
Middle East,Turkey,,Istanbul,1,24,2011,42.4
Middle East,Turkey,,Istanbul,1,25,2011,40.2
Middle East,Turkey,,Istanbul,1,26,2011,40.1
Middle East,Turkey,,Istanbul,1,27,2011,39.9
Middle East,Turkey,,Istanbul,1,28,2011,44.1
Middle East,Turkey,,Istanbul,1,29,2011,41.4
Middle East,Turkey,,Istanbul,1,30,2011,37.1
Middle East,Turkey,,Istanbul,1,31,2011,35.6
Middle East,Turkey,,Istanbul,2,1,2011,35.5
Middle East,Turkey,,Istanbul,2,2,2011,36.9
Middle East,Turkey,,Istanbul,2,3,2011,41.2
Middle East,Turkey,,Istanbul,2,4,2011,42.7
Middle East,Turkey,,Istanbul,2,5,2011,43.0
Middle East,Turkey,,Istanbul,2,6,2011,47.1
Middle East,Turkey,,Istanbul,2,7,2011,47.4
Middle East,Turkey,,Istanbul,2,8,2011,45.6
Middle East,Turkey,,Istanbul,2,9,2011,47.7
Middle East,Turkey,,Istanbul,2,10,2011,42.6
Middle East,Turkey,,Istanbul,2,11,2011,42.1
Middle East,Turkey,,Istanbul,2,12,2011,49.9
Middle East,Turkey,,Istanbul,2,13,2011,43.8
Middle East,Turkey,,Istanbul,2,14,2011,44.5
Middle East,Turkey,,Istanbul,2,15,2011,40.8
Middle East,Turkey,,Istanbul,2,16,2011,39.6
Middle East,Turkey,,Istanbul,2,17,2011,44.5
Middle East,Turkey,,Istanbul,2,18,2011,54.9
Middle East,Turkey,,Istanbul,2,19,2011,51.1
Middle East,Turkey,,Istanbul,2,20,2011,42.1
Middle East,Turkey,,Istanbul,2,21,2011,42.6
Middle East,Turkey,,Istanbul,2,22,2011,44.5
Middle East,Turkey,,Istanbul,2,23,2011,46.6
Middle East,Turkey,,Istanbul,2,24,2011,44.8
Middle East,Turkey,,Istanbul,2,25,2011,42.8
Middle East,Turkey,,Istanbul,2,26,2011,36.0
Middle East,Turkey,,Istanbul,2,27,2011,37.0
Middle East,Turkey,,Istanbul,2,28,2011,40.9
Middle East,Turkey,,Istanbul,3,1,2011,37.2
Middle East,Turkey,,Istanbul,3,2,2011,40.5
Middle East,Turkey,,Istanbul,3,3,2011,42.5
Middle East,Turkey,,Istanbul,3,4,2011,41.8
Middle East,Turkey,,Istanbul,3,5,2011,41.1
Middle East,Turkey,,Istanbul,3,6,2011,42.3
Middle East,Turkey,,Istanbul,3,7,2011,40.8
Middle East,Turkey,,Istanbul,3,8,2011,36.8
Middle East,Turkey,,Istanbul,3,9,2011,33.5
Middle East,Turkey,,Istanbul,3,10,2011,32.9
Middle East,Turkey,,Istanbul,3,11,2011,40.7
Middle East,Turkey,,Istanbul,3,12,2011,44.2
Middle East,Turkey,,Istanbul,3,13,2011,48.5
Middle East,Turkey,,Istanbul,3,14,2011,50.6
Middle East,Turkey,,Istanbul,3,15,2011,53.2
Middle East,Turkey,,Istanbul,3,16,2011,55.3
Middle East,Turkey,,Istanbul,3,17,2011,54.1
Middle East,Turkey,,Istanbul,3,18,2011,52.2
Middle East,Turkey,,Istanbul,3,19,2011,46.7
Middle East,Turkey,,Istanbul,3,20,2011,46.8
Middle East,Turkey,,Istanbul,3,21,2011,44.9
Middle East,Turkey,,Istanbul,3,22,2011,43.7
Middle East,Turkey,,Istanbul,3,23,2011,44.4
Middle East,Turkey,,Istanbul,3,24,2011,46.3
Middle East,Turkey,,Istanbul,3,25,2011,49.2
Middle East,Turkey,,Istanbul,3,26,2011,54.5
Middle East,Turkey,,Istanbul,3,27,2011,55.4
Middle East,Turkey,,Istanbul,3,28,2011,49.5
Middle East,Turkey,,Istanbul,3,29,2011,55.2
Middle East,Turkey,,Istanbul,3,30,2011,54.8
Middle East,Turkey,,Istanbul,3,31,2011,52.2
Middle East,Turkey,,Istanbul,4,1,2011,49.5
Middle East,Turkey,,Istanbul,4,2,2011,47.8
Middle East,Turkey,,Istanbul,4,3,2011,45.7
Middle East,Turkey,,Istanbul,4,4,2011,45.0
Middle East,Turkey,,Istanbul,4,5,2011,47.4
Middle East,Turkey,,Istanbul,4,6,2011,48.5
Middle East,Turkey,,Istanbul,4,7,2011,51.9
Middle East,Turkey,,Istanbul,4,8,2011,51.8
Middle East,Turkey,,Istanbul,4,9,2011,52.4
Middle East,Turkey,,Istanbul,4,10,2011,50.0
Middle East,Turkey,,Istanbul,4,11,2011,46.2
Middle East,Turkey,,Istanbul,4,12,2011,47.8
Middle East,Turkey,,Istanbul,4,13,2011,55.8
Middle East,Turkey,,Istanbul,4,14,2011,50.1
Middle East,Turkey,,Istanbul,4,15,2011,50.4
Middle East,Turkey,,Istanbul,4,16,2011,50.5
Middle East,Turkey,,Istanbul,4,17,2011,50.2
Middle East,Turkey,,Istanbul,4,18,2011,47.7
Middle East,Turkey,,Istanbul,4,19,2011,48.8
Middle East,Turkey,,Istanbul,4,20,2011,49.3
Middle East,Turkey,,Istanbul,4,21,2011,51.6
Middle East,Turkey,,Istanbul,4,22,2011,49.8
Middle East,Turkey,,Istanbul,4,23,2011,50.6
Middle East,Turkey,,Istanbul,4,24,2011,50.2
Middle East,Turkey,,Istanbul,4,25,2011,51.3
Middle East,Turkey,,Istanbul,4,26,2011,53.2
Middle East,Turkey,,Istanbul,4,27,2011,51.1
Middle East,Turkey,,Istanbul,4,28,2011,52.6
Middle East,Turkey,,Istanbul,4,29,2011,52.9
Middle East,Turkey,,Istanbul,4,30,2011,55.4
Middle East,Turkey,,Istanbul,5,1,2011,59.3
Middle East,Turkey,,Istanbul,5,2,2011,62.1
Middle East,Turkey,,Istanbul,5,3,2011,62.3
Middle East,Turkey,,Istanbul,5,4,2011,58.1
Middle East,Turkey,,Istanbul,5,5,2011,54.3
Middle East,Turkey,,Istanbul,5,6,2011,53.1
Middle East,Turkey,,Istanbul,5,7,2011,53.6
Middle East,Turkey,,Istanbul,5,8,2011,54.0
Middle East,Turkey,,Istanbul,5,9,2011,54.5
Middle East,Turkey,,Istanbul,5,10,2011,55.6
Middle East,Turkey,,Istanbul,5,11,2011,56.5
Middle East,Turkey,,Istanbul,5,12,2011,56.2
Middle East,Turkey,,Istanbul,5,13,2011,56.1
Middle East,Turkey,,Istanbul,5,14,2011,59.6
Middle East,Turkey,,Istanbul,5,15,2011,62.1
Middle East,Turkey,,Istanbul,5,16,2011,68.6
Middle East,Turkey,,Istanbul,5,17,2011,66.4
Middle East,Turkey,,Istanbul,5,18,2011,60.2
Middle East,Turkey,,Istanbul,5,19,2011,60.7
Middle East,Turkey,,Istanbul,5,20,2011,61.2
Middle East,Turkey,,Istanbul,5,21,2011,64.1
Middle East,Turkey,,Istanbul,5,22,2011,66.8
Middle East,Turkey,,Istanbul,5,23,2011,67.6
Middle East,Turkey,,Istanbul,5,24,2011,68.9
Middle East,Turkey,,Istanbul,5,25,2011,70.4
Middle East,Turkey,,Istanbul,5,26,2011,70.6
Middle East,Turkey,,Istanbul,5,27,2011,67.4
Middle East,Turkey,,Istanbul,5,28,2011,65.0
Middle East,Turkey,,Istanbul,5,29,2011,66.2
Middle East,Turkey,,Istanbul,5,30,2011,66.2
Middle East,Turkey,,Istanbul,5,31,2011,67.5
Middle East,Turkey,,Istanbul,6,1,2011,67.6
Middle East,Turkey,,Istanbul,6,2,2011,67.9
Middle East,Turkey,,Istanbul,6,3,2011,69.9
Middle East,Turkey,,Istanbul,6,4,2011,72.4
Middle East,Turkey,,Istanbul,6,5,2011,72.8
Middle East,Turkey,,Istanbul,6,6,2011,73.2
Middle East,Turkey,,Istanbul,6,7,2011,72.5
Middle East,Turkey,,Istanbul,6,8,2011,72.9
Middle East,Turkey,,Istanbul,6,9,2011,77.4
Middle East,Turkey,,Istanbul,6,10,2011,73.6
Middle East,Turkey,,Istanbul,6,11,2011,67.6
Middle East,Turkey,,Istanbul,6,12,2011,69.5
Middle East,Turkey,,Istanbul,6,13,2011,70.4
Middle East,Turkey,,Istanbul,6,14,2011,69.5
Middle East,Turkey,,Istanbul,6,15,2011,71.8
Middle East,Turkey,,Istanbul,6,16,2011,71.7
Middle East,Turkey,,Istanbul,6,17,2011,72.2
Middle East,Turkey,,Istanbul,6,18,2011,73.8
Middle East,Turkey,,Istanbul,6,19,2011,73.9
Middle East,Turkey,,Istanbul,6,20,2011,74.1
Middle East,Turkey,,Istanbul,6,21,2011,74.9
Middle East,Turkey,,Istanbul,6,22,2011,75.1
Middle East,Turkey,,Istanbul,6,23,2011,76.2
Middle East,Turkey,,Istanbul,6,24,2011,76.2
Middle East,Turkey,,Istanbul,6,25,2011,74.4
Middle East,Turkey,,Istanbul,6,26,2011,68.3
Middle East,Turkey,,Istanbul,6,27,2011,67.8
Middle East,Turkey,,Istanbul,6,28,2011,70.0
Middle East,Turkey,,Istanbul,6,29,2011,69.1
Middle East,Turkey,,Istanbul,6,30,2011,72.9
Middle East,Turkey,,Istanbul,7,1,2011,74.1
Middle East,Turkey,,Istanbul,7,2,2011,72.9
Middle East,Turkey,,Istanbul,7,3,2011,76.0
Middle East,Turkey,,Istanbul,7,4,2011,72.3
Middle East,Turkey,,Istanbul,7,5,2011,75.1
Middle East,Turkey,,Istanbul,7,6,2011,76.8
Middle East,Turkey,,Istanbul,7,7,2011,77.3
Middle East,Turkey,,Istanbul,7,8,2011,79.1
Middle East,Turkey,,Istanbul,7,9,2011,78.6
Middle East,Turkey,,Istanbul,7,10,2011,79.0
Middle East,Turkey,,Istanbul,7,11,2011,79.4
Middle East,Turkey,,Istanbul,7,12,2011,79.9
Middle East,Turkey,,Istanbul,7,13,2011,78.9
Middle East,Turkey,,Istanbul,7,14,2011,79.5
Middle East,Turkey,,Istanbul,7,15,2011,81.5
Middle East,Turkey,,Istanbul,7,16,2011,79.4
Middle East,Turkey,,Istanbul,7,17,2011,82.9
Middle East,Turkey,,Istanbul,7,18,2011,82.3
Middle East,Turkey,,Istanbul,7,19,2011,81.2
Middle East,Turkey,,Istanbul,7,20,2011,82.0
Middle East,Turkey,,Istanbul,7,21,2011,81.7
Middle East,Turkey,,Istanbul,7,22,2011,82.0
Middle East,Turkey,,Istanbul,7,23,2011,82.3
Middle East,Turkey,,Istanbul,7,24,2011,81.6
Middle East,Turkey,,Istanbul,7,25,2011,80.8
Middle East,Turkey,,Istanbul,7,26,2011,82.2
Middle East,Turkey,,Istanbul,7,27,2011,83.1
Middle East,Turkey,,Istanbul,7,28,2011,83.1
Middle East,Turkey,,Istanbul,7,29,2011,81.9
Middle East,Turkey,,Istanbul,7,30,2011,81.6
Middle East,Turkey,,Istanbul,7,31,2011,81.0
Middle East,Turkey,,Istanbul,8,1,2011,80.9
Middle East,Turkey,,Istanbul,8,2,2011,80.0
Middle East,Turkey,,Istanbul,8,3,2011,79.1
Middle East,Turkey,,Istanbul,8,4,2011,79.4
Middle East,Turkey,,Istanbul,8,5,2011,78.6
Middle East,Turkey,,Istanbul,8,6,2011,77.0
Middle East,Turkey,,Istanbul,8,7,2011,77.3
Middle East,Turkey,,Istanbul,8,8,2011,77.7
Middle East,Turkey,,Istanbul,8,9,2011,77.9
Middle East,Turkey,,Istanbul,8,10,2011,78.1
Middle East,Turkey,,Istanbul,8,11,2011,68.7
Middle East,Turkey,,Istanbul,8,12,2011,69.5
Middle East,Turkey,,Istanbul,8,13,2011,74.4
Middle East,Turkey,,Istanbul,8,14,2011,75.9
Middle East,Turkey,,Istanbul,8,15,2011,78.1
Middle East,Turkey,,Istanbul,8,16,2011,80.1
Middle East,Turkey,,Istanbul,8,17,2011,81.3
Middle East,Turkey,,Istanbul,8,18,2011,78.1
Middle East,Turkey,,Istanbul,8,19,2011,76.3
Middle East,Turkey,,Istanbul,8,20,2011,75.0
Middle East,Turkey,,Istanbul,8,21,2011,76.0
Middle East,Turkey,,Istanbul,8,22,2011,76.7
Middle East,Turkey,,Istanbul,8,23,2011,75.9
Middle East,Turkey,,Istanbul,8,24,2011,76.9
Middle East,Turkey,,Istanbul,8,25,2011,77.3
Middle East,Turkey,,Istanbul,8,26,2011,76.8
Middle East,Turkey,,Istanbul,8,27,2011,76.4
Middle East,Turkey,,Istanbul,8,28,2011,75.3
Middle East,Turkey,,Istanbul,8,29,2011,75.7
Middle East,Turkey,,Istanbul,8,30,2011,73.0
Middle East,Turkey,,Istanbul,8,31,2011,74.5
Middle East,Turkey,,Istanbul,9,1,2011,76.7
Middle East,Turkey,,Istanbul,9,2,2011,77.6
Middle East,Turkey,,Istanbul,9,3,2011,76.2
Middle East,Turkey,,Istanbul,9,4,2011,76.6
Middle East,Turkey,,Istanbul,9,5,2011,75.9
Middle East,Turkey,,Istanbul,9,6,2011,75.0
Middle East,Turkey,,Istanbul,9,7,2011,74.3
Middle East,Turkey,,Istanbul,9,8,2011,74.7
Middle East,Turkey,,Istanbul,9,9,2011,75.4
Middle East,Turkey,,Istanbul,9,10,2011,75.3
Middle East,Turkey,,Istanbul,9,11,2011,74.2
Middle East,Turkey,,Istanbul,9,12,2011,74.5
Middle East,Turkey,,Istanbul,9,13,2011,75.6
Middle East,Turkey,,Istanbul,9,14,2011,76.5
Middle East,Turkey,,Istanbul,9,15,2011,74.8
Middle East,Turkey,,Istanbul,9,16,2011,77.4
Middle East,Turkey,,Istanbul,9,17,2011,77.5
Middle East,Turkey,,Istanbul,9,18,2011,75.9
Middle East,Turkey,,Istanbul,9,19,2011,73.7
Middle East,Turkey,,Istanbul,9,20,2011,73.1
Middle East,Turkey,,Istanbul,9,21,2011,73.2
Middle East,Turkey,,Istanbul,9,22,2011,74.1
Middle East,Turkey,,Istanbul,9,23,2011,73.2
Middle East,Turkey,,Istanbul,9,24,2011,71.7
Middle East,Turkey,,Istanbul,9,25,2011,71.5
Middle East,Turkey,,Istanbul,9,26,2011,70.3
Middle East,Turkey,,Istanbul,9,27,2011,70.0
Middle East,Turkey,,Istanbul,9,28,2011,69.6
Middle East,Turkey,,Istanbul,9,29,2011,71.1
Middle East,Turkey,,Istanbul,9,30,2011,62.6
Middle East,Turkey,,Istanbul,10,1,2011,65.0
Middle East,Turkey,,Istanbul,10,2,2011,65.9
Middle East,Turkey,,Istanbul,10,3,2011,66.4
Middle East,Turkey,,Istanbul,10,4,2011,63.8
Middle East,Turkey,,Istanbul,10,5,2011,64.6
Middle East,Turkey,,Istanbul,10,6,2011,68.2
Middle East,Turkey,,Istanbul,10,7,2011,67.1
Middle East,Turkey,,Istanbul,10,8,2011,72.6
Middle East,Turkey,,Istanbul,10,9,2011,65.8
Middle East,Turkey,,Istanbul,10,10,2011,62.9
Middle East,Turkey,,Istanbul,10,11,2011,57.8
Middle East,Turkey,,Istanbul,10,12,2011,60.5
Middle East,Turkey,,Istanbul,10,13,2011,64.3
Middle East,Turkey,,Istanbul,10,14,2011,59.0
Middle East,Turkey,,Istanbul,10,15,2011,54.2
Middle East,Turkey,,Istanbul,10,16,2011,49.4
Middle East,Turkey,,Istanbul,10,17,2011,45.4
Middle East,Turkey,,Istanbul,10,18,2011,44.2
Middle East,Turkey,,Istanbul,10,19,2011,55.7
Middle East,Turkey,,Istanbul,10,20,2011,57.4
Middle East,Turkey,,Istanbul,10,21,2011,58.8
Middle East,Turkey,,Istanbul,10,22,2011,60.3
Middle East,Turkey,,Istanbul,10,23,2011,59.9
Middle East,Turkey,,Istanbul,10,24,2011,60.1
Middle East,Turkey,,Istanbul,10,25,2011,59.6
Middle East,Turkey,,Istanbul,10,26,2011,56.3
Middle East,Turkey,,Istanbul,10,27,2011,55.5
Middle East,Turkey,,Istanbul,10,28,2011,56.5
Middle East,Turkey,,Istanbul,10,29,2011,55.5
Middle East,Turkey,,Istanbul,10,30,2011,55.0
Middle East,Turkey,,Istanbul,10,31,2011,53.8
Middle East,Turkey,,Istanbul,11,1,2011,53.0
Middle East,Turkey,,Istanbul,11,2,2011,53.8
Middle East,Turkey,,Istanbul,11,3,2011,52.4
Middle East,Turkey,,Istanbul,11,4,2011,53.9
Middle East,Turkey,,Istanbul,11,5,2011,54.4
Middle East,Turkey,,Istanbul,11,6,2011,55.5
Middle East,Turkey,,Istanbul,11,7,2011,53.3
Middle East,Turkey,,Istanbul,11,8,2011,51.3
Middle East,Turkey,,Istanbul,11,9,2011,50.6
Middle East,Turkey,,Istanbul,11,10,2011,52.9
Middle East,Turkey,,Istanbul,11,11,2011,47.6
Middle East,Turkey,,Istanbul,11,12,2011,46.8
Middle East,Turkey,,Istanbul,11,13,2011,47.1
Middle East,Turkey,,Istanbul,11,14,2011,48.0
Middle East,Turkey,,Istanbul,11,15,2011,48.7
Middle East,Turkey,,Istanbul,11,16,2011,47.6
Middle East,Turkey,,Istanbul,11,17,2011,45.4
Middle East,Turkey,,Istanbul,11,18,2011,46.7
Middle East,Turkey,,Istanbul,11,19,2011,46.8
Middle East,Turkey,,Istanbul,11,20,2011,47.8
Middle East,Turkey,,Istanbul,11,21,2011,49.2
Middle East,Turkey,,Istanbul,11,22,2011,47.8
Middle East,Turkey,,Istanbul,11,23,2011,48.1
Middle East,Turkey,,Istanbul,11,24,2011,50.2
Middle East,Turkey,,Istanbul,11,25,2011,45.9
Middle East,Turkey,,Istanbul,11,26,2011,46.3
Middle East,Turkey,,Istanbul,11,27,2011,46.3
Middle East,Turkey,,Istanbul,11,28,2011,45.3
Middle East,Turkey,,Istanbul,11,29,2011,48.7
Middle East,Turkey,,Istanbul,11,30,2011,47.8
Middle East,Turkey,,Istanbul,12,1,2011,43.4
Middle East,Turkey,,Istanbul,12,2,2011,46.8
Middle East,Turkey,,Istanbul,12,3,2011,46.0
Middle East,Turkey,,Istanbul,12,4,2011,52.0
Middle East,Turkey,,Istanbul,12,5,2011,55.5
Middle East,Turkey,,Istanbul,12,6,2011,57.3
Middle East,Turkey,,Istanbul,12,7,2011,51.8
Middle East,Turkey,,Istanbul,12,8,2011,46.6
Middle East,Turkey,,Istanbul,12,9,2011,44.8
Middle East,Turkey,,Istanbul,12,10,2011,47.9
Middle East,Turkey,,Istanbul,12,11,2011,51.9
Middle East,Turkey,,Istanbul,12,12,2011,54.6
Middle East,Turkey,,Istanbul,12,13,2011,55.1
Middle East,Turkey,,Istanbul,12,14,2011,53.0
Middle East,Turkey,,Istanbul,12,15,2011,51.1
Middle East,Turkey,,Istanbul,12,16,2011,51.5
Middle East,Turkey,,Istanbul,12,17,2011,55.2
Middle East,Turkey,,Istanbul,12,18,2011,51.5
Middle East,Turkey,,Istanbul,12,19,2011,53.4
Middle East,Turkey,,Istanbul,12,20,2011,53.3
Middle East,Turkey,,Istanbul,12,21,2011,49.5
Middle East,Turkey,,Istanbul,12,22,2011,51.3
Middle East,Turkey,,Istanbul,12,23,2011,45.9
Middle East,Turkey,,Istanbul,12,24,2011,37.0
Middle East,Turkey,,Istanbul,12,25,2011,36.6
Middle East,Turkey,,Istanbul,12,26,2011,40.3
Middle East,Turkey,,Istanbul,12,27,2011,43.7
Middle East,Turkey,,Istanbul,12,28,2011,41.6
Middle East,Turkey,,Istanbul,12,29,2011,40.9
Middle East,Turkey,,Istanbul,12,30,2011,44.0
Middle East,Turkey,,Istanbul,12,31,2011,46.8
Middle East,Turkey,,Istanbul,1,1,2012,42.7
Middle East,Turkey,,Istanbul,1,2,2012,41.3
Middle East,Turkey,,Istanbul,1,3,2012,43.6
Middle East,Turkey,,Istanbul,1,4,2012,44.1
Middle East,Turkey,,Istanbul,1,5,2012,47.0
Middle East,Turkey,,Istanbul,1,6,2012,54.1
Middle East,Turkey,,Istanbul,1,7,2012,50.7
Middle East,Turkey,,Istanbul,1,8,2012,41.3
Middle East,Turkey,,Istanbul,1,9,2012,40.6
Middle East,Turkey,,Istanbul,1,10,2012,40.2
Middle East,Turkey,,Istanbul,1,11,2012,42.1
Middle East,Turkey,,Istanbul,1,12,2012,41.0
Middle East,Turkey,,Istanbul,1,13,2012,41.6
Middle East,Turkey,,Istanbul,1,14,2012,39.6
Middle East,Turkey,,Istanbul,1,15,2012,36.7
Middle East,Turkey,,Istanbul,1,16,2012,32.5
Middle East,Turkey,,Istanbul,1,17,2012,32.3
Middle East,Turkey,,Istanbul,1,18,2012,32.5
Middle East,Turkey,,Istanbul,1,19,2012,35.2
Middle East,Turkey,,Istanbul,1,20,2012,42.5
Middle East,Turkey,,Istanbul,1,21,2012,44.0
Middle East,Turkey,,Istanbul,1,22,2012,41.9
Middle East,Turkey,,Istanbul,1,23,2012,46.8
Middle East,Turkey,,Istanbul,1,24,2012,46.2
Middle East,Turkey,,Istanbul,1,25,2012,48.2
Middle East,Turkey,,Istanbul,1,26,2012,44.4
Middle East,Turkey,,Istanbul,1,27,2012,28.6
Middle East,Turkey,,Istanbul,1,28,2012,34.8
Middle East,Turkey,,Istanbul,1,29,2012,36.1
Middle East,Turkey,,Istanbul,1,30,2012,29.3
Middle East,Turkey,,Istanbul,1,31,2012,26.2
Middle East,Turkey,,Istanbul,2,1,2012,29.8
Middle East,Turkey,,Istanbul,2,2,2012,31.4
Middle East,Turkey,,Istanbul,2,3,2012,38.6
Middle East,Turkey,,Istanbul,2,4,2012,49.9
Middle East,Turkey,,Istanbul,2,5,2012,50.4
Middle East,Turkey,,Istanbul,2,6,2012,43.1
Middle East,Turkey,,Istanbul,2,7,2012,43.3
Middle East,Turkey,,Istanbul,2,8,2012,35.4
Middle East,Turkey,,Istanbul,2,9,2012,32.9
Middle East,Turkey,,Istanbul,2,10,2012,33.8
Middle East,Turkey,,Istanbul,2,11,2012,37.0
Middle East,Turkey,,Istanbul,2,12,2012,42.3
Middle East,Turkey,,Istanbul,2,13,2012,44.1
Middle East,Turkey,,Istanbul,2,14,2012,40.2
Middle East,Turkey,,Istanbul,2,15,2012,36.3
Middle East,Turkey,,Istanbul,2,16,2012,40.7
Middle East,Turkey,,Istanbul,2,17,2012,32.8
Middle East,Turkey,,Istanbul,2,18,2012,33.8
Middle East,Turkey,,Istanbul,2,19,2012,37.1
Middle East,Turkey,,Istanbul,2,20,2012,42.0
Middle East,Turkey,,Istanbul,2,21,2012,42.8
Middle East,Turkey,,Istanbul,2,22,2012,43.7
Middle East,Turkey,,Istanbul,2,23,2012,42.6
Middle East,Turkey,,Istanbul,2,24,2012,41.9
Middle East,Turkey,,Istanbul,2,25,2012,45.4
Middle East,Turkey,,Istanbul,2,26,2012,46.3
Middle East,Turkey,,Istanbul,2,27,2012,40.7
Middle East,Turkey,,Istanbul,2,28,2012,33.4
Middle East,Turkey,,Istanbul,2,29,2012,33.4
Middle East,Turkey,,Istanbul,3,1,2012,35.5
Middle East,Turkey,,Istanbul,3,2,2012,40.2
Middle East,Turkey,,Istanbul,3,3,2012,40.6
Middle East,Turkey,,Istanbul,3,4,2012,41.5
Middle East,Turkey,,Istanbul,3,5,2012,43.6
Middle East,Turkey,,Istanbul,3,6,2012,42.0
Middle East,Turkey,,Istanbul,3,7,2012,42.3
Middle East,Turkey,,Istanbul,3,8,2012,43.6
Middle East,Turkey,,Istanbul,3,9,2012,43.4
Middle East,Turkey,,Istanbul,3,10,2012,41.4
Middle East,Turkey,,Istanbul,3,11,2012,39.0
Middle East,Turkey,,Istanbul,3,12,2012,39.4
Middle East,Turkey,,Istanbul,3,13,2012,42.6
Middle East,Turkey,,Istanbul,3,14,2012,44.3
Middle East,Turkey,,Istanbul,3,15,2012,40.2
Middle East,Turkey,,Istanbul,3,16,2012,40.5
Middle East,Turkey,,Istanbul,3,17,2012,44.8
Middle East,Turkey,,Istanbul,3,18,2012,49.3
Middle East,Turkey,,Istanbul,3,19,2012,51.3
Middle East,Turkey,,Istanbul,3,20,2012,50.2
Middle East,Turkey,,Istanbul,3,21,2012,50.2
Middle East,Turkey,,Istanbul,3,22,2012,53.4
Middle East,Turkey,,Istanbul,3,23,2012,53.5
Middle East,Turkey,,Istanbul,3,24,2012,54.3
Middle East,Turkey,,Istanbul,3,25,2012,57.8
Middle East,Turkey,,Istanbul,3,26,2012,50.0
Middle East,Turkey,,Istanbul,3,27,2012,46.9
Middle East,Turkey,,Istanbul,3,28,2012,49.5
Middle East,Turkey,,Istanbul,3,29,2012,50.2
Middle East,Turkey,,Istanbul,3,30,2012,51.0
Middle East,Turkey,,Istanbul,3,31,2012,52.3
Middle East,Turkey,,Istanbul,4,1,2012,51.2
Middle East,Turkey,,Istanbul,4,2,2012,46.1
Middle East,Turkey,,Istanbul,4,3,2012,51.1
Middle East,Turkey,,Istanbul,4,4,2012,57.6
Middle East,Turkey,,Istanbul,4,5,2012,60.9
Middle East,Turkey,,Istanbul,4,6,2012,60.6
Middle East,Turkey,,Istanbul,4,7,2012,60.3
Middle East,Turkey,,Istanbul,4,8,2012,61.5
Middle East,Turkey,,Istanbul,4,9,2012,46.7
Middle East,Turkey,,Istanbul,4,10,2012,46.1
Middle East,Turkey,,Istanbul,4,11,2012,47.5
Middle East,Turkey,,Istanbul,4,12,2012,54.1
Middle East,Turkey,,Istanbul,4,13,2012,59.3
Middle East,Turkey,,Istanbul,4,14,2012,59.6
Middle East,Turkey,,Istanbul,4,15,2012,57.3
Middle East,Turkey,,Istanbul,4,16,2012,59.8
Middle East,Turkey,,Istanbul,4,17,2012,66.0
Middle East,Turkey,,Istanbul,4,18,2012,61.4
Middle East,Turkey,,Istanbul,4,19,2012,56.5
Middle East,Turkey,,Istanbul,4,20,2012,59.7
Middle East,Turkey,,Istanbul,4,21,2012,58.2
Middle East,Turkey,,Istanbul,4,22,2012,58.5
Middle East,Turkey,,Istanbul,4,23,2012,60.5
Middle East,Turkey,,Istanbul,4,24,2012,62.5
Middle East,Turkey,,Istanbul,4,25,2012,69.0
Middle East,Turkey,,Istanbul,4,26,2012,63.6
Middle East,Turkey,,Istanbul,4,27,2012,61.5
Middle East,Turkey,,Istanbul,4,28,2012,61.1
Middle East,Turkey,,Istanbul,4,29,2012,60.5
Middle East,Turkey,,Istanbul,4,30,2012,60.7
Middle East,Turkey,,Istanbul,5,1,2012,61.0
Middle East,Turkey,,Istanbul,5,2,2012,62.3
Middle East,Turkey,,Istanbul,5,3,2012,59.1
Middle East,Turkey,,Istanbul,5,4,2012,60.5
Middle East,Turkey,,Istanbul,5,5,2012,64.8
Middle East,Turkey,,Istanbul,5,6,2012,65.2
Middle East,Turkey,,Istanbul,5,7,2012,67.9
Middle East,Turkey,,Istanbul,5,8,2012,67.7
Middle East,Turkey,,Istanbul,5,9,2012,63.1
Middle East,Turkey,,Istanbul,5,10,2012,64.7
Middle East,Turkey,,Istanbul,5,11,2012,65.3
Middle East,Turkey,,Istanbul,5,12,2012,64.4
Middle East,Turkey,,Istanbul,5,13,2012,63.5
Middle East,Turkey,,Istanbul,5,14,2012,61.5
Middle East,Turkey,,Istanbul,5,15,2012,64.0
Middle East,Turkey,,Istanbul,5,16,2012,62.7
Middle East,Turkey,,Istanbul,5,17,2012,67.2
Middle East,Turkey,,Istanbul,5,18,2012,63.1
Middle East,Turkey,,Istanbul,5,19,2012,62.3
Middle East,Turkey,,Istanbul,5,20,2012,60.6
Middle East,Turkey,,Istanbul,5,21,2012,64.6
Middle East,Turkey,,Istanbul,5,22,2012,70.8
Middle East,Turkey,,Istanbul,5,23,2012,67.0
Middle East,Turkey,,Istanbul,5,24,2012,65.6
Middle East,Turkey,,Istanbul,5,25,2012,63.0
Middle East,Turkey,,Istanbul,5,26,2012,63.2
Middle East,Turkey,,Istanbul,5,27,2012,65.5
Middle East,Turkey,,Istanbul,5,28,2012,63.0
Middle East,Turkey,,Istanbul,5,29,2012,65.5
Middle East,Turkey,,Istanbul,5,30,2012,66.1
Middle East,Turkey,,Istanbul,5,31,2012,67.4
Middle East,Turkey,,Istanbul,6,1,2012,67.5
Middle East,Turkey,,Istanbul,6,2,2012,71.8
Middle East,Turkey,,Istanbul,6,3,2012,76.1
Middle East,Turkey,,Istanbul,6,4,2012,74.8
Middle East,Turkey,,Istanbul,6,5,2012,76.9
Middle East,Turkey,,Istanbul,6,6,2012,72.5
Middle East,Turkey,,Istanbul,6,7,2012,69.2
Middle East,Turkey,,Istanbul,6,8,2012,72.3
Middle East,Turkey,,Istanbul,6,9,2012,74.6
Middle East,Turkey,,Istanbul,6,10,2012,72.8
Middle East,Turkey,,Istanbul,6,11,2012,72.6
Middle East,Turkey,,Istanbul,6,12,2012,78.3
Middle East,Turkey,,Istanbul,6,13,2012,79.4
Middle East,Turkey,,Istanbul,6,14,2012,80.2
Middle East,Turkey,,Istanbul,6,15,2012,78.4
Middle East,Turkey,,Istanbul,6,16,2012,77.6
Middle East,Turkey,,Istanbul,6,17,2012,74.9
Middle East,Turkey,,Istanbul,6,18,2012,76.3
Middle East,Turkey,,Istanbul,6,19,2012,77.5
Middle East,Turkey,,Istanbul,6,20,2012,78.8
Middle East,Turkey,,Istanbul,6,21,2012,77.5
Middle East,Turkey,,Istanbul,6,22,2012,80.6
Middle East,Turkey,,Istanbul,6,23,2012,80.7
Middle East,Turkey,,Istanbul,6,24,2012,81.1
Middle East,Turkey,,Istanbul,6,25,2012,80.8
Middle East,Turkey,,Istanbul,6,26,2012,78.6
Middle East,Turkey,,Istanbul,6,27,2012,75.6
Middle East,Turkey,,Istanbul,6,28,2012,75.2
Middle East,Turkey,,Istanbul,6,29,2012,76.8
Middle East,Turkey,,Istanbul,6,30,2012,76.9
Middle East,Turkey,,Istanbul,7,1,2012,76.5
Middle East,Turkey,,Istanbul,7,2,2012,77.5
Middle East,Turkey,,Istanbul,7,3,2012,78.1
Middle East,Turkey,,Istanbul,7,4,2012,75.5
Middle East,Turkey,,Istanbul,7,5,2012,79.9
Middle East,Turkey,,Istanbul,7,6,2012,80.0
Middle East,Turkey,,Istanbul,7,7,2012,78.7
Middle East,Turkey,,Istanbul,7,8,2012,80.8
Middle East,Turkey,,Istanbul,7,9,2012,81.8
Middle East,Turkey,,Istanbul,7,10,2012,82.4
Middle East,Turkey,,Istanbul,7,11,2012,83.5
Middle East,Turkey,,Istanbul,7,12,2012,82.4
Middle East,Turkey,,Istanbul,7,13,2012,83.6
Middle East,Turkey,,Istanbul,7,14,2012,83.7
Middle East,Turkey,,Istanbul,7,15,2012,85.0
Middle East,Turkey,,Istanbul,7,16,2012,82.5
Middle East,Turkey,,Istanbul,7,17,2012,81.6
Middle East,Turkey,,Istanbul,7,18,2012,79.6
Middle East,Turkey,,Istanbul,7,19,2012,79.7
Middle East,Turkey,,Istanbul,7,20,2012,80.5
Middle East,Turkey,,Istanbul,7,21,2012,80.1
Middle East,Turkey,,Istanbul,7,22,2012,82.0
Middle East,Turkey,,Istanbul,7,23,2012,81.8
Middle East,Turkey,,Istanbul,7,24,2012,82.4
Middle East,Turkey,,Istanbul,7,25,2012,82.9
Middle East,Turkey,,Istanbul,7,26,2012,83.6
Middle East,Turkey,,Istanbul,7,27,2012,84.1
Middle East,Turkey,,Istanbul,7,28,2012,84.1
Middle East,Turkey,,Istanbul,7,29,2012,83.2
Middle East,Turkey,,Istanbul,7,30,2012,82.2
Middle East,Turkey,,Istanbul,7,31,2012,83.7
Middle East,Turkey,,Istanbul,8,1,2012,78.5
Middle East,Turkey,,Istanbul,8,2,2012,79.3
Middle East,Turkey,,Istanbul,8,3,2012,79.7
Middle East,Turkey,,Istanbul,8,4,2012,79.9
Middle East,Turkey,,Istanbul,8,5,2012,82.8
Middle East,Turkey,,Istanbul,8,6,2012,83.1
Middle East,Turkey,,Istanbul,8,7,2012,85.1
Middle East,Turkey,,Istanbul,8,8,2012,83.8
Middle East,Turkey,,Istanbul,8,9,2012,83.4
Middle East,Turkey,,Istanbul,8,10,2012,82.6
Middle East,Turkey,,Istanbul,8,11,2012,82.2
Middle East,Turkey,,Istanbul,8,12,2012,75.9
Middle East,Turkey,,Istanbul,8,13,2012,74.7
Middle East,Turkey,,Istanbul,8,14,2012,78.4
Middle East,Turkey,,Istanbul,8,15,2012,79.4
Middle East,Turkey,,Istanbul,8,16,2012,80.4
Middle East,Turkey,,Istanbul,8,17,2012,79.5
Middle East,Turkey,,Istanbul,8,18,2012,77.4
Middle East,Turkey,,Istanbul,8,19,2012,77.4
Middle East,Turkey,,Istanbul,8,20,2012,77.7
Middle East,Turkey,,Istanbul,8,21,2012,80.5
Middle East,Turkey,,Istanbul,8,22,2012,84.0
Middle East,Turkey,,Istanbul,8,23,2012,84.2
Middle East,Turkey,,Istanbul,8,24,2012,82.6
Middle East,Turkey,,Istanbul,8,25,2012,81.3
Middle East,Turkey,,Istanbul,8,26,2012,80.2
Middle East,Turkey,,Istanbul,8,27,2012,78.6
Middle East,Turkey,,Istanbul,8,28,2012,70.6
Middle East,Turkey,,Istanbul,8,29,2012,72.0
Middle East,Turkey,,Istanbul,8,30,2012,72.9
Middle East,Turkey,,Istanbul,8,31,2012,73.8
Middle East,Turkey,,Istanbul,9,1,2012,75.2
Middle East,Turkey,,Istanbul,9,2,2012,75.8
Middle East,Turkey,,Istanbul,9,3,2012,74.6
Middle East,Turkey,,Istanbul,9,4,2012,75.3
Middle East,Turkey,,Istanbul,9,5,2012,76.7
Middle East,Turkey,,Istanbul,9,6,2012,75.9
Middle East,Turkey,,Istanbul,9,7,2012,75.1
Middle East,Turkey,,Istanbul,9,8,2012,72.7
Middle East,Turkey,,Istanbul,9,9,2012,73.4
Middle East,Turkey,,Istanbul,9,10,2012,73.7
Middle East,Turkey,,Istanbul,9,11,2012,71.9
Middle East,Turkey,,Istanbul,9,12,2012,72.1
Middle East,Turkey,,Istanbul,9,13,2012,71.1
Middle East,Turkey,,Istanbul,9,14,2012,76.2
Middle East,Turkey,,Istanbul,9,15,2012,78.6
Middle East,Turkey,,Istanbul,9,16,2012,79.0
Middle East,Turkey,,Istanbul,9,17,2012,75.7
Middle East,Turkey,,Istanbul,9,18,2012,72.8
Middle East,Turkey,,Istanbul,9,19,2012,72.4
Middle East,Turkey,,Istanbul,9,20,2012,70.2
Middle East,Turkey,,Istanbul,9,21,2012,63.6
Middle East,Turkey,,Istanbul,9,22,2012,63.9
Middle East,Turkey,,Istanbul,9,23,2012,67.3
Middle East,Turkey,,Istanbul,9,24,2012,68.3
Middle East,Turkey,,Istanbul,9,25,2012,72.2
Middle East,Turkey,,Istanbul,9,26,2012,73.5
Middle East,Turkey,,Istanbul,9,27,2012,75.3
Middle East,Turkey,,Istanbul,9,28,2012,74.7
Middle East,Turkey,,Istanbul,9,29,2012,73.1
Middle East,Turkey,,Istanbul,9,30,2012,73.8
Middle East,Turkey,,Istanbul,10,1,2012,74.0
Middle East,Turkey,,Istanbul,10,2,2012,72.0
Middle East,Turkey,,Istanbul,10,3,2012,72.5
Middle East,Turkey,,Istanbul,10,4,2012,72.0
Middle East,Turkey,,Istanbul,10,5,2012,70.9
Middle East,Turkey,,Istanbul,10,6,2012,71.7
Middle East,Turkey,,Istanbul,10,7,2012,70.1
Middle East,Turkey,,Istanbul,10,8,2012,67.7
Middle East,Turkey,,Istanbul,10,9,2012,64.3
Middle East,Turkey,,Istanbul,10,10,2012,65.3
Middle East,Turkey,,Istanbul,10,11,2012,64.6
Middle East,Turkey,,Istanbul,10,12,2012,66.3
Middle East,Turkey,,Istanbul,10,13,2012,70.0
Middle East,Turkey,,Istanbul,10,14,2012,72.2
Middle East,Turkey,,Istanbul,10,15,2012,73.7
Middle East,Turkey,,Istanbul,10,16,2012,73.4
Middle East,Turkey,,Istanbul,10,17,2012,73.1
Middle East,Turkey,,Istanbul,10,18,2012,70.8
Middle East,Turkey,,Istanbul,10,19,2012,67.5
Middle East,Turkey,,Istanbul,10,20,2012,62.3
Middle East,Turkey,,Istanbul,10,21,2012,66.1
Middle East,Turkey,,Istanbul,10,22,2012,70.2
Middle East,Turkey,,Istanbul,10,23,2012,65.7
Middle East,Turkey,,Istanbul,10,24,2012,64.3
Middle East,Turkey,,Istanbul,10,25,2012,64.6
Middle East,Turkey,,Istanbul,10,26,2012,61.9
Middle East,Turkey,,Istanbul,10,27,2012,66.7
Middle East,Turkey,,Istanbul,10,28,2012,72.4
Middle East,Turkey,,Istanbul,10,29,2012,70.7
Middle East,Turkey,,Istanbul,10,30,2012,62.7
Middle East,Turkey,,Istanbul,10,31,2012,61.8
Middle East,Turkey,,Istanbul,11,1,2012,65.1
Middle East,Turkey,,Istanbul,11,2,2012,68.5
Middle East,Turkey,,Istanbul,11,3,2012,66.6
Middle East,Turkey,,Istanbul,11,4,2012,63.7
Middle East,Turkey,,Istanbul,11,5,2012,66.7
Middle East,Turkey,,Istanbul,11,6,2012,67.9
Middle East,Turkey,,Istanbul,11,7,2012,59.0
Middle East,Turkey,,Istanbul,11,8,2012,57.6
Middle East,Turkey,,Istanbul,11,9,2012,57.4
Middle East,Turkey,,Istanbul,11,10,2012,56.5
Middle East,Turkey,,Istanbul,11,11,2012,57.8
Middle East,Turkey,,Istanbul,11,12,2012,57.7
Middle East,Turkey,,Istanbul,11,13,2012,59.0
Middle East,Turkey,,Istanbul,11,14,2012,58.9
Middle East,Turkey,,Istanbul,11,15,2012,59.1
Middle East,Turkey,,Istanbul,11,16,2012,58.2
Middle East,Turkey,,Istanbul,11,17,2012,58.4
Middle East,Turkey,,Istanbul,11,18,2012,59.5
Middle East,Turkey,,Istanbul,11,19,2012,58.3
Middle East,Turkey,,Istanbul,11,20,2012,59.9
Middle East,Turkey,,Istanbul,11,21,2012,58.8
Middle East,Turkey,,Istanbul,11,22,2012,55.8
Middle East,Turkey,,Istanbul,11,23,2012,53.7
Middle East,Turkey,,Istanbul,11,24,2012,51.9
Middle East,Turkey,,Istanbul,11,25,2012,51.6
Middle East,Turkey,,Istanbul,11,26,2012,51.1
Middle East,Turkey,,Istanbul,11,27,2012,51.6
Middle East,Turkey,,Istanbul,11,28,2012,58.5
Middle East,Turkey,,Istanbul,11,29,2012,63.5
Middle East,Turkey,,Istanbul,11,30,2012,62.4
Middle East,Turkey,,Istanbul,12,1,2012,59.3
Middle East,Turkey,,Istanbul,12,2,2012,61.6
Middle East,Turkey,,Istanbul,12,3,2012,58.5
Middle East,Turkey,,Istanbul,12,4,2012,42.7
Middle East,Turkey,,Istanbul,12,5,2012,50.4
Middle East,Turkey,,Istanbul,12,6,2012,47.3
Middle East,Turkey,,Istanbul,12,7,2012,44.8
Middle East,Turkey,,Istanbul,12,8,2012,48.3
Middle East,Turkey,,Istanbul,12,9,2012,54.6
Middle East,Turkey,,Istanbul,12,10,2012,46.7
Middle East,Turkey,,Istanbul,12,11,2012,47.9
Middle East,Turkey,,Istanbul,12,12,2012,44.3
Middle East,Turkey,,Istanbul,12,13,2012,39.4
Middle East,Turkey,,Istanbul,12,14,2012,39.5
Middle East,Turkey,,Istanbul,12,15,2012,42.7
Middle East,Turkey,,Istanbul,12,16,2012,46.6
Middle East,Turkey,,Istanbul,12,17,2012,48.7
Middle East,Turkey,,Istanbul,12,18,2012,50.5
Middle East,Turkey,,Istanbul,12,19,2012,45.1
Middle East,Turkey,,Istanbul,12,20,2012,31.2
Middle East,Turkey,,Istanbul,12,21,2012,33.3
Middle East,Turkey,,Istanbul,12,22,2012,35.3
Middle East,Turkey,,Istanbul,12,23,2012,42.0
Middle East,Turkey,,Istanbul,12,24,2012,44.9
Middle East,Turkey,,Istanbul,12,25,2012,47.0
Middle East,Turkey,,Istanbul,12,26,2012,52.5
Middle East,Turkey,,Istanbul,12,27,2012,53.8
Middle East,Turkey,,Istanbul,12,28,2012,55.2
Middle East,Turkey,,Istanbul,12,29,2012,47.9
Middle East,Turkey,,Istanbul,12,30,2012,47.5
Middle East,Turkey,,Istanbul,12,31,2012,47.6
Middle East,Turkey,,Istanbul,1,1,2013,46.0
Middle East,Turkey,,Istanbul,1,2,2013,46.0
Middle East,Turkey,,Istanbul,1,3,2013,46.5
Middle East,Turkey,,Istanbul,1,4,2013,44.2
Middle East,Turkey,,Istanbul,1,5,2013,44.6
Middle East,Turkey,,Istanbul,1,6,2013,41.0
Middle East,Turkey,,Istanbul,1,7,2013,34.5
Middle East,Turkey,,Istanbul,1,8,2013,28.4
Middle East,Turkey,,Istanbul,1,9,2013,29.0
Middle East,Turkey,,Istanbul,1,10,2013,35.3
Middle East,Turkey,,Istanbul,1,11,2013,46.1
Middle East,Turkey,,Istanbul,1,12,2013,46.4
Middle East,Turkey,,Istanbul,1,13,2013,40.7
Middle East,Turkey,,Istanbul,1,14,2013,43.7
Middle East,Turkey,,Istanbul,1,15,2013,48.1
Middle East,Turkey,,Istanbul,1,16,2013,52.0
Middle East,Turkey,,Istanbul,1,17,2013,51.2
Middle East,Turkey,,Istanbul,1,18,2013,54.0
Middle East,Turkey,,Istanbul,1,19,2013,48.6
Middle East,Turkey,,Istanbul,1,20,2013,52.2
Middle East,Turkey,,Istanbul,1,21,2013,56.9
Middle East,Turkey,,Istanbul,1,22,2013,54.3
Middle East,Turkey,,Istanbul,1,23,2013,52.7
Middle East,Turkey,,Istanbul,1,24,2013,53.5
Middle East,Turkey,,Istanbul,1,25,2013,50.6
Middle East,Turkey,,Istanbul,1,26,2013,44.9
Middle East,Turkey,,Istanbul,1,27,2013,37.8
Middle East,Turkey,,Istanbul,1,28,2013,39.3
Middle East,Turkey,,Istanbul,1,29,2013,38.1
Middle East,Turkey,,Istanbul,1,30,2013,37.6
Middle East,Turkey,,Istanbul,1,31,2013,40.4
Middle East,Turkey,,Istanbul,2,1,2013,44.8
Middle East,Turkey,,Istanbul,2,2,2013,50.3
Middle East,Turkey,,Istanbul,2,3,2013,58.0
Middle East,Turkey,,Istanbul,2,4,2013,55.0
Middle East,Turkey,,Istanbul,2,5,2013,48.0
Middle East,Turkey,,Istanbul,2,6,2013,46.8
Middle East,Turkey,,Istanbul,2,7,2013,55.5
Middle East,Turkey,,Istanbul,2,8,2013,50.0
Middle East,Turkey,,Istanbul,2,9,2013,49.8
Middle East,Turkey,,Istanbul,2,10,2013,48.9
Middle East,Turkey,,Istanbul,2,11,2013,44.3
Middle East,Turkey,,Istanbul,2,12,2013,45.7
Middle East,Turkey,,Istanbul,2,13,2013,51.1
Middle East,Turkey,,Istanbul,2,14,2013,47.8
Middle East,Turkey,,Istanbul,2,15,2013,43.9
Middle East,Turkey,,Istanbul,2,16,2013,40.3
Middle East,Turkey,,Istanbul,2,17,2013,41.7
Middle East,Turkey,,Istanbul,2,18,2013,42.0
Middle East,Turkey,,Istanbul,2,19,2013,43.0
Middle East,Turkey,,Istanbul,2,20,2013,42.5
Middle East,Turkey,,Istanbul,2,21,2013,46.0
Middle East,Turkey,,Istanbul,2,22,2013,49.8
Middle East,Turkey,,Istanbul,2,23,2013,47.7
Middle East,Turkey,,Istanbul,2,24,2013,49.5
Middle East,Turkey,,Istanbul,2,25,2013,49.0
Middle East,Turkey,,Istanbul,2,26,2013,46.9
Middle East,Turkey,,Istanbul,2,27,2013,46.1
Middle East,Turkey,,Istanbul,2,28,2013,41.3
Middle East,Turkey,,Istanbul,3,1,2013,41.2
Middle East,Turkey,,Istanbul,3,2,2013,47.4
Middle East,Turkey,,Istanbul,3,3,2013,45.4
Middle East,Turkey,,Istanbul,3,4,2013,42.7
Middle East,Turkey,,Istanbul,3,5,2013,41.9
Middle East,Turkey,,Istanbul,3,6,2013,43.5
Middle East,Turkey,,Istanbul,3,7,2013,52.4
Middle East,Turkey,,Istanbul,3,8,2013,52.9
Middle East,Turkey,,Istanbul,3,9,2013,53.7
Middle East,Turkey,,Istanbul,3,10,2013,56.0
Middle East,Turkey,,Istanbul,3,11,2013,56.6
Middle East,Turkey,,Istanbul,3,12,2013,57.0
Middle East,Turkey,,Istanbul,3,13,2013,55.8
Middle East,Turkey,,Istanbul,3,14,2013,61.0
Middle East,Turkey,,Istanbul,3,15,2013,55.3
Middle East,Turkey,,Istanbul,3,16,2013,38.6
Middle East,Turkey,,Istanbul,3,17,2013,39.3
Middle East,Turkey,,Istanbul,3,18,2013,43.1
Middle East,Turkey,,Istanbul,3,19,2013,53.3
Middle East,Turkey,,Istanbul,3,20,2013,56.3
Middle East,Turkey,,Istanbul,3,21,2013,60.7
Middle East,Turkey,,Istanbul,3,22,2013,49.3
Middle East,Turkey,,Istanbul,3,23,2013,44.8
Middle East,Turkey,,Istanbul,3,24,2013,49.7
Middle East,Turkey,,Istanbul,3,25,2013,49.0
Middle East,Turkey,,Istanbul,3,26,2013,51.8
Middle East,Turkey,,Istanbul,3,27,2013,46.0
Middle East,Turkey,,Istanbul,3,28,2013,46.1
Middle East,Turkey,,Istanbul,3,29,2013,49.1
Middle East,Turkey,,Istanbul,3,30,2013,56.3
Middle East,Turkey,,Istanbul,3,31,2013,66.5
Middle East,Turkey,,Istanbul,4,1,2013,60.8
Middle East,Turkey,,Istanbul,4,2,2013,60.7
Middle East,Turkey,,Istanbul,4,3,2013,61.8
Middle East,Turkey,,Istanbul,4,4,2013,55.4
Middle East,Turkey,,Istanbul,4,5,2013,59.8
Middle East,Turkey,,Istanbul,4,6,2013,66.4
Middle East,Turkey,,Istanbul,4,7,2013,58.2
Middle East,Turkey,,Istanbul,4,8,2013,48.0
Middle East,Turkey,,Istanbul,4,9,2013,47.6
Middle East,Turkey,,Istanbul,4,10,2013,51.8
Middle East,Turkey,,Istanbul,4,11,2013,55.1
Middle East,Turkey,,Istanbul,4,12,2013,59.0
Middle East,Turkey,,Istanbul,4,13,2013,61.2
Middle East,Turkey,,Istanbul,4,14,2013,57.2
Middle East,Turkey,,Istanbul,4,15,2013,51.9
Middle East,Turkey,,Istanbul,4,16,2013,49.1
Middle East,Turkey,,Istanbul,4,17,2013,49.9
Middle East,Turkey,,Istanbul,4,18,2013,50.1
Middle East,Turkey,,Istanbul,4,19,2013,51.7
Middle East,Turkey,,Istanbul,4,20,2013,52.1
Middle East,Turkey,,Istanbul,4,21,2013,52.1
Middle East,Turkey,,Istanbul,4,22,2013,53.1
Middle East,Turkey,,Istanbul,4,23,2013,52.7
Middle East,Turkey,,Istanbul,4,24,2013,57.0
Middle East,Turkey,,Istanbul,4,25,2013,61.6
Middle East,Turkey,,Istanbul,4,26,2013,65.9
Middle East,Turkey,,Istanbul,4,27,2013,66.5
Middle East,Turkey,,Istanbul,4,28,2013,66.9
Middle East,Turkey,,Istanbul,4,29,2013,67.0
Middle East,Turkey,,Istanbul,4,30,2013,66.4
Middle East,Turkey,,Istanbul,5,1,2013,64.0
Middle East,Turkey,,Istanbul,5,2,2013,64.9
Middle East,Turkey,,Istanbul,5,3,2013,62.2
Middle East,Turkey,,Istanbul,5,4,2013,61.3
Middle East,Turkey,,Istanbul,5,5,2013,67.7
Middle East,Turkey,,Istanbul,5,6,2013,66.9
Middle East,Turkey,,Istanbul,5,7,2013,63.5
Middle East,Turkey,,Istanbul,5,8,2013,63.3
Middle East,Turkey,,Istanbul,5,9,2013,61.4
Middle East,Turkey,,Istanbul,5,10,2013,60.8
Middle East,Turkey,,Istanbul,5,11,2013,60.9
Middle East,Turkey,,Istanbul,5,12,2013,63.5
Middle East,Turkey,,Istanbul,5,13,2013,65.5
Middle East,Turkey,,Istanbul,5,14,2013,63.3
Middle East,Turkey,,Istanbul,5,15,2013,63.4
Middle East,Turkey,,Istanbul,5,16,2013,68.3
Middle East,Turkey,,Istanbul,5,17,2013,71.7
Middle East,Turkey,,Istanbul,5,18,2013,72.2
Middle East,Turkey,,Istanbul,5,19,2013,74.1
Middle East,Turkey,,Istanbul,5,20,2013,73.1
Middle East,Turkey,,Istanbul,5,21,2013,73.9
Middle East,Turkey,,Istanbul,5,22,2013,73.9
Middle East,Turkey,,Istanbul,5,23,2013,76.7
Middle East,Turkey,,Istanbul,5,24,2013,70.9
Middle East,Turkey,,Istanbul,5,25,2013,71.4
Middle East,Turkey,,Istanbul,5,26,2013,72.1
Middle East,Turkey,,Istanbul,5,27,2013,68.1
Middle East,Turkey,,Istanbul,5,28,2013,68.7
Middle East,Turkey,,Istanbul,5,29,2013,76.2
Middle East,Turkey,,Istanbul,5,30,2013,72.1
Middle East,Turkey,,Istanbul,5,31,2013,74.8
Middle East,Turkey,,Istanbul,6,1,2013,71.5
Middle East,Turkey,,Istanbul,6,2,2013,66.8
Middle East,Turkey,,Istanbul,6,3,2013,66.4
Middle East,Turkey,,Istanbul,6,4,2013,70.0
Middle East,Turkey,,Istanbul,6,5,2013,69.4
Middle East,Turkey,,Istanbul,6,6,2013,69.2
Middle East,Turkey,,Istanbul,6,7,2013,71.4
Middle East,Turkey,,Istanbul,6,8,2013,71.9
Middle East,Turkey,,Istanbul,6,9,2013,72.3
Middle East,Turkey,,Istanbul,6,10,2013,73.7
Middle East,Turkey,,Istanbul,6,11,2013,76.6
Middle East,Turkey,,Istanbul,6,12,2013,71.6
Middle East,Turkey,,Istanbul,6,13,2013,72.9
Middle East,Turkey,,Istanbul,6,14,2013,69.9
Middle East,Turkey,,Istanbul,6,15,2013,71.8
Middle East,Turkey,,Istanbul,6,16,2013,73.6
Middle East,Turkey,,Istanbul,6,17,2013,78.1
Middle East,Turkey,,Istanbul,6,18,2013,79.3
Middle East,Turkey,,Istanbul,6,19,2013,77.4
Middle East,Turkey,,Istanbul,6,20,2013,77.1
Middle East,Turkey,,Istanbul,6,21,2013,75.7
Middle East,Turkey,,Istanbul,6,22,2013,76.2
Middle East,Turkey,,Istanbul,6,23,2013,77.3
Middle East,Turkey,,Istanbul,6,24,2013,80.7
Middle East,Turkey,,Istanbul,6,25,2013,81.6
Middle East,Turkey,,Istanbul,6,26,2013,78.6
Middle East,Turkey,,Istanbul,6,27,2013,79.0
Middle East,Turkey,,Istanbul,6,28,2013,75.6
Middle East,Turkey,,Istanbul,6,29,2013,78.2
Middle East,Turkey,,Istanbul,6,30,2013,73.9
Middle East,Turkey,,Istanbul,7,1,2013,71.1
Middle East,Turkey,,Istanbul,7,2,2013,72.5
Middle East,Turkey,,Istanbul,7,3,2013,72.9
Middle East,Turkey,,Istanbul,7,4,2013,73.0
Middle East,Turkey,,Istanbul,7,5,2013,75.1
Middle East,Turkey,,Istanbul,7,6,2013,77.3
Middle East,Turkey,,Istanbul,7,7,2013,79.4
Middle East,Turkey,,Istanbul,7,8,2013,80.1
Middle East,Turkey,,Istanbul,7,9,2013,79.6
Middle East,Turkey,,Istanbul,7,10,2013,77.8
Middle East,Turkey,,Istanbul,7,11,2013,79.1
Middle East,Turkey,,Istanbul,7,12,2013,80.4
Middle East,Turkey,,Istanbul,7,13,2013,78.2
Middle East,Turkey,,Istanbul,7,14,2013,78.9
Middle East,Turkey,,Istanbul,7,15,2013,77.7
Middle East,Turkey,,Istanbul,7,16,2013,77.6
Middle East,Turkey,,Istanbul,7,17,2013,76.9
Middle East,Turkey,,Istanbul,7,18,2013,76.8
Middle East,Turkey,,Istanbul,7,19,2013,77.0
Middle East,Turkey,,Istanbul,7,20,2013,78.3
Middle East,Turkey,,Istanbul,7,21,2013,77.9
Middle East,Turkey,,Istanbul,7,22,2013,75.7
Middle East,Turkey,,Istanbul,7,23,2013,77.9
Middle East,Turkey,,Istanbul,7,24,2013,80.0
Middle East,Turkey,,Istanbul,7,25,2013,81.0
Middle East,Turkey,,Istanbul,7,26,2013,81.8
Middle East,Turkey,,Istanbul,7,27,2013,78.9
Middle East,Turkey,,Istanbul,7,28,2013,78.3
Middle East,Turkey,,Istanbul,7,29,2013,79.7
Middle East,Turkey,,Istanbul,7,30,2013,82.9
Middle East,Turkey,,Istanbul,7,31,2013,80.3
Middle East,Turkey,,Istanbul,8,1,2013,75.7
Middle East,Turkey,,Istanbul,8,2,2013,78.5
Middle East,Turkey,,Istanbul,8,3,2013,80.4
Middle East,Turkey,,Istanbul,8,4,2013,79.9
Middle East,Turkey,,Istanbul,8,5,2013,78.5
Middle East,Turkey,,Istanbul,8,6,2013,79.9
Middle East,Turkey,,Istanbul,8,7,2013,79.8
Middle East,Turkey,,Istanbul,8,8,2013,80.6
Middle East,Turkey,,Istanbul,8,9,2013,80.5
Middle East,Turkey,,Istanbul,8,10,2013,81.8
Middle East,Turkey,,Istanbul,8,11,2013,79.8
Middle East,Turkey,,Istanbul,8,12,2013,80.6
Middle East,Turkey,,Istanbul,8,13,2013,81.4
Middle East,Turkey,,Istanbul,8,14,2013,82.0
Middle East,Turkey,,Istanbul,8,15,2013,81.7
Middle East,Turkey,,Istanbul,8,16,2013,82.1
Middle East,Turkey,,Istanbul,8,17,2013,79.9
Middle East,Turkey,,Istanbul,8,18,2013,79.3
Middle East,Turkey,,Istanbul,8,19,2013,81.2
Middle East,Turkey,,Istanbul,8,20,2013,81.5
Middle East,Turkey,,Istanbul,8,21,2013,80.4
Middle East,Turkey,,Istanbul,8,22,2013,80.2
Middle East,Turkey,,Istanbul,8,23,2013,79.6
Middle East,Turkey,,Istanbul,8,24,2013,79.3
Middle East,Turkey,,Istanbul,8,25,2013,79.5
Middle East,Turkey,,Istanbul,8,26,2013,80.4
Middle East,Turkey,,Istanbul,8,27,2013,79.1
Middle East,Turkey,,Istanbul,8,28,2013,80.0
Middle East,Turkey,,Istanbul,8,29,2013,78.7
Middle East,Turkey,,Istanbul,8,30,2013,77.0
Middle East,Turkey,,Istanbul,8,31,2013,74.4
Middle East,Turkey,,Istanbul,9,1,2013,74.2
Middle East,Turkey,,Istanbul,9,2,2013,75.3
Middle East,Turkey,,Istanbul,9,3,2013,74.2
Middle East,Turkey,,Istanbul,9,4,2013,72.2
Middle East,Turkey,,Istanbul,9,5,2013,70.6
Middle East,Turkey,,Istanbul,9,6,2013,72.8
Middle East,Turkey,,Istanbul,9,7,2013,74.5
Middle East,Turkey,,Istanbul,9,8,2013,72.0
Middle East,Turkey,,Istanbul,9,9,2013,71.9
Middle East,Turkey,,Istanbul,9,10,2013,71.9
Middle East,Turkey,,Istanbul,9,11,2013,75.8
Middle East,Turkey,,Istanbul,9,12,2013,76.6
Middle East,Turkey,,Istanbul,9,13,2013,77.5
Middle East,Turkey,,Istanbul,9,14,2013,69.7
Middle East,Turkey,,Istanbul,9,15,2013,71.8
Middle East,Turkey,,Istanbul,9,16,2013,74.3
Middle East,Turkey,,Istanbul,9,17,2013,72.6
Middle East,Turkey,,Istanbul,9,18,2013,72.1
Middle East,Turkey,,Istanbul,9,19,2013,72.2
Middle East,Turkey,,Istanbul,9,20,2013,67.4
Middle East,Turkey,,Istanbul,9,21,2013,66.2
Middle East,Turkey,,Istanbul,9,22,2013,63.5
Middle East,Turkey,,Istanbul,9,23,2013,66.6
Middle East,Turkey,,Istanbul,9,24,2013,67.7
Middle East,Turkey,,Istanbul,9,25,2013,70.9
Middle East,Turkey,,Istanbul,9,26,2013,72.6
Middle East,Turkey,,Istanbul,9,27,2013,71.0
Middle East,Turkey,,Istanbul,9,28,2013,69.6
Middle East,Turkey,,Istanbul,9,29,2013,72.1
Middle East,Turkey,,Istanbul,9,30,2013,73.4
Middle East,Turkey,,Istanbul,10,1,2013,67.6
Middle East,Turkey,,Istanbul,10,2,2013,54.0
Middle East,Turkey,,Istanbul,10,3,2013,50.2
Middle East,Turkey,,Istanbul,10,4,2013,48.0
Middle East,Turkey,,Istanbul,10,5,2013,49.6
Middle East,Turkey,,Istanbul,10,6,2013,52.4
Middle East,Turkey,,Istanbul,10,7,2013,56.1
Middle East,Turkey,,Istanbul,10,8,2013,58.8
Middle East,Turkey,,Istanbul,10,9,2013,61.4
Middle East,Turkey,,Istanbul,10,10,2013,62.2
Middle East,Turkey,,Istanbul,10,11,2013,66.4
Middle East,Turkey,,Istanbul,10,12,2013,65.9
Middle East,Turkey,,Istanbul,10,13,2013,63.6
Middle East,Turkey,,Istanbul,10,14,2013,63.9
Middle East,Turkey,,Istanbul,10,15,2013,62.6
Middle East,Turkey,,Istanbul,10,16,2013,65.1
Middle East,Turkey,,Istanbul,10,17,2013,59.7
Middle East,Turkey,,Istanbul,10,18,2013,59.1
Middle East,Turkey,,Istanbul,10,19,2013,59.8
Middle East,Turkey,,Istanbul,10,20,2013,58.7
Middle East,Turkey,,Istanbul,10,21,2013,56.8
Middle East,Turkey,,Istanbul,10,22,2013,59.4
Middle East,Turkey,,Istanbul,10,23,2013,62.9
Middle East,Turkey,,Istanbul,10,24,2013,60.4
Middle East,Turkey,,Istanbul,10,25,2013,59.5
Middle East,Turkey,,Istanbul,10,26,2013,60.1
Middle East,Turkey,,Istanbul,10,27,2013,57.6
Middle East,Turkey,,Istanbul,10,28,2013,59.0
Middle East,Turkey,,Istanbul,10,29,2013,60.2
Middle East,Turkey,,Istanbul,10,30,2013,59.6
Middle East,Turkey,,Istanbul,10,31,2013,59.9
Middle East,Turkey,,Istanbul,11,1,2013,61.0
Middle East,Turkey,,Istanbul,11,2,2013,60.4
Middle East,Turkey,,Istanbul,11,3,2013,59.5
Middle East,Turkey,,Istanbul,11,4,2013,61.9
Middle East,Turkey,,Istanbul,11,5,2013,64.5
Middle East,Turkey,,Istanbul,11,6,2013,66.1
Middle East,Turkey,,Istanbul,11,7,2013,55.9
Middle East,Turkey,,Istanbul,11,8,2013,55.8
Middle East,Turkey,,Istanbul,11,9,2013,57.3
Middle East,Turkey,,Istanbul,11,10,2013,56.8
Middle East,Turkey,,Istanbul,11,11,2013,61.5
Middle East,Turkey,,Istanbul,11,12,2013,60.8
Middle East,Turkey,,Istanbul,11,13,2013,57.9
Middle East,Turkey,,Istanbul,11,14,2013,56.7
Middle East,Turkey,,Istanbul,11,15,2013,56.9
Middle East,Turkey,,Istanbul,11,16,2013,54.1
Middle East,Turkey,,Istanbul,11,17,2013,52.4
Middle East,Turkey,,Istanbul,11,18,2013,53.7
Middle East,Turkey,,Istanbul,11,19,2013,54.2
Middle East,Turkey,,Istanbul,11,20,2013,60.4
Middle East,Turkey,,Istanbul,11,21,2013,62.8
Middle East,Turkey,,Istanbul,11,22,2013,60.3
Middle East,Turkey,,Istanbul,11,23,2013,60.5
Middle East,Turkey,,Istanbul,11,24,2013,62.2
Middle East,Turkey,,Istanbul,11,25,2013,58.0
Middle East,Turkey,,Istanbul,11,26,2013,56.0
Middle East,Turkey,,Istanbul,11,27,2013,56.4
Middle East,Turkey,,Istanbul,11,28,2013,46.0
Middle East,Turkey,,Istanbul,11,29,2013,44.9
Middle East,Turkey,,Istanbul,11,30,2013,46.1
Middle East,Turkey,,Istanbul,12,1,2013,54.2
Middle East,Turkey,,Istanbul,12,2,2013,51.2
Middle East,Turkey,,Istanbul,12,3,2013,44.7
Middle East,Turkey,,Istanbul,12,4,2013,46.4
Middle East,Turkey,,Istanbul,12,5,2013,46.5
Middle East,Turkey,,Istanbul,12,6,2013,48.1
Middle East,Turkey,,Istanbul,12,7,2013,41.6
Middle East,Turkey,,Istanbul,12,8,2013,41.0
Middle East,Turkey,,Istanbul,12,9,2013,45.1
Middle East,Turkey,,Istanbul,12,10,2013,40.6
Middle East,Turkey,,Istanbul,12,11,2013,34.0
Middle East,Turkey,,Istanbul,12,12,2013,34.9
Middle East,Turkey,,Istanbul,12,13,2013,37.1
Middle East,Turkey,,Istanbul,12,14,2013,43.1
Middle East,Turkey,,Istanbul,12,15,2013,44.2
Middle East,Turkey,,Istanbul,12,16,2013,42.8
Middle East,Turkey,,Istanbul,12,17,2013,46.3
Middle East,Turkey,,Istanbul,12,18,2013,47.4
Middle East,Turkey,,Istanbul,12,19,2013,45.8
Middle East,Turkey,,Istanbul,12,20,2013,43.6
Middle East,Turkey,,Istanbul,12,21,2013,44.8
Middle East,Turkey,,Istanbul,12,22,2013,43.7
Middle East,Turkey,,Istanbul,12,23,2013,41.3
Middle East,Turkey,,Istanbul,12,24,2013,44.0
Middle East,Turkey,,Istanbul,12,25,2013,47.9
Middle East,Turkey,,Istanbul,12,26,2013,49.1
Middle East,Turkey,,Istanbul,12,27,2013,53.8
Middle East,Turkey,,Istanbul,12,28,2013,51.6
Middle East,Turkey,,Istanbul,12,29,2013,49.1
Middle East,Turkey,,Istanbul,12,30,2013,47.9
Middle East,Turkey,,Istanbul,12,31,2013,42.8
Middle East,Turkey,,Istanbul,1,1,2014,45.8
Middle East,Turkey,,Istanbul,1,2,2014,47.8
Middle East,Turkey,,Istanbul,1,3,2014,48.2
Middle East,Turkey,,Istanbul,1,4,2014,47.8
Middle East,Turkey,,Istanbul,1,5,2014,46.6
Middle East,Turkey,,Istanbul,1,6,2014,48.9
Middle East,Turkey,,Istanbul,1,7,2014,49.0
Middle East,Turkey,,Istanbul,1,8,2014,48.1
Middle East,Turkey,,Istanbul,1,9,2014,46.7
Middle East,Turkey,,Istanbul,1,10,2014,47.4
Middle East,Turkey,,Istanbul,1,11,2014,48.2
Middle East,Turkey,,Istanbul,1,12,2014,46.5
Middle East,Turkey,,Istanbul,1,13,2014,47.2
Middle East,Turkey,,Istanbul,1,14,2014,47.7
Middle East,Turkey,,Istanbul,1,15,2014,51.0
Middle East,Turkey,,Istanbul,1,16,2014,53.3
Middle East,Turkey,,Istanbul,1,17,2014,52.1
Middle East,Turkey,,Istanbul,1,18,2014,53.9
Middle East,Turkey,,Istanbul,1,19,2014,55.4
Middle East,Turkey,,Istanbul,1,20,2014,55.5
Middle East,Turkey,,Istanbul,1,21,2014,57.7
Middle East,Turkey,,Istanbul,1,22,2014,53.0
Middle East,Turkey,,Istanbul,1,23,2014,51.9
Middle East,Turkey,,Istanbul,1,24,2014,53.1
Middle East,Turkey,,Istanbul,1,25,2014,55.5
Middle East,Turkey,,Istanbul,1,26,2014,44.2
Middle East,Turkey,,Istanbul,1,27,2014,34.8
Middle East,Turkey,,Istanbul,1,28,2014,43.8
Middle East,Turkey,,Istanbul,1,29,2014,45.4
Middle East,Turkey,,Istanbul,1,30,2014,34.4
Middle East,Turkey,,Istanbul,1,31,2014,38.4
Middle East,Turkey,,Istanbul,2,1,2014,41.9
Middle East,Turkey,,Istanbul,2,2,2014,45.9
Middle East,Turkey,,Istanbul,2,3,2014,45.8
Middle East,Turkey,,Istanbul,2,4,2014,44.3
Middle East,Turkey,,Istanbul,2,5,2014,44.1
Middle East,Turkey,,Istanbul,2,6,2014,-99
Middle East,Turkey,,Istanbul,2,7,2014,42.1
Middle East,Turkey,,Istanbul,2,8,2014,51.2
Middle East,Turkey,,Istanbul,2,9,2014,54.1
Middle East,Turkey,,Istanbul,2,10,2014,54.0
Middle East,Turkey,,Istanbul,2,11,2014,54.2
Middle East,Turkey,,Istanbul,2,12,2014,55.1
Middle East,Turkey,,Istanbul,2,13,2014,56.4
Middle East,Turkey,,Istanbul,2,14,2014,54.4
Middle East,Turkey,,Istanbul,2,15,2014,46.9
Middle East,Turkey,,Istanbul,2,16,2014,45.6
Middle East,Turkey,,Istanbul,2,17,2014,52.6
Middle East,Turkey,,Istanbul,2,18,2014,52.0
Middle East,Turkey,,Istanbul,2,19,2014,46.5
Middle East,Turkey,,Istanbul,2,20,2014,53.6
Middle East,Turkey,,Istanbul,2,21,2014,51.3
Middle East,Turkey,,Istanbul,2,22,2014,47.6
Middle East,Turkey,,Istanbul,2,23,2014,47.9
Middle East,Turkey,,Istanbul,2,24,2014,44.4
Middle East,Turkey,,Istanbul,2,25,2014,41.9
Middle East,Turkey,,Istanbul,2,26,2014,40.8
Middle East,Turkey,,Istanbul,2,27,2014,44.4
Middle East,Turkey,,Istanbul,2,28,2014,47.5
Middle East,Turkey,,Istanbul,3,1,2014,51.1
Middle East,Turkey,,Istanbul,3,2,2014,54.0
Middle East,Turkey,,Istanbul,3,3,2014,58.2
Middle East,Turkey,,Istanbul,3,4,2014,53.5
Middle East,Turkey,,Istanbul,3,5,2014,55.1
Middle East,Turkey,,Istanbul,3,6,2014,55.4
Middle East,Turkey,,Istanbul,3,7,2014,50.9
Middle East,Turkey,,Istanbul,3,8,2014,47.4
Middle East,Turkey,,Istanbul,3,9,2014,44.1
Middle East,Turkey,,Istanbul,3,10,2014,46.2
Middle East,Turkey,,Istanbul,3,11,2014,42.5
Middle East,Turkey,,Istanbul,3,12,2014,45.7
Middle East,Turkey,,Istanbul,3,13,2014,45.7
Middle East,Turkey,,Istanbul,3,14,2014,45.4
Middle East,Turkey,,Istanbul,3,15,2014,49.1
Middle East,Turkey,,Istanbul,3,16,2014,50.0
Middle East,Turkey,,Istanbul,3,17,2014,52.6
Middle East,Turkey,,Istanbul,3,18,2014,54.8
Middle East,Turkey,,Istanbul,3,19,2014,58.5
Middle East,Turkey,,Istanbul,3,20,2014,53.0
Middle East,Turkey,,Istanbul,3,21,2014,56.5
Middle East,Turkey,,Istanbul,3,22,2014,55.6
Middle East,Turkey,,Istanbul,3,23,2014,54.0
Middle East,Turkey,,Istanbul,3,24,2014,56.9
Middle East,Turkey,,Istanbul,3,25,2014,54.6
Middle East,Turkey,,Istanbul,3,26,2014,53.4
Middle East,Turkey,,Istanbul,3,27,2014,58.1
Middle East,Turkey,,Istanbul,3,28,2014,56.7
Middle East,Turkey,,Istanbul,3,29,2014,49.4
Middle East,Turkey,,Istanbul,3,30,2014,45.6
Middle East,Turkey,,Istanbul,3,31,2014,47.2
Middle East,Turkey,,Istanbul,4,1,2014,52.6
Middle East,Turkey,,Istanbul,4,2,2014,54.2
Middle East,Turkey,,Istanbul,4,3,2014,54.8
Middle East,Turkey,,Istanbul,4,4,2014,56.9
Middle East,Turkey,,Istanbul,4,5,2014,63.1
Middle East,Turkey,,Istanbul,4,6,2014,58.2
Middle East,Turkey,,Istanbul,4,7,2014,51.6
Middle East,Turkey,,Istanbul,4,8,2014,53.4
Middle East,Turkey,,Istanbul,4,9,2014,55.6
Middle East,Turkey,,Istanbul,4,10,2014,56.1
Middle East,Turkey,,Istanbul,4,11,2014,50.8
Middle East,Turkey,,Istanbul,4,12,2014,50.9
Middle East,Turkey,,Istanbul,4,13,2014,53.9
Middle East,Turkey,,Istanbul,4,14,2014,54.4
Middle East,Turkey,,Istanbul,4,15,2014,58.6
Middle East,Turkey,,Istanbul,4,16,2014,63.5
Middle East,Turkey,,Istanbul,4,17,2014,59.7
Middle East,Turkey,,Istanbul,4,18,2014,55.3
Middle East,Turkey,,Istanbul,4,19,2014,57.4
Middle East,Turkey,,Istanbul,4,20,2014,59.3
Middle East,Turkey,,Istanbul,4,21,2014,60.3
Middle East,Turkey,,Istanbul,4,22,2014,65.9
Middle East,Turkey,,Istanbul,4,23,2014,66.9
Middle East,Turkey,,Istanbul,4,24,2014,65.4
Middle East,Turkey,,Istanbul,4,25,2014,58.8
Middle East,Turkey,,Istanbul,4,26,2014,56.7
Middle East,Turkey,,Istanbul,4,27,2014,58.7
Middle East,Turkey,,Istanbul,4,28,2014,57.0
Middle East,Turkey,,Istanbul,4,29,2014,60.2
Middle East,Turkey,,Istanbul,4,30,2014,57.8
Middle East,Turkey,,Istanbul,5,1,2014,59.0
Middle East,Turkey,,Istanbul,5,2,2014,61.2
Middle East,Turkey,,Istanbul,5,3,2014,64.9
Middle East,Turkey,,Istanbul,5,4,2014,65.1
Middle East,Turkey,,Istanbul,5,5,2014,60.7
Middle East,Turkey,,Istanbul,5,6,2014,58.1
Middle East,Turkey,,Istanbul,5,7,2014,57.4
Middle East,Turkey,,Istanbul,5,8,2014,58.8
Middle East,Turkey,,Istanbul,5,9,2014,56.9
Middle East,Turkey,,Istanbul,5,10,2014,56.4
Middle East,Turkey,,Istanbul,5,11,2014,58.9
Middle East,Turkey,,Istanbul,5,12,2014,64.4
Middle East,Turkey,,Istanbul,5,13,2014,65.1
Middle East,Turkey,,Istanbul,5,14,2014,69.9
Middle East,Turkey,,Istanbul,5,15,2014,66.2
Middle East,Turkey,,Istanbul,5,16,2014,66.5
Middle East,Turkey,,Istanbul,5,17,2014,64.2
Middle East,Turkey,,Istanbul,5,18,2014,63.6
Middle East,Turkey,,Istanbul,5,19,2014,66.8
Middle East,Turkey,,Istanbul,5,20,2014,67.4
Middle East,Turkey,,Istanbul,5,21,2014,68.4
Middle East,Turkey,,Istanbul,5,22,2014,68.1
Middle East,Turkey,,Istanbul,5,23,2014,66.8
Middle East,Turkey,,Istanbul,5,24,2014,66.8
Middle East,Turkey,,Istanbul,5,25,2014,69.1
Middle East,Turkey,,Istanbul,5,26,2014,70.9
Middle East,Turkey,,Istanbul,5,27,2014,71.4
Middle East,Turkey,,Istanbul,5,28,2014,74.3
Middle East,Turkey,,Istanbul,5,29,2014,76.5
Middle East,Turkey,,Istanbul,5,30,2014,68.8
Middle East,Turkey,,Istanbul,5,31,2014,65.2
Middle East,Turkey,,Istanbul,6,1,2014,65.0
Middle East,Turkey,,Istanbul,6,2,2014,64.6
Middle East,Turkey,,Istanbul,6,3,2014,66.6
Middle East,Turkey,,Istanbul,6,4,2014,67.8
Middle East,Turkey,,Istanbul,6,5,2014,64.8
Middle East,Turkey,,Istanbul,6,6,2014,66.1
Middle East,Turkey,,Istanbul,6,7,2014,71.0
Middle East,Turkey,,Istanbul,6,8,2014,70.5
Middle East,Turkey,,Istanbul,6,9,2014,71.9
Middle East,Turkey,,Istanbul,6,10,2014,73.7
Middle East,Turkey,,Istanbul,6,11,2014,72.1
Middle East,Turkey,,Istanbul,6,12,2014,71.4
Middle East,Turkey,,Istanbul,6,13,2014,72.0
Middle East,Turkey,,Istanbul,6,14,2014,74.7
Middle East,Turkey,,Istanbul,6,15,2014,75.0
Middle East,Turkey,,Istanbul,6,16,2014,74.4
Middle East,Turkey,,Istanbul,6,17,2014,75.2
Middle East,Turkey,,Istanbul,6,18,2014,77.0
Middle East,Turkey,,Istanbul,6,19,2014,73.8
Middle East,Turkey,,Istanbul,6,20,2014,69.5
Middle East,Turkey,,Istanbul,6,21,2014,69.8
Middle East,Turkey,,Istanbul,6,22,2014,69.3
Middle East,Turkey,,Istanbul,6,23,2014,72.6
Middle East,Turkey,,Istanbul,6,24,2014,75.5
Middle East,Turkey,,Istanbul,6,25,2014,76.4
Middle East,Turkey,,Istanbul,6,26,2014,81.4
Middle East,Turkey,,Istanbul,6,27,2014,77.9
Middle East,Turkey,,Istanbul,6,28,2014,72.6
Middle East,Turkey,,Istanbul,6,29,2014,72.8
Middle East,Turkey,,Istanbul,6,30,2014,74.0
Middle East,Turkey,,Istanbul,7,1,2014,75.2
Middle East,Turkey,,Istanbul,7,2,2014,75.5
Middle East,Turkey,,Istanbul,7,3,2014,74.1
Middle East,Turkey,,Istanbul,7,4,2014,71.4
Middle East,Turkey,,Istanbul,7,5,2014,74.5
Middle East,Turkey,,Istanbul,7,6,2014,74.9
Middle East,Turkey,,Istanbul,7,7,2014,77.5
Middle East,Turkey,,Istanbul,7,8,2014,78.5
Middle East,Turkey,,Istanbul,7,9,2014,79.2
Middle East,Turkey,,Istanbul,7,10,2014,79.6
Middle East,Turkey,,Istanbul,7,11,2014,82.3
Middle East,Turkey,,Istanbul,7,12,2014,79.1
Middle East,Turkey,,Istanbul,7,13,2014,75.7
Middle East,Turkey,,Istanbul,7,14,2014,78.9
Middle East,Turkey,,Istanbul,7,15,2014,78.2
Middle East,Turkey,,Istanbul,7,16,2014,77.1
Middle East,Turkey,,Istanbul,7,17,2014,77.9
Middle East,Turkey,,Istanbul,7,18,2014,77.2
Middle East,Turkey,,Istanbul,7,19,2014,75.5
Middle East,Turkey,,Istanbul,7,20,2014,77.1
Middle East,Turkey,,Istanbul,7,21,2014,78.4
Middle East,Turkey,,Istanbul,7,22,2014,81.0
Middle East,Turkey,,Istanbul,7,23,2014,80.7
Middle East,Turkey,,Istanbul,7,24,2014,78.3
Middle East,Turkey,,Istanbul,7,25,2014,78.8
Middle East,Turkey,,Istanbul,7,26,2014,80.9
Middle East,Turkey,,Istanbul,7,27,2014,81.2
Middle East,Turkey,,Istanbul,7,28,2014,82.5
Middle East,Turkey,,Istanbul,7,29,2014,81.2
Middle East,Turkey,,Istanbul,7,30,2014,81.5
Middle East,Turkey,,Istanbul,7,31,2014,81.6
Middle East,Turkey,,Istanbul,8,1,2014,82.1
Middle East,Turkey,,Istanbul,8,2,2014,79.5
Middle East,Turkey,,Istanbul,8,3,2014,78.5
Middle East,Turkey,,Istanbul,8,4,2014,80.6
Middle East,Turkey,,Istanbul,8,5,2014,82.9
Middle East,Turkey,,Istanbul,8,6,2014,85.3
Middle East,Turkey,,Istanbul,8,7,2014,75.7
Middle East,Turkey,,Istanbul,8,8,2014,75.0
Middle East,Turkey,,Istanbul,8,9,2014,76.3
Middle East,Turkey,,Istanbul,8,10,2014,80.2
Middle East,Turkey,,Istanbul,8,11,2014,81.7
Middle East,Turkey,,Istanbul,8,12,2014,82.5
Middle East,Turkey,,Istanbul,8,13,2014,82.4
Middle East,Turkey,,Istanbul,8,14,2014,81.8
Middle East,Turkey,,Istanbul,8,15,2014,81.0
Middle East,Turkey,,Istanbul,8,16,2014,83.7
Middle East,Turkey,,Istanbul,8,17,2014,78.8
Middle East,Turkey,,Istanbul,8,18,2014,74.9
Middle East,Turkey,,Istanbul,8,19,2014,77.6
Middle East,Turkey,,Istanbul,8,20,2014,78.8
Middle East,Turkey,,Istanbul,8,21,2014,79.1
Middle East,Turkey,,Istanbul,8,22,2014,80.9
Middle East,Turkey,,Istanbul,8,23,2014,81.3
Middle East,Turkey,,Istanbul,8,24,2014,79.9
Middle East,Turkey,,Istanbul,8,25,2014,78.5
Middle East,Turkey,,Istanbul,8,26,2014,78.7
Middle East,Turkey,,Istanbul,8,27,2014,78.9
Middle East,Turkey,,Istanbul,8,28,2014,78.7
Middle East,Turkey,,Istanbul,8,29,2014,76.5
Middle East,Turkey,,Istanbul,8,30,2014,76.0
Middle East,Turkey,,Istanbul,8,31,2014,77.0
Middle East,Turkey,,Istanbul,9,1,2014,76.3
Middle East,Turkey,,Istanbul,9,2,2014,77.2
Middle East,Turkey,,Istanbul,9,3,2014,78.6
Middle East,Turkey,,Istanbul,9,4,2014,77.8
Middle East,Turkey,,Istanbul,9,5,2014,78.8
Middle East,Turkey,,Istanbul,9,6,2014,76.8
Middle East,Turkey,,Istanbul,9,7,2014,75.0
Middle East,Turkey,,Istanbul,9,8,2014,72.1
Middle East,Turkey,,Istanbul,9,9,2014,74.1
Middle East,Turkey,,Istanbul,9,10,2014,75.6
Middle East,Turkey,,Istanbul,9,11,2014,75.2
Middle East,Turkey,,Istanbul,9,12,2014,75.2
Middle East,Turkey,,Istanbul,9,13,2014,75.8
Middle East,Turkey,,Istanbul,9,14,2014,75.3
Middle East,Turkey,,Istanbul,9,15,2014,74.7
Middle East,Turkey,,Istanbul,9,16,2014,74.5
Middle East,Turkey,,Istanbul,9,17,2014,71.5
Middle East,Turkey,,Istanbul,9,18,2014,65.8
Middle East,Turkey,,Istanbul,9,19,2014,68.5
Middle East,Turkey,,Istanbul,9,20,2014,68.3
Middle East,Turkey,,Istanbul,9,21,2014,69.0
Middle East,Turkey,,Istanbul,9,22,2014,71.3
Middle East,Turkey,,Istanbul,9,23,2014,68.3
Middle East,Turkey,,Istanbul,9,24,2014,62.6
Middle East,Turkey,,Istanbul,9,25,2014,65.1
Middle East,Turkey,,Istanbul,9,26,2014,65.4
Middle East,Turkey,,Istanbul,9,27,2014,61.1
Middle East,Turkey,,Istanbul,9,28,2014,63.7
Middle East,Turkey,,Istanbul,9,29,2014,65.2
Middle East,Turkey,,Istanbul,9,30,2014,63.1
Middle East,Turkey,,Istanbul,10,1,2014,64.1
Middle East,Turkey,,Istanbul,10,2,2014,66.8
Middle East,Turkey,,Istanbul,10,3,2014,63.4
Middle East,Turkey,,Istanbul,10,4,2014,63.2
Middle East,Turkey,,Istanbul,10,5,2014,64.5
Middle East,Turkey,,Istanbul,10,6,2014,64.4
Middle East,Turkey,,Istanbul,10,7,2014,66.8
Middle East,Turkey,,Istanbul,10,8,2014,67.5
Middle East,Turkey,,Istanbul,10,9,2014,64.8
Middle East,Turkey,,Istanbul,10,10,2014,65.7
Middle East,Turkey,,Istanbul,10,11,2014,65.6
Middle East,Turkey,,Istanbul,10,12,2014,63.2
Middle East,Turkey,,Istanbul,10,13,2014,63.0
Middle East,Turkey,,Istanbul,10,14,2014,63.5
Middle East,Turkey,,Istanbul,10,15,2014,64.3
Middle East,Turkey,,Istanbul,10,16,2014,69.2
Middle East,Turkey,,Istanbul,10,17,2014,69.3
Middle East,Turkey,,Istanbul,10,18,2014,65.7
Middle East,Turkey,,Istanbul,10,19,2014,57.5
Middle East,Turkey,,Istanbul,10,20,2014,56.5
Middle East,Turkey,,Istanbul,10,21,2014,61.3
Middle East,Turkey,,Istanbul,10,22,2014,67.0
Middle East,Turkey,,Istanbul,10,23,2014,70.5
Middle East,Turkey,,Istanbul,10,24,2014,66.0
Middle East,Turkey,,Istanbul,10,25,2014,62.6
Middle East,Turkey,,Istanbul,10,26,2014,57.2
Middle East,Turkey,,Istanbul,10,27,2014,52.7
Middle East,Turkey,,Istanbul,10,28,2014,54.8
Middle East,Turkey,,Istanbul,10,29,2014,60.2
Middle East,Turkey,,Istanbul,10,30,2014,54.7
Middle East,Turkey,,Istanbul,10,31,2014,51.7
Middle East,Turkey,,Istanbul,11,1,2014,52.9
Middle East,Turkey,,Istanbul,11,2,2014,52.6
Middle East,Turkey,,Istanbul,11,3,2014,51.8
Middle East,Turkey,,Istanbul,11,4,2014,53.1
Middle East,Turkey,,Istanbul,11,5,2014,54.4
Middle East,Turkey,,Istanbul,11,6,2014,59.1
Middle East,Turkey,,Istanbul,11,7,2014,60.2
Middle East,Turkey,,Istanbul,11,8,2014,62.1
Middle East,Turkey,,Istanbul,11,9,2014,60.5
Middle East,Turkey,,Istanbul,11,10,2014,59.5
Middle East,Turkey,,Istanbul,11,11,2014,59.5
Middle East,Turkey,,Istanbul,11,12,2014,59.9
Middle East,Turkey,,Istanbul,11,13,2014,59.7
Middle East,Turkey,,Istanbul,11,14,2014,60.2
Middle East,Turkey,,Istanbul,11,15,2014,56.6
Middle East,Turkey,,Istanbul,11,16,2014,55.3
Middle East,Turkey,,Istanbul,11,17,2014,58.5
Middle East,Turkey,,Istanbul,11,18,2014,61.9
Middle East,Turkey,,Istanbul,11,19,2014,64.8
Middle East,Turkey,,Istanbul,11,20,2014,54.9
Middle East,Turkey,,Istanbul,11,21,2014,50.6
Middle East,Turkey,,Istanbul,11,22,2014,45.1
Middle East,Turkey,,Istanbul,11,23,2014,47.7
Middle East,Turkey,,Istanbul,11,24,2014,48.4
Middle East,Turkey,,Istanbul,11,25,2014,46.7
Middle East,Turkey,,Istanbul,11,26,2014,44.1
Middle East,Turkey,,Istanbul,11,27,2014,43.6
Middle East,Turkey,,Istanbul,11,28,2014,47.6
Middle East,Turkey,,Istanbul,11,29,2014,53.5
Middle East,Turkey,,Istanbul,11,30,2014,48.4
Middle East,Turkey,,Istanbul,12,1,2014,48.1
Middle East,Turkey,,Istanbul,12,2,2014,51.0
Middle East,Turkey,,Istanbul,12,3,2014,57.3
Middle East,Turkey,,Istanbul,12,4,2014,56.0
Middle East,Turkey,,Istanbul,12,5,2014,51.2
Middle East,Turkey,,Istanbul,12,6,2014,54.8
Middle East,Turkey,,Istanbul,12,7,2014,56.9
Middle East,Turkey,,Istanbul,12,8,2014,53.6
Middle East,Turkey,,Istanbul,12,9,2014,53.0
Middle East,Turkey,,Istanbul,12,10,2014,46.6
Middle East,Turkey,,Istanbul,12,11,2014,51.4
Middle East,Turkey,,Istanbul,12,12,2014,50.3
Middle East,Turkey,,Istanbul,12,13,2014,49.2
Middle East,Turkey,,Istanbul,12,14,2014,48.0
Middle East,Turkey,,Istanbul,12,15,2014,48.4
Middle East,Turkey,,Istanbul,12,16,2014,49.8
Middle East,Turkey,,Istanbul,12,17,2014,54.3
Middle East,Turkey,,Istanbul,12,18,2014,53.4
Middle East,Turkey,,Istanbul,12,19,2014,49.8
Middle East,Turkey,,Istanbul,12,20,2014,51.0
Middle East,Turkey,,Istanbul,12,21,2014,49.8
Middle East,Turkey,,Istanbul,12,22,2014,45.0
Middle East,Turkey,,Istanbul,12,23,2014,50.4
Middle East,Turkey,,Istanbul,12,24,2014,52.5
Middle East,Turkey,,Istanbul,12,25,2014,54.4
Middle East,Turkey,,Istanbul,12,26,2014,53.3
Middle East,Turkey,,Istanbul,12,27,2014,45.5
Middle East,Turkey,,Istanbul,12,28,2014,44.6
Middle East,Turkey,,Istanbul,12,29,2014,46.6
Middle East,Turkey,,Istanbul,12,30,2014,34.7
Middle East,Turkey,,Istanbul,12,31,2014,38.6
Middle East,Turkey,,Istanbul,1,1,2015,37.8
Middle East,Turkey,,Istanbul,1,2,2015,36.9
Middle East,Turkey,,Istanbul,1,3,2015,39.2
Middle East,Turkey,,Istanbul,1,4,2015,44.7
Middle East,Turkey,,Istanbul,1,5,2015,40.1
Middle East,Turkey,,Istanbul,1,6,2015,36.7
Middle East,Turkey,,Istanbul,1,7,2015,27.0
Middle East,Turkey,,Istanbul,1,8,2015,25.7
Middle East,Turkey,,Istanbul,1,9,2015,31.3
Middle East,Turkey,,Istanbul,1,10,2015,42.7
Middle East,Turkey,,Istanbul,1,11,2015,50.1
Middle East,Turkey,,Istanbul,1,12,2015,43.5
Middle East,Turkey,,Istanbul,1,13,2015,44.8
Middle East,Turkey,,Istanbul,1,14,2015,45.5
Middle East,Turkey,,Istanbul,1,15,2015,43.7
Middle East,Turkey,,Istanbul,1,16,2015,43.5
Middle East,Turkey,,Istanbul,1,17,2015,42.9
Middle East,Turkey,,Istanbul,1,18,2015,47.0
Middle East,Turkey,,Istanbul,1,19,2015,50.7
Middle East,Turkey,,Istanbul,1,20,2015,54.0
Middle East,Turkey,,Istanbul,1,21,2015,53.7
Middle East,Turkey,,Istanbul,1,22,2015,54.5
Middle East,Turkey,,Istanbul,1,23,2015,56.8
Middle East,Turkey,,Istanbul,1,24,2015,53.6
Middle East,Turkey,,Istanbul,1,25,2015,54.1
Middle East,Turkey,,Istanbul,1,26,2015,46.7
Middle East,Turkey,,Istanbul,1,27,2015,47.7
Middle East,Turkey,,Istanbul,1,28,2015,43.2
Middle East,Turkey,,Istanbul,1,29,2015,47.2
Middle East,Turkey,,Istanbul,1,30,2015,51.1
Middle East,Turkey,,Istanbul,1,31,2015,55.8
Middle East,Turkey,,Istanbul,2,1,2015,59.3
Middle East,Turkey,,Istanbul,2,2,2015,51.8
Middle East,Turkey,,Istanbul,2,3,2015,47.5
Middle East,Turkey,,Istanbul,2,4,2015,50.5
Middle East,Turkey,,Istanbul,2,5,2015,56.4
Middle East,Turkey,,Istanbul,2,6,2015,51.1
Middle East,Turkey,,Istanbul,2,7,2015,43.5
Middle East,Turkey,,Istanbul,2,8,2015,41.3
Middle East,Turkey,,Istanbul,2,9,2015,39.1
Middle East,Turkey,,Istanbul,2,10,2015,35.3
Middle East,Turkey,,Istanbul,2,11,2015,35.0
Middle East,Turkey,,Istanbul,2,12,2015,37.3
Middle East,Turkey,,Istanbul,2,13,2015,40.4
Middle East,Turkey,,Istanbul,2,14,2015,44.2
Middle East,Turkey,,Istanbul,2,15,2015,46.9
Middle East,Turkey,,Istanbul,2,16,2015,42.5
Middle East,Turkey,,Istanbul,2,17,2015,33.5
Middle East,Turkey,,Istanbul,2,18,2015,29.9
Middle East,Turkey,,Istanbul,2,19,2015,34.8
Middle East,Turkey,,Istanbul,2,20,2015,37.8
Middle East,Turkey,,Istanbul,2,21,2015,41.8
Middle East,Turkey,,Istanbul,2,22,2015,46.4
Middle East,Turkey,,Istanbul,2,23,2015,48.9
Middle East,Turkey,,Istanbul,2,24,2015,53.1
Middle East,Turkey,,Istanbul,2,25,2015,54.1
Middle East,Turkey,,Istanbul,2,26,2015,54.8
Middle East,Turkey,,Istanbul,2,27,2015,53.8
Middle East,Turkey,,Istanbul,2,28,2015,48.5
Middle East,Turkey,,Istanbul,3,1,2015,46.7
Middle East,Turkey,,Istanbul,3,2,2015,46.8
Middle East,Turkey,,Istanbul,3,3,2015,49.3
Middle East,Turkey,,Istanbul,3,4,2015,45.5
Middle East,Turkey,,Istanbul,3,5,2015,49.2
Middle East,Turkey,,Istanbul,3,6,2015,53.3
Middle East,Turkey,,Istanbul,3,7,2015,47.6
Middle East,Turkey,,Istanbul,3,8,2015,46.4
Middle East,Turkey,,Istanbul,3,9,2015,46.4
Middle East,Turkey,,Istanbul,3,10,2015,45.5
Middle East,Turkey,,Istanbul,3,11,2015,46.1
Middle East,Turkey,,Istanbul,3,12,2015,46.3
Middle East,Turkey,,Istanbul,3,13,2015,48.1
Middle East,Turkey,,Istanbul,3,14,2015,48.1
Middle East,Turkey,,Istanbul,3,15,2015,46.9
Middle East,Turkey,,Istanbul,3,16,2015,46.9
Middle East,Turkey,,Istanbul,3,17,2015,44.9
Middle East,Turkey,,Istanbul,3,18,2015,41.0
Middle East,Turkey,,Istanbul,3,19,2015,42.3
Middle East,Turkey,,Istanbul,3,20,2015,41.8
Middle East,Turkey,,Istanbul,3,21,2015,43.6
Middle East,Turkey,,Istanbul,3,22,2015,49.3
Middle East,Turkey,,Istanbul,3,23,2015,48.8
Middle East,Turkey,,Istanbul,3,24,2015,47.5
Middle East,Turkey,,Istanbul,3,25,2015,50.8
Middle East,Turkey,,Istanbul,3,26,2015,59.0
Middle East,Turkey,,Istanbul,3,27,2015,61.2
Middle East,Turkey,,Istanbul,3,28,2015,55.3
Middle East,Turkey,,Istanbul,3,29,2015,54.9
Middle East,Turkey,,Istanbul,3,30,2015,53.7
Middle East,Turkey,,Istanbul,3,31,2015,53.3
Middle East,Turkey,,Istanbul,4,1,2015,55.7
Middle East,Turkey,,Istanbul,4,2,2015,48.8
Middle East,Turkey,,Istanbul,4,3,2015,48.1
Middle East,Turkey,,Istanbul,4,4,2015,46.7
Middle East,Turkey,,Istanbul,4,5,2015,50.8
Middle East,Turkey,,Istanbul,4,6,2015,54.7
Middle East,Turkey,,Istanbul,4,7,2015,45.2
Middle East,Turkey,,Istanbul,4,8,2015,46.5
Middle East,Turkey,,Istanbul,4,9,2015,47.8
Middle East,Turkey,,Istanbul,4,10,2015,49.8
Middle East,Turkey,,Istanbul,4,11,2015,48.6
Middle East,Turkey,,Istanbul,4,12,2015,52.8
Middle East,Turkey,,Istanbul,4,13,2015,54.5
Middle East,Turkey,,Istanbul,4,14,2015,54.1
Middle East,Turkey,,Istanbul,4,15,2015,53.6
Middle East,Turkey,,Istanbul,4,16,2015,55.2
Middle East,Turkey,,Istanbul,4,17,2015,60.2
Middle East,Turkey,,Istanbul,4,18,2015,61.0
Middle East,Turkey,,Istanbul,4,19,2015,50.0
Middle East,Turkey,,Istanbul,4,20,2015,49.8
Middle East,Turkey,,Istanbul,4,21,2015,49.9
Middle East,Turkey,,Istanbul,4,22,2015,46.2
Middle East,Turkey,,Istanbul,4,23,2015,46.6
Middle East,Turkey,,Istanbul,4,24,2015,54.3
Middle East,Turkey,,Istanbul,4,25,2015,57.2
Middle East,Turkey,,Istanbul,4,26,2015,58.3
Middle East,Turkey,,Istanbul,4,27,2015,61.8
Middle East,Turkey,,Istanbul,4,28,2015,68.6
Middle East,Turkey,,Istanbul,4,29,2015,63.2
Middle East,Turkey,,Istanbul,4,30,2015,58.1
Middle East,Turkey,,Istanbul,5,1,2015,55.1
Middle East,Turkey,,Istanbul,5,2,2015,62.1
Middle East,Turkey,,Istanbul,5,3,2015,61.4
Middle East,Turkey,,Istanbul,5,4,2015,66.3
Middle East,Turkey,,Istanbul,5,5,2015,68.7
Middle East,Turkey,,Istanbul,5,6,2015,70.2
Middle East,Turkey,,Istanbul,5,7,2015,69.4
Middle East,Turkey,,Istanbul,5,8,2015,61.4
Middle East,Turkey,,Istanbul,5,9,2015,62.8
Middle East,Turkey,,Istanbul,5,10,2015,63.3
Middle East,Turkey,,Istanbul,5,11,2015,63.7
Middle East,Turkey,,Istanbul,5,12,2015,63.7
Middle East,Turkey,,Istanbul,5,13,2015,64.7
Middle East,Turkey,,Istanbul,5,14,2015,63.7
Middle East,Turkey,,Istanbul,5,15,2015,68.5
Middle East,Turkey,,Istanbul,5,16,2015,70.6
Middle East,Turkey,,Istanbul,5,17,2015,70.7
Middle East,Turkey,,Istanbul,5,18,2015,70.3
Middle East,Turkey,,Istanbul,5,19,2015,69.6
Middle East,Turkey,,Istanbul,5,20,2015,66.2
Middle East,Turkey,,Istanbul,5,21,2015,65.1
Middle East,Turkey,,Istanbul,5,22,2015,66.6
Middle East,Turkey,,Istanbul,5,23,2015,69.6
Middle East,Turkey,,Istanbul,5,24,2015,72.7
Middle East,Turkey,,Istanbul,5,25,2015,70.6
Middle East,Turkey,,Istanbul,5,26,2015,72.5
Middle East,Turkey,,Istanbul,5,27,2015,67.7
Middle East,Turkey,,Istanbul,5,28,2015,62.9
Middle East,Turkey,,Istanbul,5,29,2015,63.8
Middle East,Turkey,,Istanbul,5,30,2015,65.4
Middle East,Turkey,,Istanbul,5,31,2015,66.5
Middle East,Turkey,,Istanbul,6,1,2015,69.1
Middle East,Turkey,,Istanbul,6,2,2015,68.9
Middle East,Turkey,,Istanbul,6,3,2015,69.3
Middle East,Turkey,,Istanbul,6,4,2015,73.3
Middle East,Turkey,,Istanbul,6,5,2015,69.2
Middle East,Turkey,,Istanbul,6,6,2015,70.1
Middle East,Turkey,,Istanbul,6,7,2015,70.4
Middle East,Turkey,,Istanbul,6,8,2015,67.0
Middle East,Turkey,,Istanbul,6,9,2015,68.7
Middle East,Turkey,,Istanbul,6,10,2015,68.7
Middle East,Turkey,,Istanbul,6,11,2015,70.4
Middle East,Turkey,,Istanbul,6,12,2015,72.6
Middle East,Turkey,,Istanbul,6,13,2015,75.7
Middle East,Turkey,,Istanbul,6,14,2015,74.0
Middle East,Turkey,,Istanbul,6,15,2015,76.6
Middle East,Turkey,,Istanbul,6,16,2015,76.3
Middle East,Turkey,,Istanbul,6,17,2015,74.3
Middle East,Turkey,,Istanbul,6,18,2015,71.5
Middle East,Turkey,,Istanbul,6,19,2015,68.8
Middle East,Turkey,,Istanbul,6,20,2015,70.1
Middle East,Turkey,,Istanbul,6,21,2015,74.7
Middle East,Turkey,,Istanbul,6,22,2015,69.0
Middle East,Turkey,,Istanbul,6,23,2015,71.4
Middle East,Turkey,,Istanbul,6,24,2015,71.5
Middle East,Turkey,,Istanbul,6,25,2015,71.2
Middle East,Turkey,,Istanbul,6,26,2015,72.4
Middle East,Turkey,,Istanbul,6,27,2015,71.4
Middle East,Turkey,,Istanbul,6,28,2015,73.5
Middle East,Turkey,,Istanbul,6,29,2015,72.6
Middle East,Turkey,,Istanbul,6,30,2015,73.2
Middle East,Turkey,,Istanbul,7,1,2015,75.7
Middle East,Turkey,,Istanbul,7,2,2015,75.8
Middle East,Turkey,,Istanbul,7,3,2015,74.7
Middle East,Turkey,,Istanbul,7,4,2015,72.5
Middle East,Turkey,,Istanbul,7,5,2015,73.7
Middle East,Turkey,,Istanbul,7,6,2015,74.9
Middle East,Turkey,,Istanbul,7,7,2015,77.7
Middle East,Turkey,,Istanbul,7,8,2015,80.2
Middle East,Turkey,,Istanbul,7,9,2015,78.4
Middle East,Turkey,,Istanbul,7,10,2015,78.3
Middle East,Turkey,,Istanbul,7,11,2015,76.5
Middle East,Turkey,,Istanbul,7,12,2015,76.8
Middle East,Turkey,,Istanbul,7,13,2015,75.9
Middle East,Turkey,,Istanbul,7,14,2015,75.3
Middle East,Turkey,,Istanbul,7,15,2015,76.4
Middle East,Turkey,,Istanbul,7,16,2015,78.7
Middle East,Turkey,,Istanbul,7,17,2015,77.8
Middle East,Turkey,,Istanbul,7,18,2015,78.6
Middle East,Turkey,,Istanbul,7,19,2015,79.2
Middle East,Turkey,,Istanbul,7,20,2015,77.9
Middle East,Turkey,,Istanbul,7,21,2015,78.5
Middle East,Turkey,,Istanbul,7,22,2015,78.8
Middle East,Turkey,,Istanbul,7,23,2015,78.4
Middle East,Turkey,,Istanbul,7,24,2015,78.5
Middle East,Turkey,,Istanbul,7,25,2015,77.4
Middle East,Turkey,,Istanbul,7,26,2015,80.7
Middle East,Turkey,,Istanbul,7,27,2015,83.5
Middle East,Turkey,,Istanbul,7,28,2015,85.7
Middle East,Turkey,,Istanbul,7,29,2015,87.1
Middle East,Turkey,,Istanbul,7,30,2015,85.4
Middle East,Turkey,,Istanbul,7,31,2015,82.6
Middle East,Turkey,,Istanbul,8,1,2015,81.1
Middle East,Turkey,,Istanbul,8,2,2015,81.3
Middle East,Turkey,,Istanbul,8,3,2015,81.4
Middle East,Turkey,,Istanbul,8,4,2015,81.6
Middle East,Turkey,,Istanbul,8,5,2015,82.2
Middle East,Turkey,,Istanbul,8,6,2015,82.8
Middle East,Turkey,,Istanbul,8,7,2015,82.8
Middle East,Turkey,,Istanbul,8,8,2015,81.6
Middle East,Turkey,,Istanbul,8,9,2015,82.1
Middle East,Turkey,,Istanbul,8,10,2015,78.9
Middle East,Turkey,,Istanbul,8,11,2015,77.5
Middle East,Turkey,,Istanbul,8,12,2015,81.3
Middle East,Turkey,,Istanbul,8,13,2015,82.4
Middle East,Turkey,,Istanbul,8,14,2015,82.2
Middle East,Turkey,,Istanbul,8,15,2015,82.3
Middle East,Turkey,,Istanbul,8,16,2015,84.4
Middle East,Turkey,,Istanbul,8,17,2015,84.1
Middle East,Turkey,,Istanbul,8,18,2015,82.3
Middle East,Turkey,,Istanbul,8,19,2015,82.8
Middle East,Turkey,,Istanbul,8,20,2015,82.4
Middle East,Turkey,,Istanbul,8,21,2015,80.9
Middle East,Turkey,,Istanbul,8,22,2015,78.4
Middle East,Turkey,,Istanbul,8,23,2015,75.0
Middle East,Turkey,,Istanbul,8,24,2015,76.4
Middle East,Turkey,,Istanbul,8,25,2015,79.3
Middle East,Turkey,,Istanbul,8,26,2015,77.9
Middle East,Turkey,,Istanbul,8,27,2015,77.5
Middle East,Turkey,,Istanbul,8,28,2015,78.2
Middle East,Turkey,,Istanbul,8,29,2015,79.9
Middle East,Turkey,,Istanbul,8,30,2015,79.8
Middle East,Turkey,,Istanbul,8,31,2015,78.9
Middle East,Turkey,,Istanbul,9,1,2015,80.8
Middle East,Turkey,,Istanbul,9,2,2015,79.2
Middle East,Turkey,,Istanbul,9,3,2015,79.0
Middle East,Turkey,,Istanbul,9,4,2015,78.7
Middle East,Turkey,,Istanbul,9,5,2015,78.2
Middle East,Turkey,,Istanbul,9,6,2015,82.7
Middle East,Turkey,,Istanbul,9,7,2015,76.9
Middle East,Turkey,,Istanbul,9,8,2015,75.7
Middle East,Turkey,,Istanbul,9,9,2015,74.8
Middle East,Turkey,,Istanbul,9,10,2015,78.3
Middle East,Turkey,,Istanbul,9,11,2015,78.9
Middle East,Turkey,,Istanbul,9,12,2015,71.5
Middle East,Turkey,,Istanbul,9,13,2015,72.9
Middle East,Turkey,,Istanbul,9,14,2015,73.6
Middle East,Turkey,,Istanbul,9,15,2015,74.0
Middle East,Turkey,,Istanbul,9,16,2015,74.0
Middle East,Turkey,,Istanbul,9,17,2015,75.2
Middle East,Turkey,,Istanbul,9,18,2015,75.1
Middle East,Turkey,,Istanbul,9,19,2015,75.5
Middle East,Turkey,,Istanbul,9,20,2015,73.6
Middle East,Turkey,,Istanbul,9,21,2015,74.0
Middle East,Turkey,,Istanbul,9,22,2015,74.5
Middle East,Turkey,,Istanbul,9,23,2015,73.6
Middle East,Turkey,,Istanbul,9,24,2015,73.6
Middle East,Turkey,,Istanbul,9,25,2015,76.0
Middle East,Turkey,,Istanbul,9,26,2015,75.3
Middle East,Turkey,,Istanbul,9,27,2015,77.0
Middle East,Turkey,,Istanbul,9,28,2015,73.3
Middle East,Turkey,,Istanbul,9,29,2015,64.7
Middle East,Turkey,,Istanbul,9,30,2015,61.7
Middle East,Turkey,,Istanbul,10,1,2015,63.3
Middle East,Turkey,,Istanbul,10,2,2015,65.0
Middle East,Turkey,,Istanbul,10,3,2015,68.6
Middle East,Turkey,,Istanbul,10,4,2015,69.3
Middle East,Turkey,,Istanbul,10,5,2015,68.6
Middle East,Turkey,,Istanbul,10,6,2015,64.9
Middle East,Turkey,,Istanbul,10,7,2015,66.4
Middle East,Turkey,,Istanbul,10,8,2015,65.2
Middle East,Turkey,,Istanbul,10,9,2015,64.5
Middle East,Turkey,,Istanbul,10,10,2015,66.7
Middle East,Turkey,,Istanbul,10,11,2015,67.8
Middle East,Turkey,,Istanbul,10,12,2015,68.3
Middle East,Turkey,,Istanbul,10,13,2015,57.4
Middle East,Turkey,,Istanbul,10,14,2015,63.0
Middle East,Turkey,,Istanbul,10,15,2015,63.4
Middle East,Turkey,,Istanbul,10,16,2015,65.7
Middle East,Turkey,,Istanbul,10,17,2015,65.3
Middle East,Turkey,,Istanbul,10,18,2015,64.7
Middle East,Turkey,,Istanbul,10,19,2015,64.8
Middle East,Turkey,,Istanbul,10,20,2015,66.0
Middle East,Turkey,,Istanbul,10,21,2015,61.0
Middle East,Turkey,,Istanbul,10,22,2015,63.1
Middle East,Turkey,,Istanbul,10,23,2015,60.8
Middle East,Turkey,,Istanbul,10,24,2015,56.7
Middle East,Turkey,,Istanbul,10,25,2015,57.6
Middle East,Turkey,,Istanbul,10,26,2015,58.7
Middle East,Turkey,,Istanbul,10,27,2015,58.7
Middle East,Turkey,,Istanbul,10,28,2015,57.2
Middle East,Turkey,,Istanbul,10,29,2015,58.9
Middle East,Turkey,,Istanbul,10,30,2015,59.2
Middle East,Turkey,,Istanbul,10,31,2015,57.4
Middle East,Turkey,,Istanbul,11,1,2015,56.6
Middle East,Turkey,,Istanbul,11,2,2015,56.7
Middle East,Turkey,,Istanbul,11,3,2015,56.0
Middle East,Turkey,,Istanbul,11,4,2015,56.5
Middle East,Turkey,,Istanbul,11,5,2015,57.2
Middle East,Turkey,,Istanbul,11,6,2015,59.2
Middle East,Turkey,,Istanbul,11,7,2015,58.1
Middle East,Turkey,,Istanbul,11,8,2015,55.2
Middle East,Turkey,,Istanbul,11,9,2015,58.3
Middle East,Turkey,,Istanbul,11,10,2015,58.5
Middle East,Turkey,,Istanbul,11,11,2015,60.7
Middle East,Turkey,,Istanbul,11,12,2015,60.7
Middle East,Turkey,,Istanbul,11,13,2015,60.1
Middle East,Turkey,,Istanbul,11,14,2015,57.0
Middle East,Turkey,,Istanbul,11,15,2015,57.0
Middle East,Turkey,,Istanbul,11,16,2015,56.7
Middle East,Turkey,,Istanbul,11,17,2015,56.5
Middle East,Turkey,,Istanbul,11,18,2015,56.5
Middle East,Turkey,,Istanbul,11,19,2015,58.0
Middle East,Turkey,,Istanbul,11,20,2015,58.6
Middle East,Turkey,,Istanbul,11,21,2015,64.1
Middle East,Turkey,,Istanbul,11,22,2015,66.7
Middle East,Turkey,,Istanbul,11,23,2015,64.9
Middle East,Turkey,,Istanbul,11,24,2015,61.8
Middle East,Turkey,,Istanbul,11,25,2015,60.6
Middle East,Turkey,,Istanbul,11,26,2015,60.3
Middle East,Turkey,,Istanbul,11,27,2015,60.7
Middle East,Turkey,,Istanbul,11,28,2015,57.8
Middle East,Turkey,,Istanbul,11,29,2015,51.7
Middle East,Turkey,,Istanbul,11,30,2015,49.7
Middle East,Turkey,,Istanbul,12,1,2015,54.7
Middle East,Turkey,,Istanbul,12,2,2015,51.9
Middle East,Turkey,,Istanbul,12,3,2015,47.6
Middle East,Turkey,,Istanbul,12,4,2015,48.2
Middle East,Turkey,,Istanbul,12,5,2015,46.8
Middle East,Turkey,,Istanbul,12,6,2015,47.3
Middle East,Turkey,,Istanbul,12,7,2015,49.7
Middle East,Turkey,,Istanbul,12,8,2015,52.3
Middle East,Turkey,,Istanbul,12,9,2015,53.7
Middle East,Turkey,,Istanbul,12,10,2015,51.6
Middle East,Turkey,,Istanbul,12,11,2015,47.8
Middle East,Turkey,,Istanbul,12,12,2015,46.2
Middle East,Turkey,,Istanbul,12,13,2015,45.1
Middle East,Turkey,,Istanbul,12,14,2015,49.6
Middle East,Turkey,,Istanbul,12,15,2015,50.2
Middle East,Turkey,,Istanbul,12,16,2015,48.2
Middle East,Turkey,,Istanbul,12,17,2015,48.1
Middle East,Turkey,,Istanbul,12,18,2015,47.5
Middle East,Turkey,,Istanbul,12,19,2015,48.6
Middle East,Turkey,,Istanbul,12,20,2015,48.1
Middle East,Turkey,,Istanbul,12,21,2015,45.9
Middle East,Turkey,,Istanbul,12,22,2015,48.2
Middle East,Turkey,,Istanbul,12,23,2015,46.5
Middle East,Turkey,,Istanbul,12,24,2015,48.6
Middle East,Turkey,,Istanbul,12,25,2015,48.7
Middle East,Turkey,,Istanbul,12,26,2015,49.8
Middle East,Turkey,,Istanbul,12,27,2015,48.8
Middle East,Turkey,,Istanbul,12,28,2015,47.5
Middle East,Turkey,,Istanbul,12,29,2015,47.6
Middle East,Turkey,,Istanbul,12,30,2015,37.7
Middle East,Turkey,,Istanbul,12,30,2015,-99
Middle East,Turkey,,Istanbul,12,31,2015,-99
Middle East,Turkey,,Istanbul,1,1,2016,29.0
Middle East,Turkey,,Istanbul,1,2,2016,30.3
Middle East,Turkey,,Istanbul,1,3,2016,35.4
Middle East,Turkey,,Istanbul,1,4,2016,40.7
Middle East,Turkey,,Istanbul,1,5,2016,47.3
Middle East,Turkey,,Istanbul,1,6,2016,53.5
Middle East,Turkey,,Istanbul,1,7,2016,52.4
Middle East,Turkey,,Istanbul,1,8,2016,45.7
Middle East,Turkey,,Istanbul,1,9,2016,49.6
Middle East,Turkey,,Istanbul,1,10,2016,51.7
Middle East,Turkey,,Istanbul,1,11,2016,55.0